Oracle,SQL,UML,Java,C++,HTML5,SAP,Visual Studio,Javascript,CSS3,Excel,Microsoft Access,Database,Data Analysis,NoSQL,Systems analyst
Data Visualization tools,SAS,Python,R,Data Analysis,Data Visualization tools,MySQL,SQL,SPSS,Database,Microsoft Access,Microsoft Administration,,,,Business analyst
Java,Oracle,SQL,C++,UML,Javascript,HTML5,SAP,CSS3,Visual Studio,Data Analysis,Excel,Microsoft Access,NoSQL,Database,Systems analyst
Matlab,Python,Data Visualization tools,Data Cleaning,R,Machine Learning,calculus,SQL,NoSQL,Linear Algebra,Database,Excel,Oracle,Data Analysis,,Data analyst
R,Python,Data Analysis,SAS,Data Visualization tools,SPSS,SQL,Database,MySQL,Data Visualization tools,Microsoft Access,Microsoft Administration,,,,Business analyst
Data Cleaning,R,Python,Data Visualization tools,Matlab,NoSQL,Linear Algebra,calculus,SQL,Machine Learning,Database,Excel,Oracle,Data Analysis,,Data analyst
C++,SQL,Java,UML,Oracle,CSS3,SAP,Javascript,Visual Studio,HTML5,NoSQL,Microsoft Access,Data Analysis,Database,Excel,Systems analyst
R,Data Visualization tools,Python,Matlab,Data Cleaning,Linear Algebra,SQL,calculus,Machine Learning,NoSQL,Oracle,Database,Data Analysis,Excel,,Data analyst
R,Python,Data Visualization tools,SAS,Data Analysis,SPSS,SQL,Data Visualization tools,MySQL,Database,Microsoft Access,Microsoft Administration,,,,Business analyst
Data Cleaning,Matlab,R,Data Visualization tools,Python,NoSQL,Machine Learning,Linear Algebra,SQL,calculus,Oracle,Data Analysis,Database,Excel,,Data analyst
Java,UML,SQL,C++,Oracle,Javascript,Visual Studio,SAP,CSS3,HTML5,Data Analysis,Database,Microsoft Access,NoSQL,Excel,Systems analyst
Data Analysis,SAS,Python,Data Visualization tools,R,Database,MySQL,SQL,Data Visualization tools,SPSS,Microsoft Access,Microsoft Administration,,,,Business analyst
Data Visualization tools,Python,Data Analysis,R,SAS,Data Visualization tools,SQL,Database,SPSS,MySQL,Microsoft Access,Microsoft Administration,,,,Business analyst
SAS,Data Analysis,Data Visualization tools,Python,R,MySQL,Database,Data Visualization tools,SQL,SPSS,Microsoft Access,Microsoft Administration,,,,Business analyst
Matlab,R,Python,Data Visualization tools,Data Cleaning,Machine Learning,Linear Algebra,calculus,SQL,NoSQL,Excel,Oracle,Data Analysis,Database,,Data analyst
Data Analysis,SAS,Data Visualization tools,Python,R,Database,MySQL,Data Visualization tools,SQL,SPSS,Microsoft Access,Microsoft Administration,,,,Business analyst
Python,SAS,R,Data Visualization tools,Data Analysis,SQL,MySQL,SPSS,Data Visualization tools,Database,Microsoft Access,Microsoft Administration,,,,Business analyst
Data Analysis,SAS,R,Python,Data Visualization tools,Database,MySQL,SPSS,SQL,Data Visualization tools,Microsoft Access,Microsoft Administration,,,,Business analyst
R,SAS,Python,Data Visualization tools,Data Analysis,SPSS,MySQL,SQL,Data Visualization tools,Database,Microsoft Access,Microsoft Administration,,,,Business analyst
R,Data Visualization tools,Data Cleaning,Matlab,Python,Linear Algebra,SQL,NoSQL,Machine Learning,calculus,Database,Excel,Oracle,Data Analysis,,Data analyst
Data Analysis,Data Visualization tools,R,SAS,Python,Database,Data Visualization tools,SPSS,MySQL,SQL,Microsoft Access,Microsoft Administration,,,,Business analyst
C++,Java,SQL,Oracle,UML,CSS3,Javascript,SAP,HTML5,Visual Studio,NoSQL,Data Analysis,Microsoft Access,Excel,Database,Systems analyst
Java,C++,UML,SQL,Oracle,Javascript,CSS3,Visual Studio,SAP,HTML5,Data Analysis,NoSQL,Database,Microsoft Access,Excel,Systems analyst
Matlab,Data Cleaning,Data Visualization tools,R,Python,Machine Learning,NoSQL,SQL,Linear Algebra,calculus,Data Analysis,Oracle,Excel,Database,,Data analyst
R,Data Visualization tools,Data Analysis,SAS,Python,SPSS,Data Visualization tools,Database,MySQL,SQL,Microsoft Access,Microsoft Administration,,,,Business analyst
R,Data Cleaning,Matlab,Data Visualization tools,Python,Linear Algebra,NoSQL,Machine Learning,SQL,calculus,Database,Oracle,Data Analysis,Excel,,Data analyst
Data Visualization tools,R,SAS,Python,Data Analysis,Data Visualization tools,SPSS,MySQL,SQL,Database,Microsoft Access,Microsoft Administration,,,,Business analyst
R,Data Visualization tools,Matlab,Data Cleaning,Python,Linear Algebra,SQL,Machine Learning,NoSQL,calculus,Database,Excel,Data Analysis,Oracle,,Data analyst
R,Data Visualization tools,Data Analysis,Python,SAS,SPSS,Data Visualization tools,Database,SQL,MySQL,Microsoft Access,Microsoft Administration,,,,Business analyst
Python,Data Cleaning,Data Visualization tools,R,Matlab,calculus,NoSQL,SQL,Linear Algebra,Machine Learning,Oracle,Database,Data Analysis,Excel,,Data analyst
C++,SQL,Java,Oracle,UML,CSS3,SAP,Javascript,HTML5,Visual Studio,NoSQL,Microsoft Access,Data Analysis,Excel,Database,Systems analyst
R,Data Cleaning,Data Visualization tools,Python,Matlab,Linear Algebra,NoSQL,SQL,calculus,Machine Learning,Excel,Database,Data Analysis,Oracle,,Data analyst
C++,Java,SQL,UML,Oracle,CSS3,Javascript,SAP,Visual Studio,HTML5,NoSQL,Data Analysis,Microsoft Access,Database,Excel,Systems analyst
R,Matlab,Data Cleaning,Python,Data Visualization tools,Linear Algebra,Machine Learning,NoSQL,calculus,SQL,Data Analysis,Oracle,Excel,Database,,Data analyst
SAS,Data Visualization tools,Data Analysis,Python,R,MySQL,Data Visualization tools,Database,SQL,SPSS,Microsoft Access,Microsoft Administration,,,,Business analyst
Oracle,SQL,Java,C++,UML,HTML5,SAP,Javascript,CSS3,Visual Studio,Excel,Microsoft Access,Data Analysis,NoSQL,Database,Systems analyst
Matlab,Data Cleaning,Python,Data Visualization tools,R,Machine Learning,NoSQL,calculus,SQL,Linear Algebra,Database,Data Analysis,Excel,Oracle,,Data analyst
R,SAS,Data Analysis,Data Visualization tools,Python,SPSS,MySQL,Database,Data Visualization tools,SQL,Microsoft Access,Microsoft Administration,,,,Business analyst
Data Analysis,R,Data Visualization tools,SAS,Python,Database,SPSS,Data Visualization tools,MySQL,SQL,Microsoft Access,Microsoft Administration,,,,Business analyst
C++,UML,Java,Oracle,SQL,CSS3,Visual Studio,Javascript,HTML5,SAP,NoSQL,Database,Data Analysis,Excel,Microsoft Access,Systems analyst
Data Visualization tools,Python,R,Data Cleaning,Matlab,SQL,calculus,Linear Algebra,NoSQL,Machine Learning,Data Analysis,Oracle,Excel,Database,,Data analyst
Data Visualization tools,Python,SAS,Data Analysis,R,Data Visualization tools,SQL,MySQL,Database,SPSS,Microsoft Access,Microsoft Administration,,,,Business analyst
SAS,Python,Data Visualization tools,Data Analysis,R,MySQL,SQL,Data Visualization tools,Database,SPSS,Microsoft Access,Microsoft Administration,,,,Business analyst
R,Data Visualization tools,Python,SAS,Data Analysis,SPSS,Data Visualization tools,SQL,MySQL,Database,Microsoft Access,Microsoft Administration,,,,Business analyst
UML,Java,Oracle,SQL,C++,Visual Studio,Javascript,HTML5,SAP,CSS3,Database,Data Analysis,Excel,Microsoft Access,NoSQL,Systems analyst
C++,SQL,Oracle,UML,Java,CSS3,SAP,HTML5,Visual Studio,Javascript,NoSQL,Microsoft Access,Excel,Database,Data Analysis,Systems analyst
Python,Data Cleaning,Matlab,R,Data Visualization tools,calculus,NoSQL,Machine Learning,Linear Algebra,SQL,Database,Excel,Oracle,Data Analysis,,Data analyst
Python,Data Analysis,R,SAS,Data Visualization tools,SQL,Database,SPSS,MySQL,Data Visualization tools,Microsoft Access,Microsoft Administration,,,,Business analyst
R,Matlab,Data Visualization tools,Python,Data Cleaning,Linear Algebra,Machine Learning,SQL,calculus,NoSQL,Oracle,Excel,Database,Data Analysis,,Data analyst
Python,R,Data Cleaning,Data Visualization tools,Matlab,calculus,Linear Algebra,NoSQL,SQL,Machine Learning,Oracle,Excel,Database,Data Analysis,,Data analyst
Java,UML,C++,Oracle,SQL,Javascript,Visual Studio,CSS3,HTML5,SAP,Data Analysis,Database,NoSQL,Excel,Microsoft Access,Systems analyst
Java,Oracle,C++,UML,SQL,Javascript,HTML5,CSS3,Visual Studio,SAP,Data Analysis,Excel,NoSQL,Database,Microsoft Access,Systems analyst
Oracle,C++,SQL,UML,Java,HTML5,CSS3,SAP,Visual Studio,Javascript,Excel,NoSQL,Microsoft Access,Database,Data Analysis,Systems analyst
Data Visualization tools,Python,SAS,R,Data Analysis,Data Visualization tools,SQL,MySQL,SPSS,Database,Microsoft Access,Microsoft Administration,,,,Business analyst
C++,SQL,Oracle,Java,UML,CSS3,SAP,HTML5,Javascript,Visual Studio,NoSQL,Microsoft Access,Excel,Data Analysis,Database,Systems analyst
SQL,Java,UML,Oracle,C++,SAP,Javascript,Visual Studio,HTML5,CSS3,Microsoft Access,Data Analysis,Database,Excel,NoSQL,Systems analyst
Python,R,Data Visualization tools,Matlab,Data Cleaning,calculus,Linear Algebra,SQL,Machine Learning,NoSQL,Data Analysis,Oracle,Database,Excel,,Data analyst
R,Data Cleaning,Matlab,Python,Data Visualization tools,Linear Algebra,NoSQL,Machine Learning,calculus,SQL,Data Analysis,Excel,Oracle,Database,,Data analyst
Data Analysis,Data Visualization tools,Python,R,SAS,Database,Data Visualization tools,SQL,SPSS,MySQL,Microsoft Access,Microsoft Administration,,,,Business analyst
SQL,C++,Oracle,UML,Java,SAP,CSS3,HTML5,Visual Studio,Javascript,Microsoft Access,NoSQL,Excel,Database,Data Analysis,Systems analyst
Data Visualization tools,Data Cleaning,R,Matlab,Python,SQL,NoSQL,Linear Algebra,Machine Learning,calculus,Excel,Oracle,Database,Data Analysis,,Data analyst
Data Visualization tools,SAS,R,Python,Data Analysis,Data Visualization tools,MySQL,SPSS,SQL,Database,Microsoft Access,Microsoft Administration,,,,Business analyst
C++,UML,Oracle,SQL,Java,CSS3,Visual Studio,HTML5,SAP,Javascript,NoSQL,Database,Excel,Microsoft Access,Data Analysis,Systems analyst
Matlab,Data Visualization tools,Python,Data Cleaning,R,Machine Learning,SQL,calculus,NoSQL,Linear Algebra,Database,Oracle,Excel,Data Analysis,,Data analyst
UML,Oracle,SQL,C++,Java,Visual Studio,HTML5,SAP,CSS3,Javascript,Database,Excel,Microsoft Access,NoSQL,Data Analysis,Systems analyst
Python,Data Analysis,Data Visualization tools,R,SAS,SQL,Database,Data Visualization tools,SPSS,MySQL,Microsoft Access,Microsoft Administration,,,,Business analyst
Matlab,Python,R,Data Cleaning,Data Visualization tools,Machine Learning,calculus,Linear Algebra,NoSQL,SQL,Oracle,Database,Data Analysis,Excel,,Data analyst
R,Data Cleaning,Python,Data Visualization tools,Matlab,Linear Algebra,NoSQL,calculus,SQL,Machine Learning,Excel,Database,Oracle,Data Analysis,,Data analyst
Data Visualization tools,Matlab,Python,R,Data Cleaning,SQL,Machine Learning,calculus,Linear Algebra,NoSQL,Database,Excel,Data Analysis,Oracle,,Data analyst
Matlab,Python,Data Cleaning,R,Data Visualization tools,Machine Learning,calculus,NoSQL,Linear Algebra,SQL,Oracle,Database,Excel,Data Analysis,,Data analyst
C++,Java,Oracle,SQL,UML,CSS3,Javascript,HTML5,SAP,Visual Studio,NoSQL,Data Analysis,Excel,Microsoft Access,Database,Systems analyst
Oracle,C++,Java,UML,SQL,HTML5,CSS3,Javascript,Visual Studio,SAP,Excel,NoSQL,Data Analysis,Database,Microsoft Access,Systems analyst
R,Data Analysis,Python,Data Visualization tools,SAS,SPSS,Database,SQL,Data Visualization tools,MySQL,Microsoft Access,Microsoft Administration,,,,Business analyst
Data Cleaning,R,Data Visualization tools,Matlab,Python,NoSQL,Linear Algebra,SQL,Machine Learning,calculus,Oracle,Database,Excel,Data Analysis,,Data analyst
SAS,Python,R,Data Analysis,Data Visualization tools,MySQL,SQL,SPSS,Database,Data Visualization tools,Microsoft Access,Microsoft Administration,,,,Business analyst
Data Visualization tools,Python,Matlab,Data Cleaning,R,SQL,calculus,Machine Learning,NoSQL,Linear Algebra,Oracle,Excel,Database,Data Analysis,,Data analyst
UML,C++,Oracle,SQL,Java,Visual Studio,CSS3,HTML5,SAP,Javascript,Database,NoSQL,Excel,Microsoft Access,Data Analysis,Systems analyst
Matlab,Data Cleaning,R,Data Visualization tools,Python,Machine Learning,NoSQL,Linear Algebra,SQL,calculus,Data Analysis,Oracle,Database,Excel,,Data analyst
UML,Oracle,Java,C++,SQL,Visual Studio,HTML5,Javascript,CSS3,SAP,Database,Excel,Data Analysis,NoSQL,Microsoft Access,Systems analyst
UML,Oracle,C++,SQL,Java,Visual Studio,HTML5,CSS3,SAP,Javascript,Database,Excel,NoSQL,Microsoft Access,Data Analysis,Systems analyst
SQL,C++,UML,Oracle,Java,SAP,CSS3,Visual Studio,HTML5,Javascript,Microsoft Access,NoSQL,Database,Excel,Data Analysis,Systems analyst
SQL,UML,C++,Java,Oracle,SAP,Visual Studio,CSS3,Javascript,HTML5,Microsoft Access,Database,NoSQL,Data Analysis,Excel,Systems analyst
SAS,Data Analysis,Python,Data Visualization tools,R,MySQL,Database,SQL,Data Visualization tools,SPSS,Microsoft Access,Microsoft Administration,,,,Business analyst
Data Visualization tools,R,Data Cleaning,Matlab,Python,SQL,Linear Algebra,NoSQL,Machine Learning,calculus,Excel,Database,Oracle,Data Analysis,,Data analyst
Data Visualization tools,Data Cleaning,Matlab,Python,R,SQL,NoSQL,Machine Learning,calculus,Linear Algebra,Oracle,Data Analysis,Database,Excel,,Data analyst
Oracle,UML,Java,C++,SQL,HTML5,Visual Studio,Javascript,CSS3,SAP,Excel,Database,Data Analysis,NoSQL,Microsoft Access,Systems analyst
Python,Data Visualization tools,Data Analysis,SAS,R,SQL,Data Visualization tools,Database,MySQL,SPSS,Microsoft Access,Microsoft Administration,,,,Business analyst
Java,Oracle,UML,C++,SQL,Javascript,HTML5,Visual Studio,CSS3,SAP,Data Analysis,Excel,Database,NoSQL,Microsoft Access,Systems analyst
C++,Oracle,SQL,UML,Java,CSS3,HTML5,SAP,Visual Studio,Javascript,NoSQL,Excel,Microsoft Access,Database,Data Analysis,Systems analyst
R,Matlab,Data Visualization tools,Data Cleaning,Python,Linear Algebra,Machine Learning,SQL,NoSQL,calculus,Database,Data Analysis,Excel,Oracle,,Data analyst
SQL,Oracle,UML,C++,Java,SAP,HTML5,Visual Studio,CSS3,Javascript,Microsoft Access,Excel,Database,NoSQL,Data Analysis,Systems analyst
Data Cleaning,Matlab,Python,R,Data Visualization tools,NoSQL,Machine Learning,calculus,Linear Algebra,SQL,Excel,Oracle,Database,Data Analysis,,Data analyst
Java,SQL,UML,Oracle,C++,Javascript,SAP,Visual Studio,HTML5,CSS3,Data Analysis,Microsoft Access,Database,Excel,NoSQL,Systems analyst
Java,C++,SQL,Oracle,UML,Javascript,CSS3,SAP,HTML5,Visual Studio,Data Analysis,NoSQL,Microsoft Access,Excel,Database,Systems analyst
R,SAS,Data Visualization tools,Python,Data Analysis,SPSS,MySQL,Data Visualization tools,SQL,Database,Microsoft Access,Microsoft Administration,,,,Business analyst
Data Cleaning,Python,Data Visualization tools,R,Matlab,NoSQL,calculus,SQL,Linear Algebra,Machine Learning,Database,Oracle,Data Analysis,Excel,,Data analyst
Python,R,Matlab,Data Visualization tools,Data Cleaning,calculus,Linear Algebra,Machine Learning,SQL,NoSQL,Data Analysis,Oracle,Excel,Database,,Data analyst
Python,R,Data Visualization tools,Data Analysis,SAS,SQL,SPSS,Data Visualization tools,Database,MySQL,Microsoft Access,Microsoft Administration,,,,Business analyst
SQL,Java,C++,UML,Oracle,SAP,Javascript,CSS3,Visual Studio,HTML5,Microsoft Access,Data Analysis,NoSQL,Database,Excel,Systems analyst
Data Analysis,R,Data Visualization tools,Python,SAS,Database,SPSS,Data Visualization tools,SQL,MySQL,Microsoft Access,Microsoft Administration,,,,Business analyst
Python,Data Analysis,SAS,R,Data Visualization tools,SQL,Database,MySQL,SPSS,Data Visualization tools,Microsoft Access,Microsoft Administration,,,,Business analyst
Data Analysis,Python,SAS,R,Data Visualization tools,Database,SQL,MySQL,SPSS,Data Visualization tools,Microsoft Access,Microsoft Administration,,,,Business analyst
Data Analysis,SAS,Data Visualization tools,R,Python,Database,MySQL,Data Visualization tools,SPSS,SQL,Microsoft Access,Microsoft Administration,,,,Business analyst
Oracle,Java,C++,UML,SQL,HTML5,Javascript,CSS3,Visual Studio,SAP,Excel,Data Analysis,NoSQL,Database,Microsoft Access,Systems analyst
Python,SAS,Data Visualization tools,R,Data Analysis,SQL,MySQL,Data Visualization tools,SPSS,Database,Microsoft Access,Microsoft Administration,,,,Business analyst
Matlab,Python,Data Visualization tools,R,Data Cleaning,Machine Learning,calculus,SQL,Linear Algebra,NoSQL,Excel,Data Analysis,Database,Oracle,,Data analyst
Oracle,Java,C++,SQL,UML,HTML5,Javascript,CSS3,SAP,Visual Studio,Excel,Data Analysis,NoSQL,Microsoft Access,Database,Systems analyst
Matlab,R,Data Cleaning,Data Visualization tools,Python,Machine Learning,Linear Algebra,NoSQL,SQL,calculus,Data Analysis,Database,Oracle,Excel,,Data analyst
SAS,R,Data Visualization tools,Python,Data Analysis,MySQL,SPSS,Data Visualization tools,SQL,Database,Microsoft Access,Microsoft Administration,,,,Business analyst
Python,R,SAS,Data Visualization tools,Data Analysis,SQL,SPSS,MySQL,Data Visualization tools,Database,Microsoft Access,Microsoft Administration,,,,Business analyst
C++,SQL,UML,Java,Oracle,CSS3,SAP,Visual Studio,Javascript,HTML5,NoSQL,Microsoft Access,Database,Data Analysis,Excel,Systems analyst
Python,SAS,Data Analysis,R,Data Visualization tools,SQL,MySQL,Database,SPSS,Data Visualization tools,Microsoft Access,Microsoft Administration,,,,Business analyst
Java,C++,Oracle,SQL,UML,Javascript,CSS3,HTML5,SAP,Visual Studio,Data Analysis,NoSQL,Excel,Microsoft Access,Database,Systems analyst
UML,Java,SQL,Oracle,C++,Visual Studio,Javascript,SAP,HTML5,CSS3,Database,Data Analysis,Microsoft Access,Excel,NoSQL,Systems analyst
Data Cleaning,R,Matlab,Data Visualization tools,Python,NoSQL,Linear Algebra,Machine Learning,SQL,calculus,Oracle,Database,Data Analysis,Excel,,Data analyst
UML,SQL,C++,Java,Oracle,Visual Studio,SAP,CSS3,Javascript,HTML5,Database,Microsoft Access,NoSQL,Data Analysis,Excel,Systems analyst
Data Visualization tools,Matlab,R,Python,Data Cleaning,SQL,Machine Learning,Linear Algebra,calculus,NoSQL,Database,Excel,Oracle,Data Analysis,,Data analyst
R,SAS,Data Visualization tools,Data Analysis,Python,SPSS,MySQL,Data Visualization tools,Database,SQL,Microsoft Access,Microsoft Administration,,,,Business analyst
UML,SQL,Oracle,C++,Java,Visual Studio,SAP,HTML5,CSS3,Javascript,Database,Microsoft Access,Excel,NoSQL,Data Analysis,Systems analyst
Data Visualization tools,Matlab,Data Cleaning,Python,R,SQL,Machine Learning,NoSQL,calculus,Linear Algebra,Oracle,Database,Data Analysis,Excel,,Data analyst
Python,Matlab,Data Cleaning,R,Data Visualization tools,calculus,Machine Learning,NoSQL,Linear Algebra,SQL,Database,Oracle,Excel,Data Analysis,,Data analyst
R,Matlab,Python,Data Cleaning,Data Visualization tools,Linear Algebra,Machine Learning,calculus,NoSQL,SQL,Data Analysis,Oracle,Database,Excel,,Data analyst
R,Data Analysis,Python,SAS,Data Visualization tools,SPSS,Database,SQL,MySQL,Data Visualization tools,Microsoft Access,Microsoft Administration,,,,Business analyst
Data Visualization tools,SAS,Data Analysis,R,Python,Data Visualization tools,MySQL,Database,SPSS,SQL,Microsoft Access,Microsoft Administration,,,,Business analyst
C++,UML,Java,SQL,Oracle,CSS3,Visual Studio,Javascript,SAP,HTML5,NoSQL,Database,Data Analysis,Microsoft Access,Excel,Systems analyst
R,Data Visualization tools,Python,Data Cleaning,Matlab,Linear Algebra,SQL,calculus,NoSQL,Machine Learning,Excel,Data Analysis,Oracle,Database,,Data analyst
Python,Matlab,Data Visualization tools,Data Cleaning,R,calculus,Machine Learning,SQL,NoSQL,Linear Algebra,Excel,Database,Oracle,Data Analysis,,Data analyst
SAS,Python,Data Analysis,R,Data Visualization tools,MySQL,SQL,Database,SPSS,Data Visualization tools,Microsoft Access,Microsoft Administration,,,,Business analyst
C++,Java,UML,Oracle,SQL,CSS3,Javascript,Visual Studio,HTML5,SAP,NoSQL,Data Analysis,Database,Excel,Microsoft Access,Systems analyst
Data Analysis,Data Visualization tools,SAS,R,Python,Database,Data Visualization tools,MySQL,SPSS,SQL,Microsoft Access,Microsoft Administration,,,,Business analyst
SQL,C++,Oracle,Java,UML,SAP,CSS3,HTML5,Javascript,Visual Studio,Microsoft Access,NoSQL,Excel,Data Analysis,Database,Systems analyst
SQL,Java,UML,C++,Oracle,SAP,Javascript,Visual Studio,CSS3,HTML5,Microsoft Access,Data Analysis,Database,NoSQL,Excel,Systems analyst
Data Visualization tools,R,Python,Matlab,Data Cleaning,SQL,Linear Algebra,calculus,Machine Learning,NoSQL,Database,Oracle,Data Analysis,Excel,,Data analyst
Data Visualization tools,SAS,Python,Data Analysis,R,Data Visualization tools,MySQL,SQL,Database,SPSS,Microsoft Access,Microsoft Administration,,,,Business analyst
Python,Data Visualization tools,R,Data Analysis,SAS,SQL,Data Visualization tools,SPSS,Database,MySQL,Microsoft Access,Microsoft Administration,,,,Business analyst
Data Visualization tools,Data Analysis,R,SAS,Python,Data Visualization tools,Database,SPSS,MySQL,SQL,Microsoft Access,Microsoft Administration,,,,Business analyst
Data Analysis,SAS,Python,R,Data Visualization tools,Database,MySQL,SQL,SPSS,Data Visualization tools,Microsoft Access,Microsoft Administration,,,,Business analyst
Data Cleaning,Data Visualization tools,R,Python,Matlab,NoSQL,SQL,Linear Algebra,calculus,Machine Learning,Database,Data Analysis,Excel,Oracle,,Data analyst
SQL,Java,C++,Oracle,UML,SAP,Javascript,CSS3,HTML5,Visual Studio,Microsoft Access,Data Analysis,NoSQL,Excel,Database,Systems analyst
Python,Data Cleaning,R,Data Visualization tools,Matlab,calculus,NoSQL,Linear Algebra,SQL,Machine Learning,Oracle,Database,Excel,Data Analysis,,Data analyst
Java,Oracle,UML,SQL,C++,Javascript,HTML5,Visual Studio,SAP,CSS3,Data Analysis,Excel,Database,Microsoft Access,NoSQL,Systems analyst
Data Cleaning,R,Matlab,Python,Data Visualization tools,NoSQL,Linear Algebra,Machine Learning,calculus,SQL,Excel,Data Analysis,Oracle,Database,,Data analyst
R,Python,Data Cleaning,Data Visualization tools,Matlab,Linear Algebra,calculus,NoSQL,SQL,Machine Learning,Excel,Oracle,Database,Data Analysis,,Data analyst
Python,Data Analysis,SAS,Data Visualization tools,R,SQL,Database,MySQL,Data Visualization tools,SPSS,Microsoft Access,Microsoft Administration,,,,Business analyst
Python,Data Analysis,R,Data Visualization tools,SAS,SQL,Database,SPSS,Data Visualization tools,MySQL,Microsoft Access,Microsoft Administration,,,,Business analyst
Data Cleaning,Data Visualization tools,Matlab,R,Python,NoSQL,SQL,Machine Learning,Linear Algebra,calculus,Oracle,Excel,Data Analysis,Database,,Data analyst
SAS,Python,Data Visualization tools,R,Data Analysis,MySQL,SQL,Data Visualization tools,SPSS,Database,Microsoft Access,Microsoft Administration,,,,Business analyst
Python,SAS,R,Data Analysis,Data Visualization tools,SQL,MySQL,SPSS,Database,Data Visualization tools,Microsoft Access,Microsoft Administration,,,,Business analyst
Data Visualization tools,Data Analysis,SAS,R,Python,Data Visualization tools,Database,MySQL,SPSS,SQL,Microsoft Access,Microsoft Administration,,,,Business analyst
Python,Data Visualization tools,Data Analysis,R,SAS,SQL,Data Visualization tools,Database,SPSS,MySQL,Microsoft Access,Microsoft Administration,,,,Business analyst
SQL,UML,Java,Oracle,C++,SAP,Visual Studio,Javascript,HTML5,CSS3,Microsoft Access,Database,Data Analysis,Excel,NoSQL,Systems analyst
R,Python,Matlab,Data Cleaning,Data Visualization tools,Linear Algebra,calculus,Machine Learning,NoSQL,SQL,Data Analysis,Database,Oracle,Excel,,Data analyst
R,Data Visualization tools,Matlab,Python,Data Cleaning,Linear Algebra,SQL,Machine Learning,calculus,NoSQL,Oracle,Database,Excel,Data Analysis,,Data analyst
UML,C++,SQL,Oracle,Java,Visual Studio,CSS3,SAP,HTML5,Javascript,Database,NoSQL,Microsoft Access,Excel,Data Analysis,Systems analyst
Python,Matlab,Data Visualization tools,R,Data Cleaning,calculus,Machine Learning,SQL,Linear Algebra,NoSQL,Data Analysis,Excel,Database,Oracle,,Data analyst
Oracle,UML,SQL,Java,C++,HTML5,Visual Studio,SAP,Javascript,CSS3,Excel,Database,Microsoft Access,Data Analysis,NoSQL,Systems analyst
Python,Matlab,Data Cleaning,Data Visualization tools,R,calculus,Machine Learning,NoSQL,SQL,Linear Algebra,Excel,Database,Data Analysis,Oracle,,Data analyst
Matlab,Data Cleaning,R,Python,Data Visualization tools,Machine Learning,NoSQL,Linear Algebra,calculus,SQL,Oracle,Excel,Data Analysis,Database,,Data analyst
Python,R,SAS,Data Analysis,Data Visualization tools,SQL,SPSS,MySQL,Database,Data Visualization tools,Microsoft Access,Microsoft Administration,,,,Business analyst
Data Analysis,R,Python,SAS,Data Visualization tools,Database,SPSS,SQL,MySQL,Data Visualization tools,Microsoft Access,Microsoft Administration,,,,Business analyst
Data Cleaning,Python,Matlab,R,Data Visualization tools,NoSQL,calculus,Machine Learning,Linear Algebra,SQL,Excel,Database,Oracle,Data Analysis,,Data analyst
SQL,Oracle,UML,Java,C++,SAP,HTML5,Visual Studio,Javascript,CSS3,Microsoft Access,Excel,Database,Data Analysis,NoSQL,Systems analyst
Data Visualization tools,Matlab,Data Cleaning,R,Python,SQL,Machine Learning,NoSQL,Linear Algebra,calculus,Excel,Data Analysis,Oracle,Database,,Data analyst
Oracle,C++,UML,Java,SQL,HTML5,CSS3,Visual Studio,Javascript,SAP,Excel,NoSQL,Database,Data Analysis,Microsoft Access,Systems analyst
Matlab,Data Visualization tools,Python,R,Data Cleaning,Machine Learning,SQL,calculus,Linear Algebra,NoSQL,Excel,Database,Data Analysis,Oracle,,Data analyst
Data Analysis,Python,Data Visualization tools,SAS,R,Database,SQL,Data Visualization tools,MySQL,SPSS,Microsoft Access,Microsoft Administration,,,,Business analyst
Java,C++,UML,Oracle,SQL,Javascript,CSS3,Visual Studio,HTML5,SAP,Data Analysis,NoSQL,Database,Excel,Microsoft Access,Systems analyst
Data Cleaning,Matlab,R,Python,Data Visualization tools,NoSQL,Machine Learning,Linear Algebra,calculus,SQL,Excel,Oracle,Data Analysis,Database,,Data analyst
UML,Java,Oracle,C++,SQL,Visual Studio,Javascript,HTML5,CSS3,SAP,Database,Data Analysis,Excel,NoSQL,Microsoft Access,Systems analyst
UML,Java,C++,Oracle,SQL,Visual Studio,Javascript,CSS3,HTML5,SAP,Database,Data Analysis,NoSQL,Excel,Microsoft Access,Systems analyst
Matlab,R,Data Visualization tools,Data Cleaning,Python,Machine Learning,Linear Algebra,SQL,NoSQL,calculus,Data Analysis,Database,Excel,Oracle,,Data analyst
SQL,UML,Oracle,C++,Java,SAP,Visual Studio,HTML5,CSS3,Javascript,Microsoft Access,Database,Excel,NoSQL,Data Analysis,Systems analyst
Data Visualization tools,Matlab,Python,Data Cleaning,R,SQL,Machine Learning,calculus,NoSQL,Linear Algebra,Oracle,Database,Excel,Data Analysis,,Data analyst
UML,SQL,Java,C++,Oracle,Visual Studio,SAP,Javascript,CSS3,HTML5,Database,Microsoft Access,Data Analysis,NoSQL,Excel,Systems analyst
Java,UML,SQL,Oracle,C++,Javascript,Visual Studio,SAP,HTML5,CSS3,Data Analysis,Database,Microsoft Access,Excel,NoSQL,Systems analyst
Python,R,Data Analysis,SAS,Data Visualization tools,SQL,SPSS,Database,MySQL,Data Visualization tools,Microsoft Access,Microsoft Administration,,,,Business analyst
R,Data Visualization tools,Python,Data Analysis,SAS,SPSS,Data Visualization tools,SQL,Database,MySQL,Microsoft Access,Microsoft Administration,,,,Business analyst
Matlab,R,Data Cleaning,Python,Data Visualization tools,Machine Learning,Linear Algebra,NoSQL,calculus,SQL,Oracle,Data Analysis,Excel,Database,,Data analyst
SAS,Python,Data Analysis,Data Visualization tools,R,MySQL,SQL,Database,Data Visualization tools,SPSS,Microsoft Access,Microsoft Administration,,,,Business analyst
Data Visualization tools,Python,R,Matlab,Data Cleaning,SQL,calculus,Linear Algebra,Machine Learning,NoSQL,Database,Data Analysis,Oracle,Excel,,Data analyst
R,Matlab,Data Cleaning,Data Visualization tools,Python,Linear Algebra,Machine Learning,NoSQL,SQL,calculus,Database,Data Analysis,Oracle,Excel,,Data analyst
Python,Matlab,R,Data Cleaning,Data Visualization tools,calculus,Machine Learning,Linear Algebra,NoSQL,SQL,Database,Oracle,Data Analysis,Excel,,Data analyst
UML,C++,SQL,Java,Oracle,Visual Studio,CSS3,SAP,Javascript,HTML5,Database,NoSQL,Microsoft Access,Data Analysis,Excel,Systems analyst
Python,SAS,Data Analysis,Data Visualization tools,R,SQL,MySQL,Database,Data Visualization tools,SPSS,Microsoft Access,Microsoft Administration,,,,Business analyst
C++,Oracle,UML,Java,SQL,CSS3,HTML5,Visual Studio,Javascript,SAP,NoSQL,Excel,Database,Data Analysis,Microsoft Access,Systems analyst
SQL,Oracle,Java,UML,C++,SAP,HTML5,Javascript,Visual Studio,CSS3,Microsoft Access,Excel,Data Analysis,Database,NoSQL,Systems analyst
Python,Matlab,R,Data Visualization tools,Data Cleaning,calculus,Machine Learning,Linear Algebra,SQL,NoSQL,Data Analysis,Excel,Oracle,Database,,Data analyst
Oracle,Java,UML,C++,SQL,HTML5,Javascript,Visual Studio,CSS3,SAP,Excel,Data Analysis,Database,NoSQL,Microsoft Access,Systems analyst
SAS,Python,R,Data Visualization tools,Data Analysis,MySQL,SQL,SPSS,Data Visualization tools,Database,Microsoft Access,Microsoft Administration,,,,Business analyst
Data Cleaning,Matlab,Data Visualization tools,R,Python,NoSQL,Machine Learning,SQL,Linear Algebra,calculus,Oracle,Data Analysis,Excel,Database,,Data analyst
R,Python,Data Visualization tools,Matlab,Data Cleaning,Linear Algebra,calculus,SQL,Machine Learning,NoSQL,Oracle,Data Analysis,Database,Excel,,Data analyst
Data Analysis,SAS,R,Data Visualization tools,Python,Database,MySQL,SPSS,Data Visualization tools,SQL,Microsoft Access,Microsoft Administration,,,,Business analyst
Python,Data Visualization tools,R,Matlab,Data Cleaning,calculus,SQL,Linear Algebra,Machine Learning,NoSQL,Data Analysis,Database,Oracle,Excel,,Data analyst
SAS,Data Analysis,R,Python,Data Visualization tools,MySQL,Database,SPSS,SQL,Data Visualization tools,Microsoft Access,Microsoft Administration,,,,Business analyst
Python,Data Visualization tools,SAS,Data Analysis,R,SQL,Data Visualization tools,MySQL,Database,SPSS,Microsoft Access,Microsoft Administration,,,,Business analyst
Oracle,Java,UML,SQL,C++,HTML5,Javascript,Visual Studio,SAP,CSS3,Excel,Data Analysis,Database,Microsoft Access,NoSQL,Systems analyst
C++,Oracle,Java,SQL,UML,CSS3,HTML5,Javascript,SAP,Visual Studio,NoSQL,Excel,Data Analysis,Microsoft Access,Database,Systems analyst
Data Visualization tools,SAS,Data Analysis,Python,R,Data Visualization tools,MySQL,Database,SQL,SPSS,Microsoft Access,Microsoft Administration,,,,Business analyst
SAS,Data Analysis,R,Data Visualization tools,Python,MySQL,Database,SPSS,Data Visualization tools,SQL,Microsoft Access,Microsoft Administration,,,,Business analyst
C++,Oracle,Java,UML,SQL,CSS3,HTML5,Javascript,Visual Studio,SAP,NoSQL,Excel,Data Analysis,Database,Microsoft Access,Systems analyst
Data Visualization tools,SAS,R,Data Analysis,Python,Data Visualization tools,MySQL,SPSS,Database,SQL,Microsoft Access,Microsoft Administration,,,,Business analyst
Matlab,R,Python,Data Cleaning,Data Visualization tools,Machine Learning,Linear Algebra,calculus,NoSQL,SQL,Oracle,Data Analysis,Database,Excel,,Data analyst
Data Visualization tools,Data Analysis,R,Python,SAS,Data Visualization tools,Database,SPSS,SQL,MySQL,Microsoft Access,Microsoft Administration,,,,Business analyst
R,Python,SAS,Data Analysis,Data Visualization tools,SPSS,SQL,MySQL,Database,Data Visualization tools,Microsoft Access,Microsoft Administration,,,,Business analyst
C++,UML,Oracle,Java,SQL,CSS3,Visual Studio,HTML5,Javascript,SAP,NoSQL,Database,Excel,Data Analysis,Microsoft Access,Systems analyst
UML,C++,Java,SQL,Oracle,Visual Studio,CSS3,Javascript,SAP,HTML5,Database,NoSQL,Data Analysis,Microsoft Access,Excel,Systems analyst
Data Visualization tools,R,Matlab,Python,Data Cleaning,SQL,Linear Algebra,Machine Learning,calculus,NoSQL,Database,Oracle,Excel,Data Analysis,,Data analyst
Data Visualization tools,Python,Data Cleaning,R,Matlab,SQL,calculus,NoSQL,Linear Algebra,Machine Learning,Data Analysis,Oracle,Database,Excel,,Data analyst
C++,Oracle,UML,SQL,Java,CSS3,HTML5,Visual Studio,SAP,Javascript,NoSQL,Excel,Database,Microsoft Access,Data Analysis,Systems analyst
Matlab,Data Cleaning,Python,R,Data Visualization tools,Machine Learning,NoSQL,calculus,Linear Algebra,SQL,Oracle,Excel,Database,Data Analysis,,Data analyst
Java,SQL,UML,C++,Oracle,Javascript,SAP,Visual Studio,CSS3,HTML5,Data Analysis,Microsoft Access,Database,NoSQL,Excel,Systems analyst
Data Visualization tools,R,Python,Data Analysis,SAS,Data Visualization tools,SPSS,SQL,Database,MySQL,Microsoft Access,Microsoft Administration,,,,Business analyst
Oracle,UML,C++,Java,SQL,HTML5,Visual Studio,CSS3,Javascript,SAP,Excel,Database,NoSQL,Data Analysis,Microsoft Access,Systems analyst
Matlab,Python,Data Cleaning,Data Visualization tools,R,Machine Learning,calculus,NoSQL,SQL,Linear Algebra,Database,Excel,Data Analysis,Oracle,,Data analyst
SQL,UML,C++,Oracle,Java,SAP,Visual Studio,CSS3,HTML5,Javascript,Microsoft Access,Database,NoSQL,Excel,Data Analysis,Systems analyst
Data Cleaning,Matlab,Python,Data Visualization tools,R,NoSQL,Machine Learning,calculus,SQL,Linear Algebra,Data Analysis,Database,Excel,Oracle,,Data analyst
SQL,Oracle,C++,Java,UML,SAP,HTML5,CSS3,Javascript,Visual Studio,Microsoft Access,Excel,NoSQL,Data Analysis,Database,Systems analyst
UML,SQL,Java,Oracle,C++,Visual Studio,SAP,Javascript,HTML5,CSS3,Database,Microsoft Access,Data Analysis,Excel,NoSQL,Systems analyst
Data Analysis,R,SAS,Python,Data Visualization tools,Database,SPSS,MySQL,SQL,Data Visualization tools,Microsoft Access,Microsoft Administration,,,,Business analyst
Data Visualization tools,Data Cleaning,Matlab,R,Python,SQL,NoSQL,Machine Learning,Linear Algebra,calculus,Excel,Oracle,Data Analysis,Database,,Data analyst
SAS,Data Visualization tools,R,Python,Data Analysis,MySQL,Data Visualization tools,SPSS,SQL,Database,Microsoft Access,Microsoft Administration,,,,Business analyst
R,Data Cleaning,Data Visualization tools,Matlab,Python,Linear Algebra,NoSQL,SQL,Machine Learning,calculus,Database,Oracle,Excel,Data Analysis,,Data analyst
Java,C++,Oracle,UML,SQL,Javascript,CSS3,HTML5,Visual Studio,SAP,Data Analysis,NoSQL,Excel,Database,Microsoft Access,Systems analyst
UML,Oracle,Java,SQL,C++,Visual Studio,HTML5,Javascript,SAP,CSS3,Database,Excel,Data Analysis,Microsoft Access,NoSQL,Systems analyst
Python,Data Cleaning,R,Matlab,Data Visualization tools,calculus,NoSQL,Linear Algebra,Machine Learning,SQL,Database,Excel,Data Analysis,Oracle,,Data analyst
Data Analysis,R,Python,Data Visualization tools,SAS,Database,SPSS,SQL,Data Visualization tools,MySQL,Microsoft Access,Microsoft Administration,,,,Business analyst
Java,SQL,C++,Oracle,UML,Javascript,SAP,CSS3,HTML5,Visual Studio,Data Analysis,Microsoft Access,NoSQL,Excel,Database,Systems analyst
R,Data Visualization tools,Data Cleaning,Python,Matlab,Linear Algebra,SQL,NoSQL,calculus,Machine Learning,Excel,Data Analysis,Database,Oracle,,Data analyst
Matlab,Data Visualization tools,Data Cleaning,Python,R,Machine Learning,SQL,NoSQL,calculus,Linear Algebra,Database,Oracle,Data Analysis,Excel,,Data analyst
Data Cleaning,Data Visualization tools,Matlab,Python,R,NoSQL,SQL,Machine Learning,calculus,Linear Algebra,Data Analysis,Oracle,Database,Excel,,Data analyst
Matlab,Data Visualization tools,R,Python,Data Cleaning,Machine Learning,SQL,Linear Algebra,calculus,NoSQL,Excel,Database,Oracle,Data Analysis,,Data analyst
SAS,R,Python,Data Visualization tools,Data Analysis,MySQL,SPSS,SQL,Data Visualization tools,Database,Microsoft Access,Microsoft Administration,,,,Business analyst
Python,Data Cleaning,Matlab,Data Visualization tools,R,calculus,NoSQL,Machine Learning,SQL,Linear Algebra,Excel,Data Analysis,Database,Oracle,,Data analyst
Data Visualization tools,R,Data Analysis,SAS,Python,Data Visualization tools,SPSS,Database,MySQL,SQL,Microsoft Access,Microsoft Administration,,,,Business analyst
R,Data Visualization tools,SAS,Data Analysis,Python,SPSS,Data Visualization tools,MySQL,Database,SQL,Microsoft Access,Microsoft Administration,,,,Business analyst
C++,SQL,UML,Oracle,Java,CSS3,SAP,Visual Studio,HTML5,Javascript,NoSQL,Microsoft Access,Database,Excel,Data Analysis,Systems analyst
Oracle,C++,UML,SQL,Java,HTML5,CSS3,Visual Studio,SAP,Javascript,Excel,NoSQL,Database,Microsoft Access,Data Analysis,Systems analyst
SAS,Data Visualization tools,Python,Data Analysis,R,MySQL,Data Visualization tools,SQL,Database,SPSS,Microsoft Access,Microsoft Administration,,,,Business analyst
Data Analysis,Python,SAS,Data Visualization tools,R,Database,SQL,MySQL,Data Visualization tools,SPSS,Microsoft Access,Microsoft Administration,,,,Business analyst
SQL,Oracle,Java,C++,UML,SAP,HTML5,Javascript,CSS3,Visual Studio,Microsoft Access,Excel,Data Analysis,NoSQL,Database,Systems analyst
Java,UML,Oracle,C++,SQL,Javascript,Visual Studio,HTML5,CSS3,SAP,Data Analysis,Database,Excel,NoSQL,Microsoft Access,Systems analyst
SAS,R,Python,Data Analysis,Data Visualization tools,MySQL,SPSS,SQL,Database,Data Visualization tools,Microsoft Access,Microsoft Administration,,,,Business analyst
SQL,UML,Oracle,Java,C++,SAP,Visual Studio,HTML5,Javascript,CSS3,Microsoft Access,Database,Excel,Data Analysis,NoSQL,Systems analyst
Data Visualization tools,Python,Data Analysis,SAS,R,Data Visualization tools,SQL,Database,MySQL,SPSS,Microsoft Access,Microsoft Administration,,,,Business analyst
Data Analysis,R,SAS,Data Visualization tools,Python,Database,SPSS,MySQL,Data Visualization tools,SQL,Microsoft Access,Microsoft Administration,,,,Business analyst
Java,Oracle,C++,SQL,UML,Javascript,HTML5,CSS3,SAP,Visual Studio,Data Analysis,Excel,NoSQL,Microsoft Access,Database,Systems analyst
SQL,UML,Java,C++,Oracle,SAP,Visual Studio,Javascript,CSS3,HTML5,Microsoft Access,Database,Data Analysis,NoSQL,Excel,Systems analyst
Data Analysis,Python,R,SAS,Data Visualization tools,Database,SQL,SPSS,MySQL,Data Visualization tools,Microsoft Access,Microsoft Administration,,,,Business analyst
UML,C++,Java,Oracle,SQL,Visual Studio,CSS3,Javascript,HTML5,SAP,Database,NoSQL,Data Analysis,Excel,Microsoft Access,Systems analyst
Oracle,UML,Java,SQL,C++,HTML5,Visual Studio,Javascript,SAP,CSS3,Excel,Database,Data Analysis,Microsoft Access,NoSQL,Systems analyst
Data Visualization tools,Matlab,R,Data Cleaning,Python,SQL,Machine Learning,Linear Algebra,NoSQL,calculus,Excel,Data Analysis,Database,Oracle,,Data analyst
UML,C++,Oracle,Java,SQL,Visual Studio,CSS3,HTML5,Javascript,SAP,Database,NoSQL,Excel,Data Analysis,Microsoft Access,Systems analyst
Python,R,Data Analysis,Data Visualization tools,SAS,SQL,SPSS,Database,Data Visualization tools,MySQL,Microsoft Access,Microsoft Administration,,,,Business analyst
Data Cleaning,Data Visualization tools,Python,R,Matlab,NoSQL,SQL,calculus,Linear Algebra,Machine Learning,Database,Data Analysis,Oracle,Excel,,Data analyst
UML,Java,SQL,C++,Oracle,Visual Studio,Javascript,SAP,CSS3,HTML5,Database,Data Analysis,Microsoft Access,NoSQL,Excel,Systems analyst
Oracle,SQL,C++,Java,UML,HTML5,SAP,CSS3,Javascript,Visual Studio,Excel,Microsoft Access,NoSQL,Data Analysis,Database,Systems analyst
Matlab,Data Visualization tools,R,Data Cleaning,Python,Machine Learning,SQL,Linear Algebra,NoSQL,calculus,Data Analysis,Excel,Database,Oracle,,Data analyst
Java,UML,C++,SQL,Oracle,Javascript,Visual Studio,CSS3,SAP,HTML5,Data Analysis,Database,NoSQL,Microsoft Access,Excel,Systems analyst
Oracle,SQL,C++,UML,Java,HTML5,SAP,CSS3,Visual Studio,Javascript,Excel,Microsoft Access,NoSQL,Database,Data Analysis,Systems analyst
Oracle,C++,Java,SQL,UML,HTML5,CSS3,Javascript,SAP,Visual Studio,Excel,NoSQL,Data Analysis,Microsoft Access,Database,Systems analyst
Data Visualization tools,R,Python,Data Cleaning,Matlab,SQL,Linear Algebra,calculus,NoSQL,Machine Learning,Data Analysis,Excel,Oracle,Database,,Data analyst
Python,Data Visualization tools,SAS,R,Data Analysis,SQL,Data Visualization tools,MySQL,SPSS,Database,Microsoft Access,Microsoft Administration,,,,Business analyst
R,Python,Matlab,Data Visualization tools,Data Cleaning,Linear Algebra,calculus,Machine Learning,SQL,NoSQL,Oracle,Data Analysis,Excel,Database,,Data analyst
R,SAS,Python,Data Analysis,Data Visualization tools,SPSS,MySQL,SQL,Database,Data Visualization tools,Microsoft Access,Microsoft Administration,,,,Business analyst
Python,Data Visualization tools,Matlab,R,Data Cleaning,calculus,SQL,Machine Learning,Linear Algebra,NoSQL,Data Analysis,Database,Excel,Oracle,,Data analyst
R,Python,Data Cleaning,Matlab,Data Visualization tools,Linear Algebra,calculus,NoSQL,Machine Learning,SQL,Data Analysis,Database,Excel,Oracle,,Data analyst
Data Cleaning,Data Visualization tools,R,Matlab,Python,NoSQL,SQL,Linear Algebra,Machine Learning,calculus,Oracle,Excel,Database,Data Analysis,,Data analyst
R,Data Cleaning,Python,Matlab,Data Visualization tools,Linear Algebra,NoSQL,calculus,Machine Learning,SQL,Data Analysis,Excel,Database,Oracle,,Data analyst
Matlab,R,Data Visualization tools,Python,Data Cleaning,Machine Learning,Linear Algebra,SQL,calculus,NoSQL,Excel,Oracle,Database,Data Analysis,,Data analyst
Data Cleaning,Data Visualization tools,Python,Matlab,R,NoSQL,SQL,calculus,Machine Learning,Linear Algebra,Data Analysis,Oracle,Excel,Database,,Data analyst
Python,Data Visualization tools,Data Cleaning,R,Matlab,calculus,SQL,NoSQL,Linear Algebra,Machine Learning,Oracle,Data Analysis,Database,Excel,,Data analyst
R,Python,Data Analysis,Data Visualization tools,SAS,SPSS,SQL,Database,Data Visualization tools,MySQL,Microsoft Access,Microsoft Administration,,,,Business analyst
Oracle,Java,SQL,UML,C++,HTML5,Javascript,SAP,Visual Studio,CSS3,Excel,Data Analysis,Microsoft Access,Database,NoSQL,Systems analyst
UML,Java,C++,SQL,Oracle,Visual Studio,Javascript,CSS3,SAP,HTML5,Database,Data Analysis,NoSQL,Microsoft Access,Excel,Systems analyst
Java,C++,SQL,UML,Oracle,Javascript,CSS3,SAP,Visual Studio,HTML5,Data Analysis,NoSQL,Microsoft Access,Database,Excel,Systems analyst
Oracle,SQL,UML,C++,Java,HTML5,SAP,Visual Studio,CSS3,Javascript,Excel,Microsoft Access,Database,NoSQL,Data Analysis,Systems analyst
UML,SQL,C++,Oracle,Java,Visual Studio,SAP,CSS3,HTML5,Javascript,Database,Microsoft Access,NoSQL,Excel,Data Analysis,Systems analyst
Matlab,Python,R,Data Visualization tools,Data Cleaning,Machine Learning,calculus,Linear Algebra,SQL,NoSQL,Excel,Data Analysis,Oracle,Database,,Data analyst
SQL,Oracle,C++,UML,Java,SAP,HTML5,CSS3,Visual Studio,Javascript,Microsoft Access,Excel,NoSQL,Database,Data Analysis,Systems analyst
Data Visualization tools,R,Python,SAS,Data Analysis,Data Visualization tools,SPSS,SQL,MySQL,Database,Microsoft Access,Microsoft Administration,,,,Business analyst
Data Visualization tools,Python,Data Cleaning,Matlab,R,SQL,calculus,NoSQL,Machine Learning,Linear Algebra,Oracle,Excel,Data Analysis,Database,,Data analyst
Data Visualization tools,Data Analysis,Python,R,SAS,Data Visualization tools,Database,SQL,SPSS,MySQL,Microsoft Access,Microsoft Administration,,,,Business analyst
Oracle,SQL,Java,UML,C++,HTML5,SAP,Javascript,Visual Studio,CSS3,Excel,Microsoft Access,Data Analysis,Database,NoSQL,Systems analyst
R,Data Analysis,SAS,Python,Data Visualization tools,SPSS,Database,MySQL,SQL,Data Visualization tools,Microsoft Access,Microsoft Administration,,,,Business analyst
Data Visualization tools,Python,R,SAS,Data Analysis,Data Visualization tools,SQL,SPSS,MySQL,Database,Microsoft Access,Microsoft Administration,,,,Business analyst
Oracle,UML,SQL,C++,Java,HTML5,Visual Studio,SAP,CSS3,Javascript,Excel,Database,Microsoft Access,NoSQL,Data Analysis,Systems analyst
Data Visualization tools,Data Cleaning,Python,Matlab,R,SQL,NoSQL,calculus,Machine Learning,Linear Algebra,Oracle,Data Analysis,Excel,Database,,Data analyst
SAS,Data Visualization tools,R,Data Analysis,Python,MySQL,Data Visualization tools,SPSS,Database,SQL,Microsoft Access,Microsoft Administration,,,,Business analyst
R,Data Analysis,Data Visualization tools,Python,SAS,SPSS,Database,Data Visualization tools,SQL,MySQL,Microsoft Access,Microsoft Administration,,,,Business analyst
Data Analysis,Data Visualization tools,Python,SAS,R,Database,Data Visualization tools,SQL,MySQL,SPSS,Microsoft Access,Microsoft Administration,,,,Business analyst
Python,R,Data Cleaning,Matlab,Data Visualization tools,calculus,Linear Algebra,NoSQL,Machine Learning,SQL,Database,Data Analysis,Excel,Oracle,,Data analyst
Data Visualization tools,Data Analysis,Python,SAS,R,Data Visualization tools,Database,SQL,MySQL,SPSS,Microsoft Access,Microsoft Administration,,,,Business analyst
Java,Oracle,SQL,UML,C++,Javascript,HTML5,SAP,Visual Studio,CSS3,Data Analysis,Excel,Microsoft Access,Database,NoSQL,Systems analyst
R,Python,Data Visualization tools,Data Analysis,SAS,SPSS,SQL,Data Visualization tools,Database,MySQL,Microsoft Access,Microsoft Administration,,,,Business analyst
Python,Data Visualization tools,Matlab,Data Cleaning,R,calculus,SQL,Machine Learning,NoSQL,Linear Algebra,Excel,Oracle,Database,Data Analysis,,Data analyst
C++,Java,Oracle,UML,SQL,CSS3,Javascript,HTML5,Visual Studio,SAP,NoSQL,Data Analysis,Excel,Database,Microsoft Access,Systems analyst
Matlab,Data Visualization tools,Data Cleaning,R,Python,Machine Learning,SQL,NoSQL,Linear Algebra,calculus,Data Analysis,Excel,Oracle,Database,,Data analyst
Data Cleaning,R,Data Visualization tools,Python,Matlab,NoSQL,Linear Algebra,SQL,calculus,Machine Learning,Database,Excel,Data Analysis,Oracle,,Data analyst
Python,Data Visualization tools,R,SAS,Data Analysis,SQL,Data Visualization tools,SPSS,MySQL,Database,Microsoft Access,Microsoft Administration,,,,Business analyst
Data Cleaning,Python,Matlab,Data Visualization tools,R,NoSQL,calculus,Machine Learning,SQL,Linear Algebra,Data Analysis,Excel,Database,Oracle,,Data analyst
Python,Data Cleaning,Data Visualization tools,Matlab,R,calculus,NoSQL,SQL,Machine Learning,Linear Algebra,Excel,Data Analysis,Oracle,Database,,Data analyst
SAS,Data Visualization tools,Data Analysis,R,Python,MySQL,Data Visualization tools,Database,SPSS,SQL,Microsoft Access,Microsoft Administration,,,,Business analyst
UML,Oracle,SQL,Java,C++,Visual Studio,HTML5,SAP,Javascript,CSS3,Database,Excel,Microsoft Access,Data Analysis,NoSQL,Systems analyst
R,Python,SAS,Data Visualization tools,Data Analysis,SPSS,SQL,MySQL,Data Visualization tools,Database,Microsoft Access,Microsoft Administration,,,,Business analyst
Data Visualization tools,Data Analysis,SAS,Python,R,Data Visualization tools,Database,MySQL,SQL,SPSS,Microsoft Access,Microsoft Administration,,,,Business analyst
Oracle,C++,SQL,Java,UML,HTML5,CSS3,SAP,Javascript,Visual Studio,Excel,NoSQL,Microsoft Access,Data Analysis,Database,Systems analyst
Data Visualization tools,R,Matlab,Data Cleaning,Python,SQL,Linear Algebra,Machine Learning,NoSQL,calculus,Excel,Database,Data Analysis,Oracle,,Data analyst
Data Visualization tools,R,Data Cleaning,Python,Matlab,SQL,Linear Algebra,NoSQL,calculus,Machine Learning,Data Analysis,Excel,Database,Oracle,,Data analyst
Data Cleaning,Matlab,Data Visualization tools,Python,R,NoSQL,Machine Learning,SQL,calculus,Linear Algebra,Data Analysis,Database,Oracle,Excel,,Data analyst
SAS,Data Analysis,Data Visualization tools,R,Python,MySQL,Database,Data Visualization tools,SPSS,SQL,Microsoft Access,Microsoft Administration,,,,Business analyst
SQL,C++,Java,Oracle,UML,SAP,CSS3,Javascript,HTML5,Visual Studio,Microsoft Access,NoSQL,Data Analysis,Excel,Database,Systems analyst
UML,Oracle,C++,Java,SQL,Visual Studio,HTML5,CSS3,Javascript,SAP,Database,Excel,NoSQL,Data Analysis,Microsoft Access,Systems analyst
Data Visualization tools,Python,Matlab,R,Data Cleaning,SQL,calculus,Machine Learning,Linear Algebra,NoSQL,Database,Data Analysis,Excel,Oracle,,Data analyst
Python,R,Matlab,Data Cleaning,Data Visualization tools,calculus,Linear Algebra,Machine Learning,NoSQL,SQL,Database,Data Analysis,Oracle,Excel,,Data analyst
Python,R,Data Visualization tools,SAS,Data Analysis,SQL,SPSS,Data Visualization tools,MySQL,Database,Microsoft Access,Microsoft Administration,,,,Business analyst
Data Visualization tools,Python,R,Data Analysis,SAS,Data Visualization tools,SQL,SPSS,Database,MySQL,Microsoft Access,Microsoft Administration,,,,Business analyst
SAS,Data Visualization tools,Python,R,Data Analysis,MySQL,Data Visualization tools,SQL,SPSS,Database,Microsoft Access,Microsoft Administration,,,,Business analyst
R,Python,Data Visualization tools,Data Cleaning,Matlab,Linear Algebra,calculus,SQL,NoSQL,Machine Learning,Excel,Oracle,Data Analysis,Database,,Data analyst
Data Analysis,Python,R,Data Visualization tools,SAS,Database,SQL,SPSS,Data Visualization tools,MySQL,Microsoft Access,Microsoft Administration,,,,Business analyst
Data Analysis,Data Visualization tools,SAS,Python,R,Database,Data Visualization tools,MySQL,SQL,SPSS,Microsoft Access,Microsoft Administration,,,,Business analyst
Java,UML,Oracle,SQL,C++,Javascript,Visual Studio,HTML5,SAP,CSS3,Data Analysis,Database,Excel,Microsoft Access,NoSQL,Systems analyst
C++,UML,SQL,Oracle,Java,CSS3,Visual Studio,SAP,HTML5,Javascript,NoSQL,Database,Microsoft Access,Excel,Data Analysis,Systems analyst
Data Cleaning,Python,R,Data Visualization tools,Matlab,NoSQL,calculus,Linear Algebra,SQL,Machine Learning,Database,Oracle,Excel,Data Analysis,,Data analyst
SQL,C++,Java,UML,Oracle,SAP,CSS3,Javascript,Visual Studio,HTML5,Microsoft Access,NoSQL,Data Analysis,Database,Excel,Systems analyst
Data Visualization tools,R,SAS,Data Analysis,Python,Data Visualization tools,SPSS,MySQL,Database,SQL,Microsoft Access,Microsoft Administration,,,,Business analyst
R,SAS,Data Analysis,Python,Data Visualization tools,SPSS,MySQL,Database,SQL,Data Visualization tools,Microsoft Access,Microsoft Administration,,,,Business analyst
SAS,R,Data Analysis,Data Visualization tools,Python,MySQL,SPSS,Database,Data Visualization tools,SQL,Microsoft Access,Microsoft Administration,,,,Business analyst
SQL,Java,Oracle,UML,C++,SAP,Javascript,HTML5,Visual Studio,CSS3,Microsoft Access,Data Analysis,Excel,Database,NoSQL,Systems analyst
Python,SAS,Data Visualization tools,Data Analysis,R,SQL,MySQL,Data Visualization tools,Database,SPSS,Microsoft Access,Microsoft Administration,,,,Business analyst
R,Data Analysis,SAS,Data Visualization tools,Python,SPSS,Database,MySQL,Data Visualization tools,SQL,Microsoft Access,Microsoft Administration,,,,Business analyst
Data Visualization tools,Data Cleaning,Python,R,Matlab,SQL,NoSQL,calculus,Linear Algebra,Machine Learning,Data Analysis,Database,Oracle,Excel,,Data analyst
UML,SQL,Oracle,Java,C++,Visual Studio,SAP,HTML5,Javascript,CSS3,Database,Microsoft Access,Excel,Data Analysis,NoSQL,Systems analyst
Python,Data Visualization tools,Data Cleaning,Matlab,R,calculus,SQL,NoSQL,Machine Learning,Linear Algebra,Excel,Oracle,Data Analysis,Database,,Data analyst
Data Visualization tools,R,Data Analysis,Python,SAS,Data Visualization tools,SPSS,Database,SQL,MySQL,Microsoft Access,Microsoft Administration,,,,Business analyst
Oracle,Java,SQL,C++,UML,HTML5,Javascript,SAP,CSS3,Visual Studio,Excel,Data Analysis,Microsoft Access,NoSQL,Database,Systems analyst
Java,SQL,C++,UML,Oracle,Javascript,SAP,CSS3,Visual Studio,HTML5,Data Analysis,Microsoft Access,NoSQL,Database,Excel,Systems analyst
C++,Java,UML,SQL,Oracle,CSS3,Javascript,Visual Studio,SAP,HTML5,NoSQL,Data Analysis,Database,Microsoft Access,Excel,Systems analyst
Matlab,Data Cleaning,Data Visualization tools,Python,R,Machine Learning,NoSQL,SQL,calculus,Linear Algebra,Database,Data Analysis,Oracle,Excel,,Data analyst
Python,R,Data Visualization tools,Data Cleaning,Matlab,calculus,Linear Algebra,SQL,NoSQL,Machine Learning,Oracle,Excel,Data Analysis,Database,,Data analyst
SAS,R,Data Visualization tools,Data Analysis,Python,MySQL,SPSS,Data Visualization tools,Database,SQL,Microsoft Access,Microsoft Administration,,,,Business analyst
Data Cleaning,Python,Data Visualization tools,Matlab,R,NoSQL,calculus,SQL,Machine Learning,Linear Algebra,Data Analysis,Excel,Oracle,Database,,Data analyst
Java,SQL,Oracle,C++,UML,Javascript,SAP,HTML5,CSS3,Visual Studio,Data Analysis,Microsoft Access,Excel,NoSQL,Database,Systems analyst
C++,Oracle,SQL,Java,UML,CSS3,HTML5,SAP,Javascript,Visual Studio,NoSQL,Excel,Microsoft Access,Data Analysis,Database,Systems analyst
R,Data Analysis,Data Visualization tools,SAS,Python,SPSS,Database,Data Visualization tools,MySQL,SQL,Microsoft Access,Microsoft Administration,,,,Business analyst
R,Data Visualization tools,SAS,Python,Data Analysis,SPSS,Data Visualization tools,MySQL,SQL,Database,Microsoft Access,Microsoft Administration,,,,Business analyst
Oracle,UML,C++,SQL,Java,HTML5,Visual Studio,CSS3,SAP,Javascript,Excel,Database,NoSQL,Microsoft Access,Data Analysis,Systems analyst
Python,Data Analysis,Data Visualization tools,SAS,R,SQL,Database,Data Visualization tools,MySQL,SPSS,Microsoft Access,Microsoft Administration,,,,Business analyst
Data Analysis,Data Visualization tools,R,Python,SAS,Database,Data Visualization tools,SPSS,SQL,MySQL,Microsoft Access,Microsoft Administration,,,,Business analyst
SAS,Data Analysis,Python,R,Data Visualization tools,MySQL,Database,SQL,SPSS,Data Visualization tools,Microsoft Access,Microsoft Administration,,,,Business analyst
Python,Data Visualization tools,R,Data Cleaning,Matlab,calculus,SQL,Linear Algebra,NoSQL,Machine Learning,Oracle,Data Analysis,Excel,Database,,Data analyst
SAS,R,Data Analysis,Python,Data Visualization tools,MySQL,SPSS,Database,SQL,Data Visualization tools,Microsoft Access,Microsoft Administration,,,,Business analyst
Data Visualization tools,Data Cleaning,R,Python,Matlab,SQL,NoSQL,Linear Algebra,calculus,Machine Learning,Data Analysis,Database,Excel,Oracle,,Data analyst
SQL,C++,UML,Java,Oracle,SAP,CSS3,Visual Studio,Javascript,HTML5,Microsoft Access,NoSQL,Database,Data Analysis,Excel,Systems analyst
Data Cleaning,Python,R,Matlab,Data Visualization tools,NoSQL,calculus,Linear Algebra,Machine Learning,SQL,Excel,Database,Data Analysis,Oracle,,Data analyst
Data Cleaning,R,Python,Matlab,Data Visualization tools,NoSQL,Linear Algebra,calculus,Machine Learning,SQL,Excel,Data Analysis,Database,Oracle,,Data analyst
C++,UML,SQL,Java,Oracle,CSS3,Visual Studio,SAP,Javascript,HTML5,NoSQL,Database,Microsoft Access,Data Analysis,Excel,Systems analyst
Data Analysis,Python,Data Visualization tools,R,SAS,Database,SQL,Data Visualization tools,SPSS,MySQL,Microsoft Access,Microsoft Administration,,,,Business analyst
Java,SQL,Oracle,UML,C++,Javascript,SAP,HTML5,Visual Studio,CSS3,Data Analysis,Microsoft Access,Excel,Database,NoSQL,Systems analyst
SQL,Java,Oracle,C++,UML,SAP,Javascript,HTML5,CSS3,Visual Studio,Microsoft Access,Data Analysis,Excel,NoSQL,Database,Systems analyst
R,Matlab,Python,Data Visualization tools,Data Cleaning,Linear Algebra,Machine Learning,calculus,SQL,NoSQL,Oracle,Excel,Data Analysis,Database,,Data analyst
