SQL,Python,Java,Git,PHP,Ruby,HTML5,CSS3,Django,Javascript,MongoDB,Go Lang,Perl,Kubernetes,Apache,Back-end Developer
SQL Server,SQL,Java,Database,SAP,SSIS,CouchDB,Software Development Life Cycle (SDLC),MongoDB,Data Analysis,ETL,Javascript,,,,SQL Developer
Json,SQL,PostGIS,Python,Perl,Tcl,Ruby,Java,C++,,,,,,,Postgre SQL
SAP,Javascript,SQL,Java,PHP,ETL,MongoDB,C#,Data analysis,,,,,,,MySQL Developer
Java,SAP,SQL,Javascript,PHP,Data analysis,ETL,C#,MongoDB,,,,,,,MySQL Developer
SAP,SQL Server,SQL,Database,Java,Data Analysis,SSIS,CouchDB,MongoDB,Software Development Life Cycle (SDLC),ETL,Javascript,,,,SQL Developer
Javascript,Java,SQL,PHP,SAP,C#,ETL,Data analysis,MongoDB,,,,,,,MySQL Developer
SQL,SAP,Java,SQL Server,Database,CouchDB,Data Analysis,Software Development Life Cycle (SDLC),SSIS,MongoDB,ETL,Javascript,,,,SQL Developer
Java,Python,PHP,Git,SQL,CSS3,HTML5,Javascript,Django,Ruby,Perl,Go Lang,Apache,Kubernetes,MongoDB,Back-end Developer
HTML5,PHP,Python,CSS3,.Net,Java,SAS,Ruby,Database,Javascript,C#,,,,,Back-end Engineer
CSS3,PHP,Python,HTML5,.Net,Database,SAS,Ruby,Java,Javascript,C#,,,,,Back-end Engineer
Java,PHP,Git,Python,SQL,CSS3,Javascript,Django,HTML5,Ruby,Perl,Apache,Kubernetes,Go Lang,MongoDB,Back-end Developer
SQL,Java,PHP,Git,Python,Ruby,CSS3,Javascript,Django,HTML5,MongoDB,Perl,Apache,Kubernetes,Go Lang,Back-end Developer
Python,Json,SQL,PostGIS,Perl,C++,Tcl,Ruby,Java,,,,,,,Postgre SQL
Database,SQL Server,SAP,Java,SQL,MongoDB,SSIS,Data Analysis,Software Development Life Cycle (SDLC),CouchDB,ETL,Javascript,,,,SQL Developer
Git,PHP,SQL,Python,Java,Django,Javascript,Ruby,HTML5,CSS3,Kubernetes,Apache,MongoDB,Go Lang,Perl,Back-end Developer
PHP,Java,Git,SQL,Python,Javascript,CSS3,Django,Ruby,HTML5,Apache,Perl,Kubernetes,MongoDB,Go Lang,Back-end Developer
Python,Json,SQL,Perl,PostGIS,Ruby,Java,Tcl,C++,,,,,,,Postgre SQL
PHP,SQL,Java,Python,Git,Javascript,Ruby,CSS3,HTML5,Django,Apache,MongoDB,Perl,Go Lang,Kubernetes,Back-end Developer
Python,Git,Java,SQL,PHP,HTML5,Django,CSS3,Ruby,Javascript,Go Lang,Kubernetes,Perl,MongoDB,Apache,Back-end Developer
CSS3,.Net,PHP,HTML5,Python,Database,Javascript,SAS,Java,Ruby,C#,,,,,Back-end Engineer
Json,PostGIS,Perl,Python,SQL,C++,Ruby,Tcl,Java,,,,,,,Postgre SQL
PHP,SAP,Java,SQL,Javascript,ETL,Data analysis,C#,MongoDB,,,,,,,MySQL Developer
HTML5,CSS3,Python,.Net,PHP,Java,Database,Ruby,Javascript,SAS,C#,,,,,Back-end Engineer
SAP,Java,SQL,Javascript,PHP,ETL,Data analysis,C#,MongoDB,,,,,,,MySQL Developer
Json,Python,SQL,PostGIS,Perl,Tcl,C++,Ruby,Java,,,,,,,Postgre SQL
SQL Server,Database,Java,SAP,SQL,SSIS,MongoDB,Software Development Life Cycle (SDLC),Data Analysis,CouchDB,ETL,Javascript,,,,SQL Developer
CSS3,Python,.Net,PHP,HTML5,Database,Ruby,Javascript,SAS,Java,C#,,,,,Back-end Engineer
PHP,Java,Python,SQL,Git,Javascript,CSS3,HTML5,Ruby,Django,Apache,Perl,Go Lang,MongoDB,Kubernetes,Back-end Developer
CSS3,PHP,HTML5,.Net,Python,Database,SAS,Java,Javascript,Ruby,C#,,,,,Back-end Engineer
PostGIS,Python,Perl,SQL,Json,C++,Tcl,Ruby,Java,,,,,,,Postgre SQL
Python,HTML5,.Net,CSS3,PHP,Ruby,Java,Javascript,Database,SAS,C#,,,,,Back-end Engineer
SQL,SAP,Javascript,Java,PHP,C#,ETL,MongoDB,Data analysis,,,,,,,MySQL Developer
SQL Server,Database,SQL,SAP,Java,SSIS,MongoDB,CouchDB,Data Analysis,Software Development Life Cycle (SDLC),ETL,Javascript,,,,SQL Developer
Java,SQL Server,Database,SQL,SAP,Software Development Life Cycle (SDLC),SSIS,MongoDB,CouchDB,Data Analysis,ETL,Javascript,,,,SQL Developer
Javascript,SAP,SQL,PHP,Java,Data analysis,MongoDB,ETL,C#,,,,,,,MySQL Developer
SQL,PHP,SAP,Javascript,Java,ETL,C#,MongoDB,Data analysis,,,,,,,MySQL Developer
Python,Java,SQL,Git,PHP,HTML5,CSS3,Ruby,Django,Javascript,Go Lang,Perl,MongoDB,Kubernetes,Apache,Back-end Developer
SQL,Python,Git,Java,PHP,Ruby,HTML5,Django,CSS3,Javascript,MongoDB,Go Lang,Kubernetes,Perl,Apache,Back-end Developer
Git,PHP,Python,SQL,Java,Django,Javascript,HTML5,Ruby,CSS3,Kubernetes,Apache,Go Lang,MongoDB,Perl,Back-end Developer
SQL,Javascript,PHP,Java,SAP,Data analysis,C#,MongoDB,ETL,,,,,,,MySQL Developer
Python,SQL,PHP,Java,Git,HTML5,Ruby,Javascript,CSS3,Django,Go Lang,MongoDB,Apache,Perl,Kubernetes,Back-end Developer
Java,Python,Git,SQL,PHP,CSS3,HTML5,Django,Ruby,Javascript,Perl,Go Lang,Kubernetes,MongoDB,Apache,Back-end Developer
SAP,SQL,Java,Javascript,PHP,ETL,C#,Data analysis,MongoDB,,,,,,,MySQL Developer
Perl,Json,Python,PostGIS,SQL,Tcl,C++,Java,Ruby,,,,,,,Postgre SQL
Java,Database,SQL,SQL Server,SAP,Software Development Life Cycle (SDLC),MongoDB,CouchDB,SSIS,Data Analysis,ETL,Javascript,,,,SQL Developer
Java,SAP,PHP,SQL,Javascript,C#,Data analysis,ETL,MongoDB,,,,,,,MySQL Developer
.Net,Python,PHP,HTML5,CSS3,Javascript,Ruby,SAS,Java,Database,C#,,,,,Back-end Engineer
Json,Perl,PostGIS,Python,SQL,C++,Tcl,Ruby,Java,,,,,,,Postgre SQL
SAP,SQL,Java,SQL Server,Database,Data Analysis,CouchDB,Software Development Life Cycle (SDLC),SSIS,MongoDB,ETL,Javascript,,,,SQL Developer
Json,Python,Perl,SQL,PostGIS,Java,Ruby,C++,Tcl,,,,,,,Postgre SQL
Git,Java,PHP,Python,SQL,Django,CSS3,Javascript,HTML5,Ruby,Kubernetes,Perl,Apache,Go Lang,MongoDB,Back-end Developer
Python,PHP,CSS3,HTML5,.Net,Ruby,SAS,Database,Java,Javascript,C#,,,,,Back-end Engineer
Java,SQL,SAP,Database,SQL Server,Software Development Life Cycle (SDLC),CouchDB,Data Analysis,MongoDB,SSIS,ETL,Javascript,,,,SQL Developer
Database,SQL Server,Java,SQL,SAP,MongoDB,SSIS,Software Development Life Cycle (SDLC),CouchDB,Data Analysis,ETL,Javascript,,,,SQL Developer
Python,PHP,Java,SQL,Git,HTML5,Javascript,CSS3,Ruby,Django,Go Lang,Apache,Perl,MongoDB,Kubernetes,Back-end Developer
Python,PHP,HTML5,CSS3,.Net,Ruby,SAS,Java,Database,Javascript,C#,,,,,Back-end Engineer
SAP,Java,Database,SQL Server,SQL,Data Analysis,Software Development Life Cycle (SDLC),MongoDB,SSIS,CouchDB,ETL,Javascript,,,,SQL Developer
SQL Server,SAP,SQL,Java,Database,SSIS,Data Analysis,CouchDB,Software Development Life Cycle (SDLC),MongoDB,ETL,Javascript,,,,SQL Developer
PHP,Java,Javascript,SQL,SAP,MongoDB,ETL,C#,Data analysis,,,,,,,MySQL Developer
Python,SQL,Json,PostGIS,Perl,C++,Ruby,Tcl,Java,,,,,,,Postgre SQL
Java,SQL Server,SAP,Database,SQL,Software Development Life Cycle (SDLC),SSIS,Data Analysis,MongoDB,CouchDB,ETL,Javascript,,,,SQL Developer
Javascript,PHP,SAP,SQL,Java,Data analysis,C#,MongoDB,ETL,,,,,,,MySQL Developer
Javascript,SAP,SQL,Java,PHP,MongoDB,ETL,C#,Data analysis,,,,,,,MySQL Developer
Java,SQL,Javascript,SAP,PHP,Data analysis,C#,MongoDB,ETL,,,,,,,MySQL Developer
Java,PHP,Git,SQL,Python,CSS3,Javascript,Django,Ruby,HTML5,Perl,Apache,Kubernetes,MongoDB,Go Lang,Back-end Developer
PHP,SQL,Java,SAP,Javascript,ETL,MongoDB,C#,Data analysis,,,,,,,MySQL Developer
Java,PHP,Python,Git,SQL,CSS3,Javascript,HTML5,Django,Ruby,Perl,Apache,Go Lang,Kubernetes,MongoDB,Back-end Developer
SAP,PHP,SQL,Java,Javascript,Data analysis,ETL,MongoDB,C#,,,,,,,MySQL Developer
Python,Git,SQL,Java,PHP,HTML5,Django,Ruby,CSS3,Javascript,Go Lang,Kubernetes,MongoDB,Perl,Apache,Back-end Developer
Java,Database,SQL Server,SAP,SQL,Software Development Life Cycle (SDLC),MongoDB,SSIS,Data Analysis,CouchDB,ETL,Javascript,,,,SQL Developer
Javascript,PHP,Java,SQL,SAP,C#,MongoDB,ETL,Data analysis,,,,,,,MySQL Developer
SAP,SQL,Database,SQL Server,Java,Data Analysis,CouchDB,MongoDB,SSIS,Software Development Life Cycle (SDLC),ETL,Javascript,,,,SQL Developer
Javascript,SAP,Java,SQL,PHP,MongoDB,ETL,Data analysis,C#,,,,,,,MySQL Developer
SQL,Java,Database,SQL Server,SAP,CouchDB,Software Development Life Cycle (SDLC),MongoDB,SSIS,Data Analysis,ETL,Javascript,,,,SQL Developer
Java,Python,SQL,Git,PHP,CSS3,HTML5,Ruby,Django,Javascript,Perl,Go Lang,MongoDB,Kubernetes,Apache,Back-end Developer
SQL,PostGIS,Perl,Json,Python,C++,Tcl,Java,Ruby,,,,,,,Postgre SQL
SAP,Java,Database,SQL,SQL Server,Data Analysis,Software Development Life Cycle (SDLC),MongoDB,CouchDB,SSIS,ETL,Javascript,,,,SQL Developer
Json,Perl,SQL,Python,PostGIS,Java,C++,Tcl,Ruby,,,,,,,Postgre SQL
SQL,PHP,Python,Java,Git,Ruby,Javascript,HTML5,CSS3,Django,MongoDB,Apache,Go Lang,Perl,Kubernetes,Back-end Developer
Git,Java,Python,SQL,PHP,Django,CSS3,HTML5,Ruby,Javascript,Kubernetes,Perl,Go Lang,MongoDB,Apache,Back-end Developer
.Net,HTML5,CSS3,Python,PHP,Javascript,Java,Database,Ruby,SAS,C#,,,,,Back-end Engineer
Python,PostGIS,Perl,SQL,Json,Tcl,C++,Ruby,Java,,,,,,,Postgre SQL
PHP,SAP,SQL,Javascript,Java,C#,MongoDB,ETL,Data analysis,,,,,,,MySQL Developer
SQL Server,SQL,Database,SAP,Java,SSIS,CouchDB,MongoDB,Data Analysis,Software Development Life Cycle (SDLC),ETL,Javascript,,,,SQL Developer
SQL,PHP,Javascript,Java,SAP,Data analysis,MongoDB,C#,ETL,,,,,,,MySQL Developer
CSS3,Python,PHP,HTML5,.Net,Database,Ruby,SAS,Java,Javascript,C#,,,,,Back-end Engineer
Database,SAP,SQL,SQL Server,Java,MongoDB,Data Analysis,CouchDB,SSIS,Software Development Life Cycle (SDLC),ETL,Javascript,,,,SQL Developer
Database,Java,SQL,SAP,SQL Server,MongoDB,Software Development Life Cycle (SDLC),CouchDB,Data Analysis,SSIS,ETL,Javascript,,,,SQL Developer
Java,SQL,PHP,Git,Python,CSS3,Ruby,Javascript,Django,HTML5,Perl,MongoDB,Apache,Kubernetes,Go Lang,Back-end Developer
Java,SQL Server,SQL,SAP,Database,Software Development Life Cycle (SDLC),SSIS,CouchDB,Data Analysis,MongoDB,ETL,Javascript,,,,SQL Developer
SAP,SQL,Javascript,Java,PHP,ETL,C#,MongoDB,Data analysis,,,,,,,MySQL Developer
PostGIS,Perl,Python,SQL,Json,C++,Ruby,Tcl,Java,,,,,,,Postgre SQL
PHP,Java,Python,Git,SQL,Javascript,CSS3,HTML5,Django,Ruby,Apache,Perl,Go Lang,Kubernetes,MongoDB,Back-end Developer
Java,SQL Server,SAP,SQL,Database,Software Development Life Cycle (SDLC),SSIS,Data Analysis,CouchDB,MongoDB,ETL,Javascript,,,,SQL Developer
SQL,Perl,Json,Python,PostGIS,Tcl,C++,Java,Ruby,,,,,,,Postgre SQL
SQL,SAP,SQL Server,Java,Database,CouchDB,Data Analysis,SSIS,Software Development Life Cycle (SDLC),MongoDB,ETL,Javascript,,,,SQL Developer
Json,PostGIS,Python,Perl,SQL,C++,Ruby,Java,Tcl,,,,,,,Postgre SQL
.Net,HTML5,Python,CSS3,PHP,Javascript,Java,Ruby,Database,SAS,C#,,,,,Back-end Engineer
Json,PostGIS,Python,SQL,Perl,Tcl,Java,C++,Ruby,,,,,,,Postgre SQL
Java,SQL,SQL Server,SAP,Database,Software Development Life Cycle (SDLC),CouchDB,SSIS,Data Analysis,MongoDB,ETL,Javascript,,,,SQL Developer
Java,SAP,Database,SQL,SQL Server,Software Development Life Cycle (SDLC),Data Analysis,MongoDB,CouchDB,SSIS,ETL,Javascript,,,,SQL Developer
PHP,Python,SQL,Git,Java,Javascript,HTML5,Ruby,Django,CSS3,Apache,Go Lang,MongoDB,Kubernetes,Perl,Back-end Developer
CSS3,Python,.Net,HTML5,PHP,Database,Ruby,Javascript,Java,SAS,C#,,,,,Back-end Engineer
SQL Server,SAP,Java,SQL,Database,SSIS,Data Analysis,Software Development Life Cycle (SDLC),CouchDB,MongoDB,ETL,Javascript,,,,SQL Developer
Javascript,PHP,SAP,Java,SQL,ETL,Data analysis,C#,MongoDB,,,,,,,MySQL Developer
HTML5,PHP,CSS3,.Net,Python,Java,SAS,Database,Javascript,Ruby,C#,,,,,Back-end Engineer
.Net,PHP,CSS3,HTML5,Python,Javascript,SAS,Database,Java,Ruby,C#,,,,,Back-end Engineer
SQL,SAP,PHP,Javascript,Java,ETL,MongoDB,C#,Data analysis,,,,,,,MySQL Developer
Java,Database,SAP,SQL,SQL Server,Software Development Life Cycle (SDLC),MongoDB,Data Analysis,CouchDB,SSIS,ETL,Javascript,,,,SQL Developer
Json,PostGIS,Perl,SQL,Python,Ruby,Tcl,Java,C++,,,,,,,Postgre SQL
Python,SQL,Perl,Json,PostGIS,Ruby,Tcl,C++,Java,,,,,,,Postgre SQL
Perl,Json,SQL,PostGIS,Python,Java,Ruby,C++,Tcl,,,,,,,Postgre SQL
PHP,Javascript,Java,SQL,SAP,MongoDB,C#,ETL,Data analysis,,,,,,,MySQL Developer
CSS3,Python,PHP,.Net,HTML5,Database,Ruby,SAS,Javascript,Java,C#,,,,,Back-end Engineer
SAP,SQL,Javascript,PHP,Java,MongoDB,ETL,Data analysis,C#,,,,,,,MySQL Developer
Java,Database,SQL Server,SQL,SAP,Software Development Life Cycle (SDLC),MongoDB,SSIS,CouchDB,Data Analysis,ETL,Javascript,,,,SQL Developer
SQL,Javascript,Java,PHP,SAP,Data analysis,C#,ETL,MongoDB,,,,,,,MySQL Developer
Database,Java,SAP,SQL,SQL Server,MongoDB,Software Development Life Cycle (SDLC),Data Analysis,CouchDB,SSIS,ETL,Javascript,,,,SQL Developer
Java,PHP,Javascript,SAP,SQL,MongoDB,Data analysis,ETL,C#,,,,,,,MySQL Developer
Java,SAP,SQL Server,Database,SQL,Software Development Life Cycle (SDLC),Data Analysis,SSIS,MongoDB,CouchDB,ETL,Javascript,,,,SQL Developer
Perl,PostGIS,Json,Python,SQL,Tcl,Ruby,C++,Java,,,,,,,Postgre SQL
SAP,Java,PHP,SQL,Javascript,Data analysis,C#,ETL,MongoDB,,,,,,,MySQL Developer
SQL Server,SAP,Database,Java,SQL,SSIS,Data Analysis,MongoDB,Software Development Life Cycle (SDLC),CouchDB,ETL,Javascript,,,,SQL Developer
Java,SQL,Git,Python,PHP,CSS3,Ruby,Django,HTML5,Javascript,Perl,MongoDB,Kubernetes,Go Lang,Apache,Back-end Developer
PHP,Git,SQL,Python,Java,Javascript,Django,Ruby,HTML5,CSS3,Apache,Kubernetes,MongoDB,Go Lang,Perl,Back-end Developer
PHP,SQL,Git,Python,Java,Javascript,Ruby,Django,HTML5,CSS3,Apache,MongoDB,Kubernetes,Go Lang,Perl,Back-end Developer
Python,PostGIS,SQL,Perl,Json,Tcl,C++,Java,Ruby,,,,,,,Postgre SQL
.Net,CSS3,HTML5,PHP,Python,Javascript,Database,Java,SAS,Ruby,C#,,,,,Back-end Engineer
SAP,PHP,Java,SQL,Javascript,Data analysis,ETL,C#,MongoDB,,,,,,,MySQL Developer
PHP,CSS3,HTML5,.Net,Python,SAS,Database,Java,Javascript,Ruby,C#,,,,,Back-end Engineer
SAP,Java,SQL Server,SQL,Database,Data Analysis,Software Development Life Cycle (SDLC),SSIS,CouchDB,MongoDB,ETL,Javascript,,,,SQL Developer
Java,Git,SQL,Python,PHP,CSS3,Django,Ruby,HTML5,Javascript,Perl,Kubernetes,MongoDB,Go Lang,Apache,Back-end Developer
PostGIS,Json,SQL,Python,Perl,Java,Tcl,Ruby,C++,,,,,,,Postgre SQL
Java,PHP,SQL,Javascript,SAP,ETL,MongoDB,Data analysis,C#,,,,,,,MySQL Developer
Python,HTML5,CSS3,.Net,PHP,Ruby,Java,Database,Javascript,SAS,C#,,,,,Back-end Engineer
Git,Java,Python,PHP,SQL,Django,CSS3,HTML5,Javascript,Ruby,Kubernetes,Perl,Go Lang,Apache,MongoDB,Back-end Developer
Python,Perl,PostGIS,Json,SQL,Java,Tcl,Ruby,C++,,,,,,,Postgre SQL
PHP,SAP,Javascript,Java,SQL,Data analysis,C#,ETL,MongoDB,,,,,,,MySQL Developer
PostGIS,Perl,SQL,Json,Python,Tcl,Java,C++,Ruby,,,,,,,Postgre SQL
PHP,SQL,Java,Javascript,SAP,MongoDB,Data analysis,ETL,C#,,,,,,,MySQL Developer
CSS3,PHP,HTML5,Python,.Net,Database,SAS,Java,Ruby,Javascript,C#,,,,,Back-end Engineer
Java,SAP,SQL,PHP,Javascript,C#,Data analysis,MongoDB,ETL,,,,,,,MySQL Developer
SAP,Database,SQL,Java,SQL Server,Data Analysis,MongoDB,CouchDB,Software Development Life Cycle (SDLC),SSIS,ETL,Javascript,,,,SQL Developer
SQL,Java,SAP,PHP,Javascript,MongoDB,C#,Data analysis,ETL,,,,,,,MySQL Developer
SQL Server,Database,SQL,Java,SAP,SSIS,MongoDB,CouchDB,Software Development Life Cycle (SDLC),Data Analysis,ETL,Javascript,,,,SQL Developer
Database,Java,SAP,SQL Server,SQL,MongoDB,Software Development Life Cycle (SDLC),Data Analysis,SSIS,CouchDB,ETL,Javascript,,,,SQL Developer
PHP,Python,SQL,Java,Git,Javascript,HTML5,Ruby,CSS3,Django,Apache,Go Lang,MongoDB,Perl,Kubernetes,Back-end Developer
Python,Git,PHP,SQL,Java,HTML5,Django,Javascript,Ruby,CSS3,Go Lang,Kubernetes,Apache,MongoDB,Perl,Back-end Developer
PHP,Python,CSS3,.Net,HTML5,SAS,Ruby,Database,Javascript,Java,C#,,,,,Back-end Engineer
Git,PHP,Java,SQL,Python,Django,Javascript,CSS3,Ruby,HTML5,Kubernetes,Apache,Perl,MongoDB,Go Lang,Back-end Developer
Perl,PostGIS,Python,SQL,Json,Ruby,C++,Tcl,Java,,,,,,,Postgre SQL
HTML5,.Net,CSS3,Python,PHP,Java,Javascript,Database,Ruby,SAS,C#,,,,,Back-end Engineer
SAP,SQL,Database,Java,SQL Server,Data Analysis,CouchDB,MongoDB,Software Development Life Cycle (SDLC),SSIS,ETL,Javascript,,,,SQL Developer
PHP,.Net,CSS3,Python,HTML5,SAS,Javascript,Database,Ruby,Java,C#,,,,,Back-end Engineer
Python,Json,PostGIS,Perl,SQL,Java,C++,Ruby,Tcl,,,,,,,Postgre SQL
Java,Javascript,SQL,PHP,SAP,ETL,C#,Data analysis,MongoDB,,,,,,,MySQL Developer
SQL,SAP,Database,Java,SQL Server,CouchDB,Data Analysis,MongoDB,Software Development Life Cycle (SDLC),SSIS,ETL,Javascript,,,,SQL Developer
SQL,Java,PHP,SAP,Javascript,MongoDB,C#,ETL,Data analysis,,,,,,,MySQL Developer
SQL,PostGIS,Python,Perl,Json,Java,C++,Tcl,Ruby,,,,,,,Postgre SQL
Python,CSS3,.Net,HTML5,PHP,Ruby,Database,Javascript,Java,SAS,C#,,,,,Back-end Engineer
SAP,Java,SQL,SQL Server,Database,Data Analysis,Software Development Life Cycle (SDLC),CouchDB,SSIS,MongoDB,ETL,Javascript,,,,SQL Developer
Python,Java,SQL,PHP,Git,HTML5,CSS3,Ruby,Javascript,Django,Go Lang,Perl,MongoDB,Apache,Kubernetes,Back-end Developer
Json,SQL,Perl,Python,PostGIS,Java,Tcl,C++,Ruby,,,,,,,Postgre SQL
SQL,Java,PHP,Python,Git,Ruby,CSS3,Javascript,HTML5,Django,MongoDB,Perl,Apache,Go Lang,Kubernetes,Back-end Developer
PHP,Python,HTML5,CSS3,.Net,SAS,Ruby,Java,Database,Javascript,C#,,,,,Back-end Engineer
Python,Git,PHP,Java,SQL,HTML5,Django,Javascript,CSS3,Ruby,Go Lang,Kubernetes,Apache,Perl,MongoDB,Back-end Developer
Git,Python,Java,PHP,SQL,Django,HTML5,CSS3,Javascript,Ruby,Kubernetes,Go Lang,Perl,Apache,MongoDB,Back-end Developer
Perl,Python,Json,SQL,PostGIS,C++,Ruby,Java,Tcl,,,,,,,Postgre SQL
HTML5,PHP,Python,.Net,CSS3,Java,SAS,Ruby,Javascript,Database,C#,,,,,Back-end Engineer
Java,SQL,Python,PHP,Git,CSS3,Ruby,HTML5,Javascript,Django,Perl,MongoDB,Go Lang,Apache,Kubernetes,Back-end Developer
SQL,Git,Python,Java,PHP,Ruby,Django,HTML5,CSS3,Javascript,MongoDB,Kubernetes,Go Lang,Perl,Apache,Back-end Developer
HTML5,Python,CSS3,PHP,.Net,Java,Ruby,Database,SAS,Javascript,C#,,,,,Back-end Engineer
Python,.Net,CSS3,HTML5,PHP,Ruby,Javascript,Database,Java,SAS,C#,,,,,Back-end Engineer
PHP,Python,Java,Git,SQL,Javascript,HTML5,CSS3,Django,Ruby,Apache,Go Lang,Perl,Kubernetes,MongoDB,Back-end Developer
SAP,Database,SQL,SQL Server,Java,Data Analysis,MongoDB,CouchDB,SSIS,Software Development Life Cycle (SDLC),ETL,Javascript,,,,SQL Developer
.Net,Python,PHP,CSS3,HTML5,Javascript,Ruby,SAS,Database,Java,C#,,,,,Back-end Engineer
Python,.Net,CSS3,PHP,HTML5,Ruby,Javascript,Database,SAS,Java,C#,,,,,Back-end Engineer
Git,Python,SQL,Java,PHP,Django,HTML5,Ruby,CSS3,Javascript,Kubernetes,Go Lang,MongoDB,Perl,Apache,Back-end Developer
Json,SQL,PostGIS,Perl,Python,Ruby,C++,Tcl,Java,,,,,,,Postgre SQL
Python,Perl,PostGIS,SQL,Json,Tcl,Ruby,C++,Java,,,,,,,Postgre SQL
Json,SQL,Python,PostGIS,Perl,Tcl,Ruby,C++,Java,,,,,,,Postgre SQL
PostGIS,SQL,Perl,Python,Json,C++,Java,Ruby,Tcl,,,,,,,Postgre SQL
SAP,SQL,Java,Database,SQL Server,Data Analysis,CouchDB,Software Development Life Cycle (SDLC),MongoDB,SSIS,ETL,Javascript,,,,SQL Developer
Json,PostGIS,SQL,Perl,Python,Ruby,Tcl,C++,Java,,,,,,,Postgre SQL
SQL,PHP,Java,Python,Git,Ruby,Javascript,CSS3,HTML5,Django,MongoDB,Apache,Perl,Go Lang,Kubernetes,Back-end Developer
SQL Server,SAP,Java,Database,SQL,SSIS,Data Analysis,Software Development Life Cycle (SDLC),MongoDB,CouchDB,ETL,Javascript,,,,SQL Developer
SQL,PHP,SAP,Java,Javascript,MongoDB,ETL,Data analysis,C#,,,,,,,MySQL Developer
SQL,PHP,Java,Git,Python,Ruby,Javascript,CSS3,Django,HTML5,MongoDB,Apache,Perl,Kubernetes,Go Lang,Back-end Developer
Git,Python,Java,SQL,PHP,Django,HTML5,CSS3,Ruby,Javascript,Kubernetes,Go Lang,Perl,MongoDB,Apache,Back-end Developer
SQL,Git,Java,PHP,Python,Ruby,Django,CSS3,Javascript,HTML5,MongoDB,Kubernetes,Perl,Apache,Go Lang,Back-end Developer
PHP,SQL,Git,Java,Python,Javascript,Ruby,Django,CSS3,HTML5,Apache,MongoDB,Kubernetes,Perl,Go Lang,Back-end Developer
Java,Git,PHP,SQL,Python,CSS3,Django,Javascript,Ruby,HTML5,Perl,Kubernetes,Apache,MongoDB,Go Lang,Back-end Developer
SQL Server,Database,Java,SQL,SAP,SSIS,MongoDB,Software Development Life Cycle (SDLC),CouchDB,Data Analysis,ETL,Javascript,,,,SQL Developer
PHP,.Net,HTML5,CSS3,Python,SAS,Javascript,Java,Database,Ruby,C#,,,,,Back-end Engineer
Git,PHP,Python,Java,SQL,Django,Javascript,HTML5,CSS3,Ruby,Kubernetes,Apache,Go Lang,Perl,MongoDB,Back-end Developer
.Net,Python,CSS3,PHP,HTML5,Javascript,Ruby,Database,SAS,Java,C#,,,,,Back-end Engineer
PHP,SAP,SQL,Java,Javascript,ETL,Data analysis,MongoDB,C#,,,,,,,MySQL Developer
Python,HTML5,.Net,PHP,CSS3,Ruby,Java,Javascript,SAS,Database,C#,,,,,Back-end Engineer
SQL,Javascript,Java,SAP,PHP,C#,MongoDB,Data analysis,ETL,,,,,,,MySQL Developer
Java,SQL,Python,Git,PHP,CSS3,Ruby,HTML5,Django,Javascript,Perl,MongoDB,Go Lang,Kubernetes,Apache,Back-end Developer
SQL,SQL Server,Database,Java,SAP,CouchDB,SSIS,MongoDB,Software Development Life Cycle (SDLC),Data Analysis,ETL,Javascript,,,,SQL Developer
Python,SQL,Json,Perl,PostGIS,Ruby,Tcl,Java,C++,,,,,,,Postgre SQL
SAP,Javascript,PHP,Java,SQL,C#,ETL,Data analysis,MongoDB,,,,,,,MySQL Developer
.Net,CSS3,Python,HTML5,PHP,Javascript,Database,Ruby,Java,SAS,C#,,,,,Back-end Engineer
Json,SQL,Perl,PostGIS,Python,Ruby,C++,Java,Tcl,,,,,,,Postgre SQL
PHP,SAP,Java,Javascript,SQL,Data analysis,C#,MongoDB,ETL,,,,,,,MySQL Developer
SQL,SAP,Java,Database,SQL Server,CouchDB,Data Analysis,Software Development Life Cycle (SDLC),MongoDB,SSIS,ETL,Javascript,,,,SQL Developer
HTML5,Python,.Net,CSS3,PHP,Java,Ruby,Javascript,Database,SAS,C#,,,,,Back-end Engineer
SQL Server,Java,SAP,Database,SQL,SSIS,Software Development Life Cycle (SDLC),Data Analysis,MongoDB,CouchDB,ETL,Javascript,,,,SQL Developer
Java,SAP,Javascript,PHP,SQL,MongoDB,C#,ETL,Data analysis,,,,,,,MySQL Developer
CSS3,PHP,.Net,HTML5,Python,Database,SAS,Javascript,Java,Ruby,C#,,,,,Back-end Engineer
PHP,Python,.Net,HTML5,CSS3,SAS,Ruby,Javascript,Java,Database,C#,,,,,Back-end Engineer
SQL,PostGIS,Perl,Python,Json,Java,C++,Ruby,Tcl,,,,,,,Postgre SQL
Json,Perl,Python,PostGIS,SQL,C++,Tcl,Java,Ruby,,,,,,,Postgre SQL
PostGIS,SQL,Json,Perl,Python,Tcl,C++,Ruby,Java,,,,,,,Postgre SQL
Python,Java,Git,PHP,SQL,HTML5,CSS3,Django,Javascript,Ruby,Go Lang,Perl,Kubernetes,Apache,MongoDB,Back-end Developer
PostGIS,Python,Json,Perl,SQL,Ruby,Java,C++,Tcl,,,,,,,Postgre SQL
PHP,HTML5,.Net,CSS3,Python,SAS,Java,Javascript,Database,Ruby,C#,,,,,Back-end Engineer
Javascript,SQL,SAP,Java,PHP,MongoDB,C#,ETL,Data analysis,,,,,,,MySQL Developer
.Net,CSS3,HTML5,Python,PHP,Javascript,Database,Java,Ruby,SAS,C#,,,,,Back-end Engineer
Json,Perl,PostGIS,SQL,Python,Ruby,Java,Tcl,C++,,,,,,,Postgre SQL
SQL,Json,Perl,PostGIS,Python,C++,Ruby,Java,Tcl,,,,,,,Postgre SQL
Java,SAP,Database,SQL Server,SQL,Software Development Life Cycle (SDLC),Data Analysis,MongoDB,SSIS,CouchDB,ETL,Javascript,,,,SQL Developer
Python,Perl,SQL,Json,PostGIS,Ruby,C++,Tcl,Java,,,,,,,Postgre SQL
PHP,Python,HTML5,.Net,CSS3,SAS,Ruby,Java,Javascript,Database,C#,,,,,Back-end Engineer
Json,Python,Perl,PostGIS,SQL,C++,Java,Tcl,Ruby,,,,,,,Postgre SQL
SAP,PHP,Java,Javascript,SQL,C#,Data analysis,MongoDB,ETL,,,,,,,MySQL Developer
Database,SQL Server,SQL,Java,SAP,MongoDB,SSIS,CouchDB,Software Development Life Cycle (SDLC),Data Analysis,ETL,Javascript,,,,SQL Developer
PostGIS,Json,Python,SQL,Perl,Java,Tcl,C++,Ruby,,,,,,,Postgre SQL
Python,Json,Perl,PostGIS,SQL,Java,C++,Tcl,Ruby,,,,,,,Postgre SQL
Python,Json,Perl,SQL,PostGIS,Ruby,Java,C++,Tcl,,,,,,,Postgre SQL
Java,SAP,PHP,Javascript,SQL,MongoDB,C#,Data analysis,ETL,,,,,,,MySQL Developer
PHP,Java,Javascript,SAP,SQL,Data analysis,MongoDB,ETL,C#,,,,,,,MySQL Developer
Python,Java,PHP,SQL,Git,HTML5,CSS3,Javascript,Ruby,Django,Go Lang,Perl,Apache,MongoDB,Kubernetes,Back-end Developer
Java,Database,SAP,SQL Server,SQL,Software Development Life Cycle (SDLC),MongoDB,Data Analysis,SSIS,CouchDB,ETL,Javascript,,,,SQL Developer
PHP,Java,SQL,SAP,Javascript,ETL,C#,MongoDB,Data analysis,,,,,,,MySQL Developer
Python,SQL,Perl,PostGIS,Json,Tcl,Java,Ruby,C++,,,,,,,Postgre SQL
Python,.Net,HTML5,PHP,CSS3,Ruby,Javascript,Java,SAS,Database,C#,,,,,Back-end Engineer
Python,PHP,SQL,Java,Git,HTML5,Javascript,Ruby,CSS3,Django,Go Lang,Apache,MongoDB,Perl,Kubernetes,Back-end Developer
.Net,PHP,Python,CSS3,HTML5,Javascript,SAS,Ruby,Database,Java,C#,,,,,Back-end Engineer
PHP,Git,Java,Python,SQL,Javascript,Django,CSS3,HTML5,Ruby,Apache,Kubernetes,Perl,Go Lang,MongoDB,Back-end Developer
Java,Javascript,SAP,PHP,SQL,MongoDB,ETL,C#,Data analysis,,,,,,,MySQL Developer
PostGIS,Python,Perl,Json,SQL,Ruby,Java,Tcl,C++,,,,,,,Postgre SQL
SQL,Database,SAP,SQL Server,Java,CouchDB,MongoDB,Data Analysis,SSIS,Software Development Life Cycle (SDLC),ETL,Javascript,,,,SQL Developer
Java,Javascript,SQL,SAP,PHP,Data analysis,MongoDB,C#,ETL,,,,,,,MySQL Developer
SQL,Json,PostGIS,Perl,Python,C++,Ruby,Tcl,Java,,,,,,,Postgre SQL
SQL Server,Java,SAP,SQL,Database,SSIS,Software Development Life Cycle (SDLC),Data Analysis,CouchDB,MongoDB,ETL,Javascript,,,,SQL Developer
Perl,Json,SQL,Python,PostGIS,C++,Java,Tcl,Ruby,,,,,,,Postgre SQL
SQL,Perl,Python,PostGIS,Json,Java,Ruby,Tcl,C++,,,,,,,Postgre SQL
.Net,PHP,CSS3,Python,HTML5,Javascript,SAS,Database,Ruby,Java,C#,,,,,Back-end Engineer
Perl,SQL,PostGIS,Json,Python,Java,C++,Tcl,Ruby,,,,,,,Postgre SQL
Javascript,SQL,SAP,PHP,Java,Data analysis,ETL,MongoDB,C#,,,,,,,MySQL Developer
Python,Json,PostGIS,SQL,Perl,C++,Tcl,Java,Ruby,,,,,,,Postgre SQL
SQL,Perl,Python,Json,PostGIS,Tcl,C++,Ruby,Java,,,,,,,Postgre SQL
Python,PHP,.Net,CSS3,HTML5,Ruby,SAS,Javascript,Database,Java,C#,,,,,Back-end Engineer
Javascript,PHP,SQL,SAP,Java,Data analysis,C#,ETL,MongoDB,,,,,,,MySQL Developer
Javascript,Java,SAP,PHP,SQL,ETL,MongoDB,C#,Data analysis,,,,,,,MySQL Developer
Javascript,Java,PHP,SAP,SQL,ETL,MongoDB,Data analysis,C#,,,,,,,MySQL Developer
Java,SQL,SQL Server,Database,SAP,Software Development Life Cycle (SDLC),CouchDB,SSIS,MongoDB,Data Analysis,ETL,Javascript,,,,SQL Developer
Git,Python,SQL,PHP,Java,Django,HTML5,Ruby,Javascript,CSS3,Kubernetes,Go Lang,MongoDB,Apache,Perl,Back-end Developer
Git,SQL,Python,PHP,Java,Django,Ruby,HTML5,Javascript,CSS3,Kubernetes,MongoDB,Go Lang,Apache,Perl,Back-end Developer
SAP,PHP,Javascript,Java,SQL,C#,Data analysis,ETL,MongoDB,,,,,,,MySQL Developer
.Net,PHP,HTML5,CSS3,Python,Javascript,SAS,Java,Database,Ruby,C#,,,,,Back-end Engineer
Java,SAP,SQL,SQL Server,Database,Software Development Life Cycle (SDLC),Data Analysis,CouchDB,SSIS,MongoDB,ETL,Javascript,,,,SQL Developer
SQL,PHP,Git,Java,Python,Ruby,Javascript,Django,CSS3,HTML5,MongoDB,Apache,Kubernetes,Perl,Go Lang,Back-end Developer
PHP,Python,Git,SQL,Java,Javascript,HTML5,Django,Ruby,CSS3,Apache,Go Lang,Kubernetes,MongoDB,Perl,Back-end Developer
CSS3,.Net,PHP,Python,HTML5,Database,Javascript,SAS,Ruby,Java,C#,,,,,Back-end Engineer
SQL,Java,SAP,Javascript,PHP,C#,Data analysis,ETL,MongoDB,,,,,,,MySQL Developer
PHP,SQL,SAP,Java,Javascript,ETL,MongoDB,Data analysis,C#,,,,,,,MySQL Developer
PostGIS,Json,SQL,Perl,Python,Tcl,Ruby,C++,Java,,,,,,,Postgre SQL
Git,PHP,SQL,Java,Python,Django,Javascript,Ruby,CSS3,HTML5,Kubernetes,Apache,MongoDB,Perl,Go Lang,Back-end Developer
Java,SQL Server,SQL,Database,SAP,Software Development Life Cycle (SDLC),SSIS,CouchDB,MongoDB,Data Analysis,ETL,Javascript,,,,SQL Developer
Perl,Python,PostGIS,SQL,Json,Ruby,Tcl,C++,Java,,,,,,,Postgre SQL
Javascript,SAP,Java,PHP,SQL,ETL,C#,MongoDB,Data analysis,,,,,,,MySQL Developer
Python,Perl,Json,PostGIS,SQL,Java,Tcl,C++,Ruby,,,,,,,Postgre SQL
Git,Python,PHP,SQL,Java,Django,HTML5,Javascript,Ruby,CSS3,Kubernetes,Go Lang,Apache,MongoDB,Perl,Back-end Developer
Java,Javascript,SAP,SQL,PHP,Data analysis,MongoDB,ETL,C#,,,,,,,MySQL Developer
Javascript,SQL,PHP,SAP,Java,Data analysis,ETL,C#,MongoDB,,,,,,,MySQL Developer
Java,Python,SQL,PHP,Git,CSS3,HTML5,Ruby,Javascript,Django,Perl,Go Lang,MongoDB,Apache,Kubernetes,Back-end Developer
CSS3,HTML5,.Net,Python,PHP,Database,Java,Javascript,Ruby,SAS,C#,,,,,Back-end Engineer
Java,Git,SQL,PHP,Python,CSS3,Django,Ruby,Javascript,HTML5,Perl,Kubernetes,MongoDB,Apache,Go Lang,Back-end Developer
.Net,PHP,HTML5,Python,CSS3,Javascript,SAS,Java,Ruby,Database,C#,,,,,Back-end Engineer
Database,SQL,SAP,Java,SQL Server,MongoDB,CouchDB,Data Analysis,Software Development Life Cycle (SDLC),SSIS,ETL,Javascript,,,,SQL Developer
Git,Python,PHP,Java,SQL,Django,HTML5,Javascript,CSS3,Ruby,Kubernetes,Go Lang,Apache,Perl,MongoDB,Back-end Developer
.Net,Python,HTML5,PHP,CSS3,Javascript,Ruby,Java,SAS,Database,C#,,,,,Back-end Engineer
SAP,Java,Javascript,SQL,PHP,ETL,Data analysis,MongoDB,C#,,,,,,,MySQL Developer
PHP,Python,CSS3,HTML5,.Net,SAS,Ruby,Database,Java,Javascript,C#,,,,,Back-end Engineer
SQL,Java,SAP,SQL Server,Database,CouchDB,Software Development Life Cycle (SDLC),Data Analysis,SSIS,MongoDB,ETL,Javascript,,,,SQL Developer
Database,SAP,SQL Server,SQL,Java,MongoDB,Data Analysis,SSIS,CouchDB,Software Development Life Cycle (SDLC),ETL,Javascript,,,,SQL Developer
Java,Git,Python,SQL,PHP,CSS3,Django,HTML5,Ruby,Javascript,Perl,Kubernetes,Go Lang,MongoDB,Apache,Back-end Developer
PHP,Java,SQL,Javascript,SAP,MongoDB,ETL,Data analysis,C#,,,,,,,MySQL Developer
PHP,Java,SQL,Git,Python,Javascript,CSS3,Ruby,Django,HTML5,Apache,Perl,MongoDB,Kubernetes,Go Lang,Back-end Developer
Python,.Net,PHP,HTML5,CSS3,Ruby,Javascript,SAS,Java,Database,C#,,,,,Back-end Engineer
PHP,SQL,Python,Java,Git,Javascript,Ruby,HTML5,CSS3,Django,Apache,MongoDB,Go Lang,Perl,Kubernetes,Back-end Developer
SQL,Java,SQL Server,SAP,Database,CouchDB,Software Development Life Cycle (SDLC),SSIS,Data Analysis,MongoDB,ETL,Javascript,,,,SQL Developer
Java,SQL,SAP,PHP,Javascript,C#,MongoDB,Data analysis,ETL,,,,,,,MySQL Developer
Java,PHP,Python,SQL,Git,CSS3,Javascript,HTML5,Ruby,Django,Perl,Apache,Go Lang,MongoDB,Kubernetes,Back-end Developer
SQL,PHP,Git,Python,Java,Ruby,Javascript,Django,HTML5,CSS3,MongoDB,Apache,Kubernetes,Go Lang,Perl,Back-end Developer
HTML5,.Net,PHP,Python,CSS3,Java,Javascript,SAS,Ruby,Database,C#,,,,,Back-end Engineer
SAP,SQL,PHP,Java,Javascript,Data analysis,MongoDB,ETL,C#,,,,,,,MySQL Developer
.Net,CSS3,PHP,HTML5,Python,Javascript,Database,SAS,Java,Ruby,C#,,,,,Back-end Engineer
CSS3,.Net,HTML5,Python,PHP,Database,Javascript,Java,Ruby,SAS,C#,,,,,Back-end Engineer
SQL,PostGIS,Python,Json,Perl,Ruby,Java,C++,Tcl,,,,,,,Postgre SQL
HTML5,.Net,CSS3,PHP,Python,Java,Javascript,Database,SAS,Ruby,C#,,,,,Back-end Engineer
Java,SQL,PHP,Python,Git,CSS3,Ruby,Javascript,HTML5,Django,Perl,MongoDB,Apache,Go Lang,Kubernetes,Back-end Developer
Python,Perl,SQL,PostGIS,Json,Tcl,Ruby,Java,C++,,,,,,,Postgre SQL
Git,Java,PHP,SQL,Python,Django,CSS3,Javascript,Ruby,HTML5,Kubernetes,Perl,Apache,MongoDB,Go Lang,Back-end Developer
PHP,CSS3,Python,.Net,HTML5,SAS,Database,Ruby,Javascript,Java,C#,,,,,Back-end Engineer
Java,SQL Server,Database,SAP,SQL,Software Development Life Cycle (SDLC),SSIS,MongoDB,Data Analysis,CouchDB,ETL,Javascript,,,,SQL Developer
Python,SQL,Java,Git,PHP,HTML5,Ruby,CSS3,Django,Javascript,Go Lang,MongoDB,Perl,Kubernetes,Apache,Back-end Developer
Python,PHP,SQL,Git,Java,HTML5,Javascript,Ruby,Django,CSS3,Go Lang,Apache,MongoDB,Kubernetes,Perl,Back-end Developer
HTML5,Python,CSS3,.Net,PHP,Java,Ruby,Database,Javascript,SAS,C#,,,,,Back-end Engineer
CSS3,HTML5,Python,PHP,.Net,Database,Java,Ruby,SAS,Javascript,C#,,,,,Back-end Engineer
SAP,Database,SQL Server,SQL,Java,Data Analysis,MongoDB,SSIS,CouchDB,Software Development Life Cycle (SDLC),ETL,Javascript,,,,SQL Developer
Perl,Json,Python,SQL,PostGIS,C++,Java,Ruby,Tcl,,,,,,,Postgre SQL
SQL,Java,SAP,Database,SQL Server,CouchDB,Software Development Life Cycle (SDLC),Data Analysis,MongoDB,SSIS,ETL,Javascript,,,,SQL Developer
Java,Git,Python,PHP,SQL,CSS3,Django,HTML5,Javascript,Ruby,Perl,Kubernetes,Go Lang,Apache,MongoDB,Back-end Developer
Perl,Python,SQL,Json,PostGIS,C++,Ruby,Tcl,Java,,,,,,,Postgre SQL
PostGIS,Python,Json,SQL,Perl,Java,C++,Tcl,Ruby,,,,,,,Postgre SQL
Java,SAP,Javascript,SQL,PHP,Data analysis,ETL,MongoDB,C#,,,,,,,MySQL Developer
SQL,Python,Git,PHP,Java,Ruby,HTML5,Django,Javascript,CSS3,MongoDB,Go Lang,Kubernetes,Apache,Perl,Back-end Developer
PHP,SQL,Python,Git,Java,Javascript,Ruby,HTML5,Django,CSS3,Apache,MongoDB,Go Lang,Kubernetes,Perl,Back-end Developer
Database,SAP,SQL Server,Java,SQL,MongoDB,Data Analysis,SSIS,Software Development Life Cycle (SDLC),CouchDB,ETL,Javascript,,,,SQL Developer
Json,Perl,SQL,PostGIS,Python,Ruby,Java,C++,Tcl,,,,,,,Postgre SQL
Java,PHP,SQL,Git,Python,CSS3,Javascript,Ruby,Django,HTML5,Perl,Apache,MongoDB,Kubernetes,Go Lang,Back-end Developer
PHP,.Net,HTML5,Python,CSS3,SAS,Javascript,Java,Ruby,Database,C#,,,,,Back-end Engineer
Git,SQL,PHP,Java,Python,Django,Ruby,Javascript,CSS3,HTML5,Kubernetes,MongoDB,Apache,Perl,Go Lang,Back-end Developer
SQL,SAP,SQL Server,Database,Java,CouchDB,Data Analysis,SSIS,MongoDB,Software Development Life Cycle (SDLC),ETL,Javascript,,,,SQL Developer
SQL,PHP,Python,Git,Java,Ruby,Javascript,HTML5,Django,CSS3,MongoDB,Apache,Go Lang,Kubernetes,Perl,Back-end Developer
Python,Java,Git,SQL,PHP,HTML5,CSS3,Django,Ruby,Javascript,Go Lang,Perl,Kubernetes,MongoDB,Apache,Back-end Developer
SQL Server,Java,Database,SQL,SAP,SSIS,Software Development Life Cycle (SDLC),MongoDB,CouchDB,Data Analysis,ETL,Javascript,,,,SQL Developer
SQL,Json,Python,PostGIS,Perl,Ruby,Tcl,C++,Java,,,,,,,Postgre SQL
SAP,SQL,PHP,Javascript,Java,MongoDB,ETL,C#,Data analysis,,,,,,,MySQL Developer
Perl,PostGIS,SQL,Python,Json,Ruby,C++,Java,Tcl,,,,,,,Postgre SQL
Python,PHP,.Net,HTML5,CSS3,Ruby,SAS,Javascript,Java,Database,C#,,,,,Back-end Engineer
SQL Server,SQL,SAP,Java,Database,SSIS,CouchDB,Data Analysis,Software Development Life Cycle (SDLC),MongoDB,ETL,Javascript,,,,SQL Developer
PHP,Git,Python,SQL,Java,Javascript,Django,HTML5,Ruby,CSS3,Apache,Kubernetes,Go Lang,MongoDB,Perl,Back-end Developer
SQL,SQL Server,Database,SAP,Java,CouchDB,SSIS,MongoDB,Data Analysis,Software Development Life Cycle (SDLC),ETL,Javascript,,,,SQL Developer
Python,SQL,PostGIS,Perl,Json,Tcl,Java,C++,Ruby,,,,,,,Postgre SQL
SAP,Java,SQL Server,Database,SQL,Data Analysis,Software Development Life Cycle (SDLC),SSIS,MongoDB,CouchDB,ETL,Javascript,,,,SQL Developer
HTML5,.Net,Python,PHP,CSS3,Java,Javascript,Ruby,SAS,Database,C#,,,,,Back-end Engineer
PHP,Python,Java,SQL,Git,Javascript,HTML5,CSS3,Ruby,Django,Apache,Go Lang,Perl,MongoDB,Kubernetes,Back-end Developer
Python,HTML5,PHP,.Net,CSS3,Ruby,Java,SAS,Javascript,Database,C#,,,,,Back-end Engineer
Git,SQL,Java,Python,PHP,Django,Ruby,CSS3,HTML5,Javascript,Kubernetes,MongoDB,Perl,Go Lang,Apache,Back-end Developer
HTML5,CSS3,PHP,.Net,Python,Java,Database,SAS,Javascript,Ruby,C#,,,,,Back-end Engineer
Javascript,SAP,PHP,SQL,Java,Data analysis,MongoDB,C#,ETL,,,,,,,MySQL Developer
.Net,HTML5,PHP,Python,CSS3,Javascript,Java,SAS,Ruby,Database,C#,,,,,Back-end Engineer
PHP,CSS3,.Net,HTML5,Python,SAS,Database,Javascript,Java,Ruby,C#,,,,,Back-end Engineer
Database,SQL,SAP,SQL Server,Java,MongoDB,CouchDB,Data Analysis,SSIS,Software Development Life Cycle (SDLC),ETL,Javascript,,,,SQL Developer
SQL,Python,PostGIS,Json,Perl,Ruby,C++,Java,Tcl,,,,,,,Postgre SQL
PHP,.Net,Python,HTML5,CSS3,SAS,Javascript,Ruby,Java,Database,C#,,,,,Back-end Engineer
Java,Javascript,PHP,SQL,SAP,ETL,C#,MongoDB,Data analysis,,,,,,,MySQL Developer
PHP,HTML5,Python,CSS3,.Net,SAS,Java,Ruby,Database,Javascript,C#,,,,,Back-end Engineer
HTML5,CSS3,PHP,Python,.Net,Java,Database,SAS,Ruby,Javascript,C#,,,,,Back-end Engineer
PHP,SQL,Javascript,Java,SAP,MongoDB,Data analysis,C#,ETL,,,,,,,MySQL Developer
Python,PHP,HTML5,.Net,CSS3,Ruby,SAS,Java,Javascript,Database,C#,,,,,Back-end Engineer
Perl,SQL,PostGIS,Python,Json,Ruby,Java,C++,Tcl,,,,,,,Postgre SQL
SAP,Javascript,PHP,SQL,Java,MongoDB,Data analysis,C#,ETL,,,,,,,MySQL Developer
SQL Server,SQL,Java,SAP,Database,SSIS,CouchDB,Software Development Life Cycle (SDLC),Data Analysis,MongoDB,ETL,Javascript,,,,SQL Developer
PHP,SQL,Javascript,SAP,Java,C#,ETL,Data analysis,MongoDB,,,,,,,MySQL Developer
Json,Perl,Python,SQL,PostGIS,Java,C++,Ruby,Tcl,,,,,,,Postgre SQL
Git,SQL,PHP,Python,Java,Django,Ruby,Javascript,HTML5,CSS3,Kubernetes,MongoDB,Apache,Go Lang,Perl,Back-end Developer
SQL,SQL Server,SAP,Database,Java,CouchDB,SSIS,Data Analysis,MongoDB,Software Development Life Cycle (SDLC),ETL,Javascript,,,,SQL Developer
SQL,Python,PHP,Git,Java,Ruby,HTML5,Javascript,Django,CSS3,MongoDB,Go Lang,Apache,Kubernetes,Perl,Back-end Developer
SAP,PHP,Javascript,SQL,Java,MongoDB,C#,Data analysis,ETL,,,,,,,MySQL Developer
SQL,Database,Java,SAP,SQL Server,CouchDB,MongoDB,Software Development Life Cycle (SDLC),Data Analysis,SSIS,ETL,Javascript,,,,SQL Developer
Java,SQL,Git,PHP,Python,CSS3,Ruby,Django,Javascript,HTML5,Perl,MongoDB,Kubernetes,Apache,Go Lang,Back-end Developer
PHP,CSS3,Python,HTML5,.Net,SAS,Database,Ruby,Java,Javascript,C#,,,,,Back-end Engineer
PHP,Git,Java,SQL,Python,Javascript,Django,CSS3,Ruby,HTML5,Apache,Kubernetes,Perl,MongoDB,Go Lang,Back-end Developer
Python,PostGIS,SQL,Json,Perl,C++,Java,Ruby,Tcl,,,,,,,Postgre SQL
HTML5,Python,PHP,.Net,CSS3,Java,Ruby,SAS,Javascript,Database,C#,,,,,Back-end Engineer
Database,SQL Server,Java,SAP,SQL,MongoDB,SSIS,Software Development Life Cycle (SDLC),Data Analysis,CouchDB,ETL,Javascript,,,,SQL Developer
Java,Python,Git,PHP,SQL,CSS3,HTML5,Django,Javascript,Ruby,Perl,Go Lang,Kubernetes,Apache,MongoDB,Back-end Developer
Python,PHP,Java,Git,SQL,HTML5,Javascript,CSS3,Django,Ruby,Go Lang,Apache,Perl,Kubernetes,MongoDB,Back-end Developer
SQL Server,Database,SAP,SQL,Java,SSIS,MongoDB,Data Analysis,CouchDB,Software Development Life Cycle (SDLC),ETL,Javascript,,,,SQL Developer
SQL,Javascript,SAP,Java,PHP,C#,MongoDB,ETL,Data analysis,,,,,,,MySQL Developer
SQL,Java,Git,Python,PHP,Ruby,CSS3,Django,HTML5,Javascript,MongoDB,Perl,Kubernetes,Go Lang,Apache,Back-end Developer
Javascript,Java,PHP,SQL,SAP,C#,ETL,MongoDB,Data analysis,,,,,,,MySQL Developer
Database,SQL,Java,SQL Server,SAP,MongoDB,CouchDB,Software Development Life Cycle (SDLC),SSIS,Data Analysis,ETL,Javascript,,,,SQL Developer
CSS3,Python,HTML5,.Net,PHP,Database,Ruby,Java,Javascript,SAS,C#,,,,,Back-end Engineer
Python,CSS3,HTML5,PHP,.Net,Ruby,Database,Java,SAS,Javascript,C#,,,,,Back-end Engineer
Database,Java,SQL Server,SQL,SAP,MongoDB,Software Development Life Cycle (SDLC),SSIS,CouchDB,Data Analysis,ETL,Javascript,,,,SQL Developer
PHP,.Net,CSS3,HTML5,Python,SAS,Javascript,Database,Java,Ruby,C#,,,,,Back-end Engineer
PHP,SQL,Java,Git,Python,Javascript,Ruby,CSS3,Django,HTML5,Apache,MongoDB,Perl,Kubernetes,Go Lang,Back-end Developer
SQL,Java,Javascript,SAP,PHP,C#,Data analysis,MongoDB,ETL,,,,,,,MySQL Developer
Git,PHP,Java,Python,SQL,Django,Javascript,CSS3,HTML5,Ruby,Kubernetes,Apache,Perl,Go Lang,MongoDB,Back-end Developer
PHP,Python,Git,Java,SQL,Javascript,HTML5,Django,CSS3,Ruby,Apache,Go Lang,Kubernetes,Perl,MongoDB,Back-end Developer
SQL,Database,Java,SQL Server,SAP,CouchDB,MongoDB,Software Development Life Cycle (SDLC),SSIS,Data Analysis,ETL,Javascript,,,,SQL Developer
SAP,SQL,SQL Server,Java,Database,Data Analysis,CouchDB,SSIS,Software Development Life Cycle (SDLC),MongoDB,ETL,Javascript,,,,SQL Developer
.Net,Python,HTML5,CSS3,PHP,Javascript,Ruby,Java,Database,SAS,C#,,,,,Back-end Engineer
PHP,SQL,SAP,Javascript,Java,C#,ETL,MongoDB,Data analysis,,,,,,,MySQL Developer
Javascript,Java,SQL,SAP,PHP,MongoDB,Data analysis,C#,ETL,,,,,,,MySQL Developer
SQL,Json,Perl,Python,PostGIS,Tcl,Java,C++,Ruby,,,,,,,Postgre SQL
Java,SQL,SAP,SQL Server,Database,Software Development Life Cycle (SDLC),CouchDB,Data Analysis,SSIS,MongoDB,ETL,Javascript,,,,SQL Developer
CSS3,HTML5,.Net,PHP,Python,Database,Java,Javascript,SAS,Ruby,C#,,,,,Back-end Engineer
SQL,PHP,Java,SAP,Javascript,MongoDB,ETL,C#,Data analysis,,,,,,,MySQL Developer
Json,Python,SQL,Perl,PostGIS,Java,Ruby,Tcl,C++,,,,,,,Postgre SQL
CSS3,HTML5,PHP,Python,.Net,Database,Java,SAS,Ruby,Javascript,C#,,,,,Back-end Engineer
SAP,Java,Javascript,PHP,SQL,C#,MongoDB,ETL,Data analysis,,,,,,,MySQL Developer
PostGIS,Json,Perl,Python,SQL,Ruby,C++,Tcl,Java,,,,,,,Postgre SQL
Java,SQL,Database,SQL Server,SAP,Software Development Life Cycle (SDLC),CouchDB,MongoDB,SSIS,Data Analysis,ETL,Javascript,,,,SQL Developer
Git,Java,SQL,PHP,Python,Django,CSS3,Ruby,Javascript,HTML5,Kubernetes,Perl,MongoDB,Apache,Go Lang,Back-end Developer
Java,Database,SQL,SAP,SQL Server,Software Development Life Cycle (SDLC),MongoDB,CouchDB,Data Analysis,SSIS,ETL,Javascript,,,,SQL Developer
Python,HTML5,PHP,CSS3,.Net,Ruby,Java,SAS,Database,Javascript,C#,,,,,Back-end Engineer
SQL,SAP,Database,SQL Server,Java,CouchDB,Data Analysis,MongoDB,SSIS,Software Development Life Cycle (SDLC),ETL,Javascript,,,,SQL Developer
PostGIS,SQL,Json,Python,Perl,Java,Ruby,Tcl,C++,,,,,,,Postgre SQL
Perl,Python,PostGIS,Json,SQL,Tcl,Java,Ruby,C++,,,,,,,Postgre SQL
HTML5,Python,PHP,CSS3,.Net,Java,Ruby,SAS,Database,Javascript,C#,,,,,Back-end Engineer
SAP,Database,SQL Server,Java,SQL,Data Analysis,MongoDB,SSIS,Software Development Life Cycle (SDLC),CouchDB,ETL,Javascript,,,,SQL Developer
Perl,SQL,Json,Python,PostGIS,C++,Tcl,Java,Ruby,,,,,,,Postgre SQL
PHP,CSS3,.Net,Python,HTML5,SAS,Database,Javascript,Ruby,Java,C#,,,,,Back-end Engineer
.Net,PHP,Python,HTML5,CSS3,Javascript,SAS,Ruby,Java,Database,C#,,,,,Back-end Engineer
Perl,Json,PostGIS,SQL,Python,Java,Ruby,Tcl,C++,,,,,,,Postgre SQL
Javascript,Java,SAP,SQL,PHP,MongoDB,Data analysis,ETL,C#,,,,,,,MySQL Developer
.Net,CSS3,Python,PHP,HTML5,Javascript,Database,Ruby,SAS,Java,C#,,,,,Back-end Engineer
Python,PostGIS,Json,Perl,SQL,Java,Ruby,C++,Tcl,,,,,,,Postgre SQL
HTML5,Python,.Net,PHP,CSS3,Java,Ruby,Javascript,SAS,Database,C#,,,,,Back-end Engineer
SAP,SQL Server,SQL,Java,Database,Data Analysis,SSIS,CouchDB,Software Development Life Cycle (SDLC),MongoDB,ETL,Javascript,,,,SQL Developer
Java,PHP,SAP,Javascript,SQL,MongoDB,Data analysis,C#,ETL,,,,,,,MySQL Developer
PHP,Javascript,SQL,Java,SAP,MongoDB,C#,Data analysis,ETL,,,,,,,MySQL Developer
SQL,Json,PostGIS,Python,Perl,Ruby,Tcl,Java,C++,,,,,,,Postgre SQL
Python,HTML5,CSS3,PHP,.Net,Ruby,Java,Database,SAS,Javascript,C#,,,,,Back-end Engineer
Perl,SQL,Python,Json,PostGIS,C++,Tcl,Ruby,Java,,,,,,,Postgre SQL
SQL,Python,Perl,PostGIS,Json,Java,Tcl,Ruby,C++,,,,,,,Postgre SQL
SAP,Database,Java,SQL Server,SQL,Data Analysis,MongoDB,Software Development Life Cycle (SDLC),SSIS,CouchDB,ETL,Javascript,,,,SQL Developer
Java,SQL,Javascript,PHP,SAP,ETL,Data analysis,C#,MongoDB,,,,,,,MySQL Developer
Python,SQL,PostGIS,Json,Perl,C++,Ruby,Java,Tcl,,,,,,,Postgre SQL
Javascript,PHP,SQL,Java,SAP,C#,MongoDB,Data analysis,ETL,,,,,,,MySQL Developer
SQL,Git,PHP,Python,Java,Ruby,Django,Javascript,HTML5,CSS3,MongoDB,Kubernetes,Apache,Go Lang,Perl,Back-end Developer
SQL,Java,Database,SAP,SQL Server,CouchDB,Software Development Life Cycle (SDLC),MongoDB,Data Analysis,SSIS,ETL,Javascript,,,,SQL Developer
PHP,Javascript,SAP,Java,SQL,Data analysis,ETL,C#,MongoDB,,,,,,,MySQL Developer
CSS3,.Net,HTML5,PHP,Python,Database,Javascript,Java,SAS,Ruby,C#,,,,,Back-end Engineer
SQL,Java,Git,PHP,Python,Ruby,CSS3,Django,Javascript,HTML5,MongoDB,Perl,Kubernetes,Apache,Go Lang,Back-end Developer
Python,CSS3,PHP,.Net,HTML5,Ruby,Database,SAS,Javascript,Java,C#,,,,,Back-end Engineer
SQL Server,Database,SAP,Java,SQL,SSIS,MongoDB,Data Analysis,Software Development Life Cycle (SDLC),CouchDB,ETL,Javascript,,,,SQL Developer
.Net,HTML5,PHP,CSS3,Python,Javascript,Java,SAS,Database,Ruby,C#,,,,,Back-end Engineer
Java,SAP,SQL Server,SQL,Database,Software Development Life Cycle (SDLC),Data Analysis,SSIS,CouchDB,MongoDB,ETL,Javascript,,,,SQL Developer
PostGIS,Perl,Json,Python,SQL,Ruby,Tcl,C++,Java,,,,,,,Postgre SQL
SQL,Python,Json,Perl,PostGIS,Tcl,Ruby,Java,C++,,,,,,,Postgre SQL
PHP,HTML5,CSS3,Python,.Net,SAS,Java,Database,Ruby,Javascript,C#,,,,,Back-end Engineer
Perl,SQL,Python,PostGIS,Json,Ruby,Java,Tcl,C++,,,,,,,Postgre SQL
PostGIS,Perl,Json,SQL,Python,Tcl,Java,Ruby,C++,,,,,,,Postgre SQL
Java,PHP,SQL,Python,Git,CSS3,Javascript,Ruby,HTML5,Django,Perl,Apache,MongoDB,Go Lang,Kubernetes,Back-end Developer
SQL Server,Java,Database,SAP,SQL,SSIS,Software Development Life Cycle (SDLC),MongoDB,Data Analysis,CouchDB,ETL,Javascript,,,,SQL Developer
Python,Perl,Json,SQL,PostGIS,Ruby,C++,Java,Tcl,,,,,,,Postgre SQL
Python,CSS3,.Net,PHP,HTML5,Ruby,Database,Javascript,SAS,Java,C#,,,,,Back-end Engineer
PHP,Javascript,SAP,SQL,Java,C#,Data analysis,MongoDB,ETL,,,,,,,MySQL Developer
Git,Java,SQL,Python,PHP,Django,CSS3,Ruby,HTML5,Javascript,Kubernetes,Perl,MongoDB,Go Lang,Apache,Back-end Developer
CSS3,Python,HTML5,PHP,.Net,Database,Ruby,Java,SAS,Javascript,C#,,,,,Back-end Engineer
SQL Server,SAP,Database,SQL,Java,SSIS,Data Analysis,MongoDB,CouchDB,Software Development Life Cycle (SDLC),ETL,Javascript,,,,SQL Developer
SQL,Perl,Json,PostGIS,Python,C++,Java,Ruby,Tcl,,,,,,,Postgre SQL
SQL,Java,Javascript,PHP,SAP,Data analysis,ETL,C#,MongoDB,,,,,,,MySQL Developer
Git,SQL,Java,PHP,Python,Django,Ruby,CSS3,Javascript,HTML5,Kubernetes,MongoDB,Perl,Apache,Go Lang,Back-end Developer
PHP,Java,SQL,Python,Git,Javascript,CSS3,Ruby,HTML5,Django,Apache,Perl,MongoDB,Go Lang,Kubernetes,Back-end Developer
Python,PostGIS,Json,SQL,Perl,C++,Java,Tcl,Ruby,,,,,,,Postgre SQL
PHP,Git,Python,Java,SQL,Javascript,Django,HTML5,CSS3,Ruby,Apache,Kubernetes,Go Lang,Perl,MongoDB,Back-end Developer
CSS3,HTML5,PHP,.Net,Python,Database,Java,SAS,Javascript,Ruby,C#,,,,,Back-end Engineer
SAP,Java,SQL,Database,SQL Server,Data Analysis,Software Development Life Cycle (SDLC),CouchDB,MongoDB,SSIS,ETL,Javascript,,,,SQL Developer
SQL,Git,PHP,Java,Python,Ruby,Django,Javascript,CSS3,HTML5,MongoDB,Kubernetes,Apache,Perl,Go Lang,Back-end Developer
SAP,Javascript,Java,SQL,PHP,ETL,MongoDB,Data analysis,C#,,,,,,,MySQL Developer
Python,CSS3,HTML5,.Net,PHP,Ruby,Database,Java,Javascript,SAS,C#,,,,,Back-end Engineer
Python,PHP,Git,SQL,Java,HTML5,Javascript,Django,Ruby,CSS3,Go Lang,Apache,Kubernetes,MongoDB,Perl,Back-end Developer
SQL,Perl,PostGIS,Json,Python,C++,Java,Tcl,Ruby,,,,,,,Postgre SQL
CSS3,PHP,.Net,Python,HTML5,Database,SAS,Javascript,Ruby,Java,C#,,,,,Back-end Engineer
SQL,Java,PHP,Javascript,SAP,Data analysis,ETL,MongoDB,C#,,,,,,,MySQL Developer
Javascript,SQL,Java,SAP,PHP,MongoDB,C#,Data analysis,ETL,,,,,,,MySQL Developer
Java,SAP,SQL,Database,SQL Server,Software Development Life Cycle (SDLC),Data Analysis,CouchDB,MongoDB,SSIS,ETL,Javascript,,,,SQL Developer
Java,Python,PHP,SQL,Git,CSS3,HTML5,Javascript,Ruby,Django,Perl,Go Lang,Apache,MongoDB,Kubernetes,Back-end Developer
SQL,SAP,Java,PHP,Javascript,MongoDB,Data analysis,C#,ETL,,,,,,,MySQL Developer
SQL,Python,Json,PostGIS,Perl,Ruby,C++,Tcl,Java,,,,,,,Postgre SQL
SAP,Javascript,Java,PHP,SQL,C#,ETL,MongoDB,Data analysis,,,,,,,MySQL Developer
PHP,HTML5,Python,.Net,CSS3,SAS,Java,Ruby,Javascript,Database,C#,,,,,Back-end Engineer
PHP,CSS3,HTML5,Python,.Net,SAS,Database,Java,Ruby,Javascript,C#,,,,,Back-end Engineer
Perl,PostGIS,Json,SQL,Python,Java,Tcl,Ruby,C++,,,,,,,Postgre SQL
Database,Java,SQL,SQL Server,SAP,MongoDB,Software Development Life Cycle (SDLC),CouchDB,SSIS,Data Analysis,ETL,Javascript,,,,SQL Developer
CSS3,.Net,Python,HTML5,PHP,Database,Javascript,Ruby,Java,SAS,C#,,,,,Back-end Engineer
Javascript,SQL,Java,PHP,SAP,C#,Data analysis,ETL,MongoDB,,,,,,,MySQL Developer
HTML5,CSS3,.Net,Python,PHP,Java,Database,Javascript,Ruby,SAS,C#,,,,,Back-end Engineer
SQL,Python,PHP,Java,Git,Ruby,HTML5,Javascript,CSS3,Django,MongoDB,Go Lang,Apache,Perl,Kubernetes,Back-end Developer
SAP,SQL Server,Java,SQL,Database,Data Analysis,SSIS,Software Development Life Cycle (SDLC),CouchDB,MongoDB,ETL,Javascript,,,,SQL Developer
Python,SQL,PHP,Git,Java,HTML5,Ruby,Javascript,Django,CSS3,Go Lang,MongoDB,Apache,Kubernetes,Perl,Back-end Developer
Database,SQL,Java,SAP,SQL Server,MongoDB,CouchDB,Software Development Life Cycle (SDLC),Data Analysis,SSIS,ETL,Javascript,,,,SQL Developer
SQL,Java,SQL Server,Database,SAP,CouchDB,Software Development Life Cycle (SDLC),SSIS,MongoDB,Data Analysis,ETL,Javascript,,,,SQL Developer
SQL,SAP,Java,Javascript,PHP,C#,ETL,Data analysis,MongoDB,,,,,,,MySQL Developer
Git,SQL,Python,Java,PHP,Django,Ruby,HTML5,CSS3,Javascript,Kubernetes,MongoDB,Go Lang,Perl,Apache,Back-end Developer
PostGIS,Json,Perl,SQL,Python,Tcl,Ruby,Java,C++,,,,,,,Postgre SQL
CSS3,.Net,Python,PHP,HTML5,Database,Javascript,Ruby,SAS,Java,C#,,,,,Back-end Engineer
HTML5,PHP,.Net,CSS3,Python,Java,SAS,Javascript,Database,Ruby,C#,,,,,Back-end Engineer
SQL,Python,Java,PHP,Git,Ruby,HTML5,CSS3,Javascript,Django,MongoDB,Go Lang,Perl,Apache,Kubernetes,Back-end Developer
SQL,PostGIS,Json,Python,Perl,Ruby,Java,Tcl,C++,,,,,,,Postgre SQL
PostGIS,Perl,Python,Json,SQL,Ruby,Tcl,Java,C++,,,,,,,Postgre SQL
SQL,Json,Python,Perl,PostGIS,Tcl,Java,Ruby,C++,,,,,,,Postgre SQL
Python,Git,Java,PHP,SQL,HTML5,Django,CSS3,Javascript,Ruby,Go Lang,Kubernetes,Perl,Apache,MongoDB,Back-end Developer
Java,PHP,SAP,SQL,Javascript,C#,ETL,Data analysis,MongoDB,,,,,,,MySQL Developer
Javascript,PHP,Java,SAP,SQL,ETL,Data analysis,MongoDB,C#,,,,,,,MySQL Developer
HTML5,CSS3,Python,PHP,.Net,Java,Database,Ruby,SAS,Javascript,C#,,,,,Back-end Engineer
Perl,Python,Json,PostGIS,SQL,Tcl,Java,C++,Ruby,,,,,,,Postgre SQL
SQL,SQL Server,Java,SAP,Database,CouchDB,SSIS,Software Development Life Cycle (SDLC),Data Analysis,MongoDB,ETL,Javascript,,,,SQL Developer
PHP,SAP,Javascript,SQL,Java,C#,MongoDB,Data analysis,ETL,,,,,,,MySQL Developer
SQL,PHP,Javascript,SAP,Java,ETL,C#,Data analysis,MongoDB,,,,,,,MySQL Developer
SQL,Git,Java,Python,PHP,Ruby,Django,CSS3,HTML5,Javascript,MongoDB,Kubernetes,Perl,Go Lang,Apache,Back-end Developer
Python,.Net,PHP,CSS3,HTML5,Ruby,Javascript,SAS,Database,Java,C#,,,,,Back-end Engineer
Java,Git,PHP,Python,SQL,CSS3,Django,Javascript,HTML5,Ruby,Perl,Kubernetes,Apache,Go Lang,MongoDB,Back-end Developer
PHP,Java,SAP,SQL,Javascript,ETL,C#,Data analysis,MongoDB,,,,,,,MySQL Developer
SQL,Database,SAP,Java,SQL Server,CouchDB,MongoDB,Data Analysis,Software Development Life Cycle (SDLC),SSIS,ETL,Javascript,,,,SQL Developer
Json,PostGIS,SQL,Python,Perl,Tcl,Java,Ruby,C++,,,,,,,Postgre SQL
PHP,HTML5,CSS3,.Net,Python,SAS,Java,Database,Javascript,Ruby,C#,,,,,Back-end Engineer
Python,SQL,Git,Java,PHP,HTML5,Ruby,Django,CSS3,Javascript,Go Lang,MongoDB,Kubernetes,Perl,Apache,Back-end Developer
.Net,HTML5,Python,PHP,CSS3,Javascript,Java,Ruby,SAS,Database,C#,,,,,Back-end Engineer
SAP,SQL Server,Database,Java,SQL,Data Analysis,SSIS,MongoDB,Software Development Life Cycle (SDLC),CouchDB,ETL,Javascript,,,,SQL Developer
Database,SQL Server,SAP,SQL,Java,MongoDB,SSIS,Data Analysis,CouchDB,Software Development Life Cycle (SDLC),ETL,Javascript,,,,SQL Developer
Java,SQL,SAP,Javascript,PHP,Data analysis,C#,ETL,MongoDB,,,,,,,MySQL Developer
Database,SAP,Java,SQL,SQL Server,MongoDB,Data Analysis,Software Development Life Cycle (SDLC),CouchDB,SSIS,ETL,Javascript,,,,SQL Developer
SQL,PostGIS,Json,Perl,Python,C++,Tcl,Ruby,Java,,,,,,,Postgre SQL
SQL,Javascript,SAP,PHP,Java,ETL,Data analysis,MongoDB,C#,,,,,,,MySQL Developer
CSS3,PHP,Python,.Net,HTML5,Database,SAS,Ruby,Javascript,Java,C#,,,,,Back-end Engineer
Database,SAP,SQL,Java,SQL Server,MongoDB,Data Analysis,CouchDB,Software Development Life Cycle (SDLC),SSIS,ETL,Javascript,,,,SQL Developer
PostGIS,SQL,Python,Perl,Json,C++,Java,Tcl,Ruby,,,,,,,Postgre SQL
Json,Python,PostGIS,Perl,SQL,C++,Java,Ruby,Tcl,,,,,,,Postgre SQL
Perl,PostGIS,SQL,Json,Python,Java,Tcl,C++,Ruby,,,,,,,Postgre SQL
SAP,SQL Server,Java,Database,SQL,Data Analysis,SSIS,Software Development Life Cycle (SDLC),MongoDB,CouchDB,ETL,Javascript,,,,SQL Developer
PHP,Javascript,Java,SAP,SQL,Data analysis,ETL,MongoDB,C#,,,,,,,MySQL Developer
Java,SQL,PHP,Javascript,SAP,ETL,Data analysis,MongoDB,C#,,,,,,,MySQL Developer
Json,Python,PostGIS,SQL,Perl,Tcl,C++,Java,Ruby,,,,,,,Postgre SQL
PHP,Javascript,SQL,SAP,Java,C#,Data analysis,ETL,MongoDB,,,,,,,MySQL Developer
SAP,Database,Java,SQL,SQL Server,Data Analysis,MongoDB,Software Development Life Cycle (SDLC),CouchDB,SSIS,ETL,Javascript,,,,SQL Developer
SQL Server,Java,SQL,Database,SAP,SSIS,Software Development Life Cycle (SDLC),CouchDB,MongoDB,Data Analysis,ETL,Javascript,,,,SQL Developer
Perl,Python,SQL,PostGIS,Json,Ruby,Tcl,Java,C++,,,,,,,Postgre SQL
Perl,SQL,Json,PostGIS,Python,Java,C++,Ruby,Tcl,,,,,,,Postgre SQL
Python,SQL,Java,PHP,Git,HTML5,Ruby,CSS3,Javascript,Django,Go Lang,MongoDB,Perl,Apache,Kubernetes,Back-end Developer
SQL,Python,Perl,Json,PostGIS,Tcl,Ruby,C++,Java,,,,,,,Postgre SQL
SAP,SQL Server,Database,SQL,Java,Data Analysis,SSIS,MongoDB,CouchDB,Software Development Life Cycle (SDLC),ETL,Javascript,,,,SQL Developer
SQL,Database,SQL Server,SAP,Java,CouchDB,MongoDB,SSIS,Data Analysis,Software Development Life Cycle (SDLC),ETL,Javascript,,,,SQL Developer
.Net,Python,CSS3,HTML5,PHP,Javascript,Ruby,Database,Java,SAS,C#,,,,,Back-end Engineer
Python,Java,PHP,Git,SQL,HTML5,CSS3,Javascript,Django,Ruby,Go Lang,Perl,Apache,Kubernetes,MongoDB,Back-end Developer
Java,Javascript,PHP,SAP,SQL,MongoDB,ETL,Data analysis,C#,,,,,,,MySQL Developer
Database,SAP,Java,SQL Server,SQL,MongoDB,Data Analysis,Software Development Life Cycle (SDLC),SSIS,CouchDB,ETL,Javascript,,,,SQL Developer
Python,PHP,Git,Java,SQL,HTML5,Javascript,Django,CSS3,Ruby,Go Lang,Apache,Kubernetes,Perl,MongoDB,Back-end Developer
Database,SQL Server,SQL,SAP,Java,MongoDB,SSIS,CouchDB,Data Analysis,Software Development Life Cycle (SDLC),ETL,Javascript,,,,SQL Developer
SAP,Java,PHP,Javascript,SQL,C#,MongoDB,Data analysis,ETL,,,,,,,MySQL Developer
SQL,SAP,Javascript,PHP,Java,ETL,MongoDB,Data analysis,C#,,,,,,,MySQL Developer
Java,SQL,PHP,SAP,Javascript,C#,MongoDB,ETL,Data analysis,,,,,,,MySQL Developer
SQL,SAP,PHP,Java,Javascript,MongoDB,Data analysis,ETL,C#,,,,,,,MySQL Developer
PHP,HTML5,.Net,Python,CSS3,SAS,Java,Javascript,Ruby,Database,C#,,,,,Back-end Engineer
PostGIS,SQL,Python,Json,Perl,Java,Ruby,C++,Tcl,,,,,,,Postgre SQL
SQL,SQL Server,SAP,Java,Database,CouchDB,SSIS,Data Analysis,Software Development Life Cycle (SDLC),MongoDB,ETL,Javascript,,,,SQL Developer
PHP,Java,SAP,Javascript,SQL,Data analysis,MongoDB,C#,ETL,,,,,,,MySQL Developer
Python,CSS3,PHP,HTML5,.Net,Ruby,Database,SAS,Java,Javascript,C#,,,,,Back-end Engineer
HTML5,.Net,PHP,CSS3,Python,Java,Javascript,SAS,Database,Ruby,C#,,,,,Back-end Engineer
Javascript,SAP,PHP,Java,SQL,ETL,C#,Data analysis,MongoDB,,,,,,,MySQL Developer
PHP,Git,SQL,Java,Python,Javascript,Django,Ruby,CSS3,HTML5,Apache,Kubernetes,MongoDB,Perl,Go Lang,Back-end Developer
Java,PHP,Javascript,SQL,SAP,ETL,MongoDB,C#,Data analysis,,,,,,,MySQL Developer
SAP,SQL,Java,PHP,Javascript,Data analysis,MongoDB,C#,ETL,,,,,,,MySQL Developer
Python,SQL,Git,PHP,Java,HTML5,Ruby,Django,Javascript,CSS3,Go Lang,MongoDB,Kubernetes,Apache,Perl,Back-end Developer
SQL,SQL Server,Java,Database,SAP,CouchDB,SSIS,Software Development Life Cycle (SDLC),MongoDB,Data Analysis,ETL,Javascript,,,,SQL Developer
HTML5,PHP,.Net,Python,CSS3,Java,SAS,Javascript,Ruby,Database,C#,,,,,Back-end Engineer
PostGIS,Perl,SQL,Python,Json,C++,Ruby,Java,Tcl,,,,,,,Postgre SQL
SAP,Java,SQL,PHP,Javascript,Data analysis,C#,MongoDB,ETL,,,,,,,MySQL Developer
Python,.Net,HTML5,CSS3,PHP,Ruby,Javascript,Java,Database,SAS,C#,,,,,Back-end Engineer
.Net,HTML5,CSS3,PHP,Python,Javascript,Java,Database,SAS,Ruby,C#,,,,,Back-end Engineer
SAP,SQL,SQL Server,Database,Java,Data Analysis,CouchDB,SSIS,MongoDB,Software Development Life Cycle (SDLC),ETL,Javascript,,,,SQL Developer
SQL,Java,Python,Git,PHP,Ruby,CSS3,HTML5,Django,Javascript,MongoDB,Perl,Go Lang,Kubernetes,Apache,Back-end Developer
Java,PHP,SQL,SAP,Javascript,C#,ETL,MongoDB,Data analysis,,,,,,,Postgre SQL
Database,SQL,SQL Server,SAP,Java,MongoDB,CouchDB,SSIS,Data Analysis,Software Development Life Cycle (SDLC),ETL,Javascript,,,,SQL Developer
Perl,PostGIS,Python,Json,SQL,Tcl,Ruby,Java,C++,,,,,,,Postgre SQL
SQL,Perl,PostGIS,Python,Json,Java,Ruby,C++,Tcl,,,,,,,Postgre SQL
.Net,CSS3,PHP,Python,HTML5,Javascript,Database,SAS,Ruby,Java,C#,,,,,Back-end Engineer
PHP,Python,.Net,CSS3,HTML5,SAS,Ruby,Javascript,Database,Java,C#,,,,,Back-end Engineer
CSS3,HTML5,Python,.Net,PHP,Database,Java,Ruby,Javascript,SAS,C#,,,,,Back-end Engineer
Python,PHP,CSS3,.Net,HTML5,Ruby,SAS,Database,Javascript,Java,C#,,,,,Back-end Engineer
SAP,Javascript,SQL,PHP,Java,MongoDB,Data analysis,ETL,C#,,,,,,,MySQL Developer
HTML5,CSS3,.Net,PHP,Python,Java,Database,Javascript,SAS,Ruby,C#,,,,,Back-end Engineer
SQL Server,Java,SQL,SAP,Database,SSIS,Software Development Life Cycle (SDLC),CouchDB,Data Analysis,MongoDB,ETL,Javascript,,,,SQL Developer
SQL,Git,Python,PHP,Java,Ruby,Django,HTML5,Javascript,CSS3,MongoDB,Kubernetes,Go Lang,Apache,Perl,Back-end Developer
Database,SQL,SQL Server,Java,SAP,MongoDB,CouchDB,SSIS,Software Development Life Cycle (SDLC),Data Analysis,ETL,Javascript,,,,SQL Developer
SQL Server,SQL,Database,Java,SAP,SSIS,CouchDB,MongoDB,Software Development Life Cycle (SDLC),Data Analysis,ETL,Javascript,,,,SQL Developer
PostGIS,Json,Python,Perl,SQL,Ruby,C++,Java,Tcl,,,,,,,Postgre SQL
Java,SQL,Database,SAP,SQL Server,Software Development Life Cycle (SDLC),CouchDB,MongoDB,Data Analysis,SSIS,ETL,Javascript,,,,SQL Developer
PostGIS,SQL,Perl,Json,Python,Tcl,C++,Java,Ruby,,,,,,,Postgre SQL
SQL,Python,PostGIS,Perl,Json,Java,Tcl,C++,Ruby,,,,,,,Postgre SQL
SQL,PHP,Java,Javascript,SAP,Data analysis,MongoDB,ETL,C#,,,,,,,MySQL Developer
SQL,Java,Python,PHP,Git,Ruby,CSS3,HTML5,Javascript,Django,MongoDB,Perl,Go Lang,Apache,Kubernetes,Back-end Developer
HTML5,PHP,CSS3,Python,.Net,Java,SAS,Database,Ruby,Javascript,C#,,,,,Back-end Engineer
PostGIS,Python,SQL,Perl,Json,C++,Tcl,Java,Ruby,,,,,,,Postgre SQL
Json,SQL,Python,Perl,PostGIS,Java,Tcl,Ruby,C++,,,,,,,Postgre SQL
SQL,Database,SQL Server,Java,SAP,CouchDB,MongoDB,SSIS,Software Development Life Cycle (SDLC),Data Analysis,ETL,Javascript,,,,SQL Developer
Python,Git,SQL,PHP,Java,HTML5,Django,Ruby,Javascript,CSS3,Go Lang,Kubernetes,MongoDB,Apache,Perl,Back-end Developer
Python,PostGIS,Perl,Json,SQL,Java,Ruby,Tcl,C++,,,,,,,Postgre SQL
SAP,PHP,SQL,Javascript,Java,MongoDB,C#,ETL,Data analysis,,,,,,,MySQL Developer
HTML5,.Net,Python,CSS3,PHP,Java,Javascript,Ruby,Database,SAS,C#,,,,,Back-end Engineer
SQL Server,SAP,SQL,Database,Java,SSIS,Data Analysis,CouchDB,MongoDB,Software Development Life Cycle (SDLC),ETL,Javascript,,,,SQL Developer
PHP,Java,Git,Python,SQL,Javascript,CSS3,Django,HTML5,Ruby,Apache,Perl,Kubernetes,Go Lang,MongoDB,Back-end Developer
Perl,Json,PostGIS,Python,SQL,Tcl,C++,Ruby,Java,,,,,,,Postgre SQL
SQL Server,SQL,SAP,Database,Java,SSIS,CouchDB,Data Analysis,MongoDB,Software Development Life Cycle (SDLC),ETL,Javascript,,,,SQL Developer
Database,Java,SQL Server,SAP,SQL,MongoDB,Software Development Life Cycle (SDLC),SSIS,Data Analysis,CouchDB,ETL,Javascript,,,,SQL Developer
Javascript,SQL,PHP,Java,SAP,C#,Data analysis,MongoDB,ETL,,,,,,,MySQL Developer
PostGIS,Python,SQL,Json,Perl,Java,C++,Ruby,Tcl,,,,,,,Postgre SQL
PHP,.Net,Python,CSS3,HTML5,SAS,Javascript,Ruby,Database,Java,C#,,,,,Back-end Engineer
SQL,Javascript,PHP,SAP,Java,ETL,Data analysis,C#,MongoDB,,,,,,,MySQL Developer
