NoSQL,Java,Python,Software Testing,SQL,Data Warehousing,Pig,Hive HQL,Apache Spark,Hadoop,Data Mining,ETL,Big data,,,Big Data Tester
Big data,Hadoop,Java,Scala,Spark,ETL,Data Warehousing,Software Testing,Python,Kafka,MySQL,Data Analysis,Javascript,Oracle,,Big Data developer
Spark,Hadoop,Big data,Java,Scala,Kafka,Data Warehousing,ETL,Software Testing,Python,Javascript,Oracle,Data Analysis,MySQL,,Big Data developer
Big data,SQL,Hadoop,Data Warehousing,Spark,Scala,Docker,Perl,Linux,Data Structures and Algorithms,Git,Hive HQL,Google Cloud,Data Mining,Kubernetes,Big Data developer
Hadoop,Scala,Java,Spark,Big data,Data Warehousing,Python,Software Testing,Kafka,ETL,Javascript,MySQL,Oracle,Data Analysis,,Big Data developer
Java,NoSQL,Software Testing,Python,SQL,Pig,Data Warehousing,Apache Spark,Hive HQL,Hadoop,ETL,Big data,Data Mining,,,Big Data Tester
Hadoop,Scala,Spark,Java,Big data,Data Warehousing,Python,Kafka,Software Testing,ETL,Javascript,MySQL,Data Analysis,Oracle,,Big Data developer
Python,SQL,Software Testing,Java,NoSQL,Hive HQL,Hadoop,Apache Spark,Pig,Data Warehousing,Data Mining,ETL,Big data,,,Big Data Tester
SQL,Hadoop,Spark,Data Warehousing,Big data,Docker,Perl,Data Structures and Algorithms,Linux,Scala,Hive HQL,Google Cloud,Kubernetes,Data Mining,Git,Big Data developer
Hadoop,Big data,Java,Scala,Spark,Data Warehousing,ETL,Software Testing,Python,Kafka,Data Analysis,MySQL,Javascript,Oracle,,Big Data developer
Python,Java,NoSQL,Software Testing,SQL,Hive HQL,Pig,Data Warehousing,Apache Spark,Hadoop,Big data,ETL,Data Mining,,,Big Data Tester
Big data,Spark,Hadoop,Java,Scala,ETL,Kafka,Data Warehousing,Software Testing,Python,Data Analysis,Javascript,Oracle,MySQL,,Big Data developer
Software Testing,NoSQL,SQL,Python,Java,Apache Spark,Data Warehousing,Hadoop,Hive HQL,Pig,ETL,Big data,Data Mining,,,Big Data Tester
Java,Hadoop,Spark,Big data,Scala,Software Testing,Data Warehousing,Kafka,ETL,Python,MySQL,Oracle,Javascript,Data Analysis,,Big Data developer
Scala,Java,Hadoop,Spark,Big data,Python,Software Testing,Data Warehousing,Kafka,ETL,MySQL,Oracle,Javascript,Data Analysis,,Big Data developer
Java,Software Testing,Python,SQL,NoSQL,Pig,Apache Spark,Hive HQL,Hadoop,Data Warehousing,ETL,Data Mining,Big data,,,Big Data Tester
Java,SQL,Python,NoSQL,Software Testing,Pig,Hadoop,Hive HQL,Data Warehousing,Apache Spark,Data Mining,Big data,ETL,,,Big Data Tester
Big data,Data Warehousing,Hadoop,Spark,SQL,Scala,Linux,Perl,Data Structures and Algorithms,Docker,Git,Data Mining,Google Cloud,Kubernetes,Hive HQL,Big Data developer
SQL,Python,Software Testing,NoSQL,Java,Hadoop,Hive HQL,Apache Spark,Data Warehousing,Pig,Big data,Data Mining,ETL,,,Big Data Tester
Java,Scala,Big data,Spark,Hadoop,Software Testing,Python,ETL,Kafka,Data Warehousing,Data Analysis,Javascript,Oracle,MySQL,,Big Data developer
Hadoop,Big data,Spark,Java,Scala,Data Warehousing,ETL,Kafka,Software Testing,Python,Oracle,Data Analysis,Javascript,MySQL,,Big Data developer
NoSQL,Java,Software Testing,SQL,Python,Data Warehousing,Pig,Apache Spark,Hadoop,Hive HQL,ETL,Big data,Data Mining,,,Big Data Tester
Data Warehousing,Spark,Big data,Hadoop,SQL,Linux,Data Structures and Algorithms,Scala,Perl,Docker,Data Mining,Kubernetes,Git,Google Cloud,Hive HQL,Big Data developer
Python,NoSQL,Java,Software Testing,SQL,Hive HQL,Data Warehousing,Pig,Apache Spark,Hadoop,Big data,Data Mining,ETL,,,Big Data Tester
NoSQL,SQL,Python,Java,Software Testing,Data Warehousing,Hadoop,Hive HQL,Pig,Apache Spark,ETL,Big data,Data Mining,,,Big Data Tester
Hadoop,Scala,Big data,Java,Spark,Data Warehousing,Python,ETL,Software Testing,Kafka,Data Analysis,Oracle,MySQL,Javascript,,Big Data developer
Software Testing,NoSQL,Java,Python,SQL,Apache Spark,Data Warehousing,Pig,Hive HQL,Hadoop,Data Mining,Big data,ETL,,,Big Data Tester
NoSQL,Software Testing,SQL,Python,Java,Data Warehousing,Apache Spark,Hadoop,Hive HQL,Pig,Big data,ETL,Data Mining,,,Big Data Tester
Java,Hadoop,Spark,Scala,Big data,Software Testing,Data Warehousing,Kafka,Python,ETL,Oracle,Javascript,Data Analysis,MySQL,,Big Data developer
Big data,SQL,Data Warehousing,Hadoop,Spark,Scala,Docker,Linux,Perl,Data Structures and Algorithms,Git,Hive HQL,Data Mining,Google Cloud,Kubernetes,Big Data developer
Python,SQL,NoSQL,Java,Software Testing,Hive HQL,Hadoop,Data Warehousing,Pig,Apache Spark,Data Mining,Big data,ETL,,,Big Data Tester
Java,Python,SQL,Software Testing,NoSQL,Pig,Hive HQL,Hadoop,Apache Spark,Data Warehousing,Data Mining,Big data,ETL,,,Big Data Tester
Big data,Java,Scala,Hadoop,Spark,ETL,Software Testing,Python,Data Warehousing,Kafka,MySQL,Javascript,Oracle,Data Analysis,,Big Data developer
Big data,Spark,Hadoop,SQL,Data Warehousing,Scala,Data Structures and Algorithms,Perl,Docker,Linux,Git,Kubernetes,Google Cloud,Hive HQL,Data Mining,Big Data developer
Hadoop,Data Warehousing,Big data,SQL,Spark,Perl,Linux,Scala,Docker,Data Structures and Algorithms,Google Cloud,Data Mining,Git,Hive HQL,Kubernetes,Big Data developer
Hadoop,SQL,Big data,Spark,Data Warehousing,Perl,Docker,Scala,Data Structures and Algorithms,Linux,Google Cloud,Hive HQL,Git,Kubernetes,Data Mining,Big Data developer
Software Testing,Java,SQL,Python,NoSQL,Apache Spark,Pig,Hadoop,Hive HQL,Data Warehousing,Big data,ETL,Data Mining,,,Big Data Tester
Java,Scala,Hadoop,Spark,Big data,Software Testing,Python,Data Warehousing,Kafka,ETL,Oracle,MySQL,Javascript,Data Analysis,,Big Data developer
Hadoop,Big data,Scala,Java,Spark,Data Warehousing,ETL,Python,Software Testing,Kafka,Data Analysis,MySQL,Oracle,Javascript,,Big Data developer
Hadoop,Scala,Big data,Spark,Java,Data Warehousing,Python,ETL,Kafka,Software Testing,MySQL,Data Analysis,Javascript,Oracle,,Big Data developer
Scala,Big data,Hadoop,Spark,Java,Python,ETL,Data Warehousing,Kafka,Software Testing,Data Analysis,Javascript,MySQL,Oracle,,Big Data developer
,,,,,,,,,,,,,,,Big Data developer
Big data,Spark,Data Warehousing,Hadoop,SQL,Scala,Data Structures and Algorithms,Linux,Perl,Docker,Git,Kubernetes,Data Mining,Google Cloud,Hive HQL,Big Data developer
Spark,Hadoop,Big data,Scala,Java,Kafka,Data Warehousing,ETL,Python,Software Testing,Oracle,MySQL,Javascript,Data Analysis,,Big Data developer
NoSQL,Python,SQL,Software Testing,Java,Data Warehousing,Hive HQL,Hadoop,Apache Spark,Pig,Data Mining,ETL,Big data,,,Big Data Tester
SQL,Python,Java,Software Testing,NoSQL,Hadoop,Hive HQL,Pig,Apache Spark,Data Warehousing,ETL,Big data,Data Mining,,,Big Data Tester
SQL,Java,NoSQL,Software Testing,Python,Hadoop,Pig,Data Warehousing,Apache Spark,Hive HQL,ETL,Big data,Data Mining,,,Big Data Tester
Scala,Hadoop,Java,Big data,Spark,Python,Data Warehousing,Software Testing,ETL,Kafka,Oracle,Data Analysis,Javascript,MySQL,,Big Data developer
NoSQL,SQL,Java,Python,Software Testing,Data Warehousing,Hadoop,Pig,Hive HQL,Apache Spark,ETL,Data Mining,Big data,,,Big Data Tester
NoSQL,Software Testing,SQL,Java,Python,Data Warehousing,Apache Spark,Hadoop,Pig,Hive HQL,ETL,Big data,Data Mining,,,Big Data Tester
Java,Software Testing,NoSQL,SQL,Python,Pig,Apache Spark,Data Warehousing,Hadoop,Hive HQL,Big data,Data Mining,ETL,,,Big Data Tester
SQL,Big data,Hadoop,Spark,Data Warehousing,Docker,Scala,Perl,Data Structures and Algorithms,Linux,Hive HQL,Git,Google Cloud,Kubernetes,Data Mining,Big Data developer
NoSQL,SQL,Software Testing,Java,Python,Data Warehousing,Hadoop,Apache Spark,Pig,Hive HQL,ETL,Data Mining,Big data,,,Big Data Tester
Big data,Hadoop,Scala,Java,Spark,ETL,Data Warehousing,Python,Software Testing,Kafka,MySQL,Data Analysis,Oracle,Javascript,,Big Data developer
Spark,Big data,SQL,Hadoop,Data Warehousing,Data Structures and Algorithms,Scala,Docker,Perl,Linux,Kubernetes,Git,Hive HQL,Google Cloud,Data Mining,Big Data developer
Scala,Big data,Hadoop,Java,Spark,Python,ETL,Data Warehousing,Software Testing,Kafka,Oracle,MySQL,Data Analysis,Javascript,,Big Data developer
Spark,Scala,Hadoop,Big data,Java,Kafka,Python,Data Warehousing,ETL,Software Testing,Oracle,Data Analysis,MySQL,Javascript,,Big Data developer
Data Warehousing,Big data,Spark,SQL,Hadoop,Linux,Scala,Data Structures and Algorithms,Docker,Perl,Data Mining,Git,Kubernetes,Hive HQL,Google Cloud,Big Data developer
Hadoop,Spark,Big data,Java,Scala,Data Warehousing,Kafka,ETL,Software Testing,Python,Oracle,Javascript,Data Analysis,MySQL,,Big Data developer
SQL,NoSQL,Software Testing,Python,Java,Hadoop,Data Warehousing,Apache Spark,Hive HQL,Pig,Data Mining,Big data,ETL,,,Big Data Tester
Hadoop,Java,Scala,Big data,Spark,Data Warehousing,Software Testing,Python,ETL,Kafka,Data Analysis,Javascript,Oracle,MySQL,,Big Data developer
Java,SQL,Software Testing,Python,NoSQL,Pig,Hadoop,Apache Spark,Hive HQL,Data Warehousing,ETL,Data Mining,Big data,,,Big Data Tester
Big data,Spark,Java,Scala,Hadoop,ETL,Kafka,Software Testing,Python,Data Warehousing,Oracle,MySQL,Data Analysis,Javascript,,Big Data developer
Scala,Hadoop,Spark,Big data,Java,Python,Data Warehousing,Kafka,ETL,Software Testing,Data Analysis,MySQL,Oracle,Javascript,,Big Data developer
Hadoop,Scala,Java,Big data,Spark,Data Warehousing,Python,Software Testing,ETL,Kafka,Data Analysis,Oracle,Javascript,MySQL,,Big Data developer
Spark,Scala,Hadoop,Java,Big data,Kafka,Python,Data Warehousing,Software Testing,ETL,Data Analysis,MySQL,Javascript,Oracle,,Big Data developer
Hadoop,Java,Big data,Spark,Scala,Data Warehousing,Software Testing,ETL,Kafka,Python,Oracle,MySQL,Data Analysis,Javascript,,Big Data developer
Spark,Hadoop,Big data,Data Warehousing,SQL,Data Structures and Algorithms,Perl,Scala,Linux,Docker,Kubernetes,Google Cloud,Git,Data Mining,Hive HQL,Big Data developer
Data Warehousing,SQL,Spark,Hadoop,Big data,Linux,Docker,Data Structures and Algorithms,Perl,Scala,Data Mining,Hive HQL,Kubernetes,Google Cloud,Git,Big Data developer
Hadoop,Java,Scala,Spark,Big data,Data Warehousing,Software Testing,Python,Kafka,ETL,Javascript,Oracle,MySQL,Data Analysis,,Big Data developer
SQL,NoSQL,Python,Software Testing,Java,Hadoop,Data Warehousing,Hive HQL,Apache Spark,Pig,Big data,Data Mining,ETL,,,Big Data Tester
SQL,Big data,Spark,Hadoop,Data Warehousing,Docker,Scala,Data Structures and Algorithms,Perl,Linux,Hive HQL,Git,Kubernetes,Google Cloud,Data Mining,Big Data developer
Software Testing,Java,SQL,NoSQL,Python,Apache Spark,Pig,Hadoop,Data Warehousing,Hive HQL,Big data,Data Mining,ETL,,,Big Data Tester
Java,Big data,Scala,Hadoop,Spark,Software Testing,ETL,Python,Data Warehousing,Kafka,Javascript,MySQL,Oracle,Data Analysis,,Big Data developer
Data Warehousing,Hadoop,Big data,Spark,SQL,Linux,Perl,Scala,Data Structures and Algorithms,Docker,Data Mining,Google Cloud,Git,Kubernetes,Hive HQL,Big Data developer
Java,Big data,Hadoop,Scala,Spark,Software Testing,ETL,Data Warehousing,Python,Kafka,Javascript,MySQL,Data Analysis,Oracle,,Big Data developer
SQL,Data Warehousing,Spark,Hadoop,Big data,Docker,Linux,Data Structures and Algorithms,Perl,Scala,Hive HQL,Data Mining,Kubernetes,Google Cloud,Git,Big Data developer
SQL,Big data,Data Warehousing,Hadoop,Spark,Docker,Scala,Linux,Perl,Data Structures and Algorithms,Hive HQL,Git,Data Mining,Google Cloud,Kubernetes,Big Data developer
Big data,SQL,Data Warehousing,Spark,Hadoop,Scala,Docker,Linux,Data Structures and Algorithms,Perl,Git,Hive HQL,Data Mining,Kubernetes,Google Cloud,Big Data developer
Python,SQL,NoSQL,Software Testing,Java,Hive HQL,Hadoop,Data Warehousing,Apache Spark,Pig,ETL,Big data,Data Mining,,,Big Data Tester
Scala,Hadoop,Java,Spark,Big data,Python,Data Warehousing,Software Testing,Kafka,ETL,MySQL,Javascript,Oracle,Data Analysis,,Big Data developer
Scala,Java,Hadoop,Big data,Spark,Python,Software Testing,Data Warehousing,ETL,Kafka,Oracle,Javascript,Data Analysis,MySQL,,Big Data developer
Python,Java,SQL,NoSQL,Software Testing,Hive HQL,Pig,Hadoop,Data Warehousing,Apache Spark,ETL,Data Mining,Big data,,,Big Data Tester
Scala,Spark,Big data,Java,Hadoop,Python,Kafka,ETL,Software Testing,Data Warehousing,Javascript,MySQL,Oracle,Data Analysis,,Big Data developer
NoSQL,Python,Software Testing,Java,SQL,Data Warehousing,Hive HQL,Apache Spark,Pig,Hadoop,Big data,Data Mining,ETL,,,Big Data Tester
Software Testing,Java,Python,SQL,NoSQL,Apache Spark,Pig,Hive HQL,Hadoop,Data Warehousing,Data Mining,ETL,Big data,,,Big Data Tester
Data Warehousing,Big data,Hadoop,SQL,Spark,Linux,Scala,Perl,Docker,Data Structures and Algorithms,Data Mining,Git,Google Cloud,Hive HQL,Kubernetes,Big Data developer
Java,Big data,Spark,Scala,Hadoop,Software Testing,ETL,Kafka,Python,Data Warehousing,Data Analysis,Oracle,MySQL,Javascript,,Big Data developer
Spark,SQL,Hadoop,Data Warehousing,Big data,Data Structures and Algorithms,Docker,Perl,Linux,Scala,Kubernetes,Hive HQL,Google Cloud,Data Mining,Git,Big Data developer
SQL,NoSQL,Python,Java,Software Testing,Hadoop,Data Warehousing,Hive HQL,Pig,Apache Spark,Big data,ETL,Data Mining,,,Big Data Tester
Hadoop,Scala,Spark,Big data,Java,Data Warehousing,Python,Kafka,ETL,Software Testing,MySQL,Data Analysis,Oracle,Javascript,,Big Data developer
SQL,Data Warehousing,Hadoop,Big data,Spark,Docker,Linux,Perl,Scala,Data Structures and Algorithms,Hive HQL,Data Mining,Google Cloud,Git,Kubernetes,Big Data developer
SQL,Spark,Data Warehousing,Big data,Hadoop,Docker,Data Structures and Algorithms,Linux,Scala,Perl,Hive HQL,Kubernetes,Data Mining,Git,Google Cloud,Big Data developer
NoSQL,Python,Software Testing,SQL,Java,Data Warehousing,Hive HQL,Apache Spark,Hadoop,Pig,Big data,ETL,Data Mining,,,Big Data Tester
Scala,Java,Big data,Hadoop,Spark,Python,Software Testing,ETL,Data Warehousing,Kafka,Oracle,Javascript,MySQL,Data Analysis,,Big Data developer
Spark,Data Warehousing,SQL,Hadoop,Big data,Data Structures and Algorithms,Linux,Docker,Perl,Scala,Kubernetes,Data Mining,Hive HQL,Google Cloud,Git,Big Data developer
Python,SQL,Software Testing,NoSQL,Java,Hive HQL,Hadoop,Apache Spark,Data Warehousing,Pig,Data Mining,Big data,ETL,,,Big Data Tester
SQL,Big data,Data Warehousing,Spark,Hadoop,Docker,Scala,Linux,Data Structures and Algorithms,Perl,Hive HQL,Git,Data Mining,Kubernetes,Google Cloud,Big Data developer
Java,Big data,Hadoop,Spark,Scala,Software Testing,ETL,Data Warehousing,Kafka,Python,MySQL,Data Analysis,Oracle,Javascript,,Big Data developer
Big data,Data Warehousing,Spark,Hadoop,SQL,Scala,Linux,Data Structures and Algorithms,Perl,Docker,Git,Data Mining,Kubernetes,Google Cloud,Hive HQL,Big Data developer
Spark,SQL,Big data,Hadoop,Data Warehousing,Data Structures and Algorithms,Docker,Scala,Perl,Linux,Kubernetes,Hive HQL,Git,Google Cloud,Data Mining,Big Data developer
SQL,Software Testing,Java,NoSQL,Python,Hadoop,Apache Spark,Pig,Data Warehousing,Hive HQL,ETL,Big data,Data Mining,,,Big Data Tester
SQL,NoSQL,Software Testing,Java,Python,Hadoop,Data Warehousing,Apache Spark,Pig,Hive HQL,Data Mining,ETL,Big data,,,Big Data Tester
NoSQL,Java,Python,SQL,Software Testing,Data Warehousing,Pig,Hive HQL,Hadoop,Apache Spark,Data Mining,Big data,ETL,,,Big Data Tester
SQL,Big data,Hadoop,Data Warehousing,Spark,Docker,Scala,Perl,Linux,Data Structures and Algorithms,Hive HQL,Git,Google Cloud,Data Mining,Kubernetes,Big Data developer
Hadoop,Spark,Big data,Data Warehousing,SQL,Perl,Data Structures and Algorithms,Scala,Linux,Docker,Google Cloud,Kubernetes,Git,Data Mining,Hive HQL,Big Data developer
Java,Spark,Hadoop,Big data,Scala,Software Testing,Kafka,Data Warehousing,ETL,Python,MySQL,Javascript,Oracle,Data Analysis,,Big Data developer
Big data,Hadoop,Spark,Data Warehousing,SQL,Scala,Perl,Data Structures and Algorithms,Linux,Docker,Git,Google Cloud,Kubernetes,Data Mining,Hive HQL,Big Data developer
SQL,Spark,Hadoop,Big data,Data Warehousing,Docker,Data Structures and Algorithms,Perl,Scala,Linux,Hive HQL,Kubernetes,Google Cloud,Git,Data Mining,Big Data developer
Big data,Hadoop,Data Warehousing,SQL,Spark,Scala,Perl,Linux,Docker,Data Structures and Algorithms,Git,Google Cloud,Data Mining,Hive HQL,Kubernetes,Big Data developer
Hadoop,Big data,Data Warehousing,SQL,Spark,Perl,Scala,Linux,Docker,Data Structures and Algorithms,Google Cloud,Git,Data Mining,Hive HQL,Kubernetes,Big Data developer
Spark,SQL,Data Warehousing,Big data,Hadoop,Data Structures and Algorithms,Docker,Linux,Scala,Perl,Kubernetes,Hive HQL,Data Mining,Git,Google Cloud,Big Data developer
Software Testing,SQL,Java,Python,NoSQL,Apache Spark,Hadoop,Pig,Hive HQL,Data Warehousing,Big data,Data Mining,ETL,,,Big Data Tester
Scala,Big data,Java,Spark,Hadoop,Python,ETL,Software Testing,Kafka,Data Warehousing,Javascript,Oracle,Data Analysis,MySQL,,Big Data developer
NoSQL,SQL,Java,Software Testing,Python,Data Warehousing,Hadoop,Pig,Apache Spark,Hive HQL,Data Mining,ETL,Big data,,,Big Data Tester
Java,Python,SQL,NoSQL,Software Testing,Pig,Hive HQL,Hadoop,Data Warehousing,Apache Spark,Data Mining,ETL,Big data,,,Big Data Tester
Big data,Java,Hadoop,Scala,Spark,ETL,Software Testing,Data Warehousing,Python,Kafka,MySQL,Javascript,Data Analysis,Oracle,,Big Data developer
Scala,Java,Spark,Big data,Hadoop,Python,Software Testing,Kafka,ETL,Data Warehousing,Javascript,Data Analysis,MySQL,Oracle,,Big Data developer
NoSQL,Java,SQL,Software Testing,Python,Data Warehousing,Pig,Hadoop,Apache Spark,Hive HQL,Data Mining,Big data,ETL,,,Big Data Tester
Spark,Java,Hadoop,Big data,Scala,Kafka,Software Testing,Data Warehousing,ETL,Python,Javascript,MySQL,Oracle,Data Analysis,,Big Data developer
Spark,Big data,Hadoop,Java,Scala,Kafka,ETL,Data Warehousing,Software Testing,Python,Javascript,Data Analysis,Oracle,MySQL,,Big Data developer
Data Warehousing,Big data,SQL,Hadoop,Spark,Linux,Scala,Docker,Perl,Data Structures and Algorithms,Data Mining,Git,Hive HQL,Google Cloud,Kubernetes,Big Data developer
Big data,Hadoop,Java,Spark,Scala,ETL,Data Warehousing,Software Testing,Kafka,Python,Data Analysis,Oracle,MySQL,Javascript,,Big Data developer
Spark,Big data,SQL,Data Warehousing,Hadoop,Data Structures and Algorithms,Scala,Docker,Linux,Perl,Kubernetes,Git,Hive HQL,Data Mining,Google Cloud,Big Data developer
Big data,Java,Scala,Spark,Hadoop,ETL,Software Testing,Python,Kafka,Data Warehousing,Oracle,Data Analysis,Javascript,MySQL,,Big Data developer
Big data,Data Warehousing,Hadoop,SQL,Spark,Scala,Linux,Perl,Docker,Data Structures and Algorithms,Git,Data Mining,Google Cloud,Hive HQL,Kubernetes,Big Data developer
Scala,Big data,Spark,Hadoop,Java,Python,ETL,Kafka,Data Warehousing,Software Testing,Data Analysis,Javascript,Oracle,MySQL,,Big Data developer
NoSQL,Software Testing,Java,Python,SQL,Data Warehousing,Apache Spark,Pig,Hive HQL,Hadoop,Big data,Data Mining,ETL,,,Big Data Tester
Software Testing,SQL,Python,NoSQL,Java,Apache Spark,Hadoop,Hive HQL,Data Warehousing,Pig,ETL,Big data,Data Mining,,,Big Data Tester
Scala,Big data,Java,Hadoop,Spark,Python,ETL,Software Testing,Data Warehousing,Kafka,Oracle,MySQL,Javascript,Data Analysis,,Big Data developer
Scala,Spark,Java,Big data,Hadoop,Python,Kafka,Software Testing,ETL,Data Warehousing,Javascript,MySQL,Data Analysis,Oracle,,Big Data developer
SQL,Java,Software Testing,NoSQL,Python,Hadoop,Pig,Apache Spark,Data Warehousing,Hive HQL,ETL,Data Mining,Big data,,,Big Data Tester
Python,NoSQL,SQL,Software Testing,Java,Hive HQL,Data Warehousing,Hadoop,Apache Spark,Pig,ETL,Data Mining,Big data,,,Big Data Tester
Java,Python,NoSQL,Software Testing,SQL,Pig,Hive HQL,Data Warehousing,Apache Spark,Hadoop,ETL,Big data,Data Mining,,,Big Data Tester
Python,SQL,Java,Software Testing,NoSQL,Hive HQL,Hadoop,Pig,Apache Spark,Data Warehousing,Big data,ETL,Data Mining,,,Big Data Tester
Data Warehousing,SQL,Spark,Big data,Hadoop,Linux,Docker,Data Structures and Algorithms,Scala,Perl,Data Mining,Hive HQL,Kubernetes,Git,Google Cloud,Big Data developer
Python,Software Testing,Java,NoSQL,SQL,Hive HQL,Apache Spark,Pig,Data Warehousing,Hadoop,Big data,ETL,Data Mining,,,Big Data Tester
Hadoop,Spark,SQL,Big data,Data Warehousing,Perl,Data Structures and Algorithms,Docker,Scala,Linux,Google Cloud,Kubernetes,Hive HQL,Git,Data Mining,Big Data developer
Software Testing,Java,Python,NoSQL,SQL,Apache Spark,Pig,Hive HQL,Data Warehousing,Hadoop,ETL,Data Mining,Big data,,,Big Data Tester
Big data,Spark,Hadoop,Scala,Java,ETL,Kafka,Data Warehousing,Python,Software Testing,Javascript,Oracle,MySQL,Data Analysis,,Big Data developer
Big data,Scala,Spark,Java,Hadoop,ETL,Python,Kafka,Software Testing,Data Warehousing,Oracle,Javascript,MySQL,Data Analysis,,Big Data developer
Hadoop,Data Warehousing,Spark,SQL,Big data,Perl,Linux,Data Structures and Algorithms,Docker,Scala,Google Cloud,Data Mining,Kubernetes,Hive HQL,Git,Big Data developer
Software Testing,Java,NoSQL,SQL,Python,Apache Spark,Pig,Data Warehousing,Hadoop,Hive HQL,Data Mining,Big data,ETL,,,Big Data Tester
SQL,Hadoop,Data Warehousing,Big data,Spark,Docker,Perl,Linux,Scala,Data Structures and Algorithms,Hive HQL,Google Cloud,Data Mining,Git,Kubernetes,Big Data developer
Big data,SQL,Spark,Hadoop,Data Warehousing,Scala,Docker,Data Structures and Algorithms,Perl,Linux,Git,Hive HQL,Kubernetes,Google Cloud,Data Mining,Big Data developer
Hadoop,Big data,Spark,SQL,Data Warehousing,Perl,Scala,Data Structures and Algorithms,Docker,Linux,Google Cloud,Git,Kubernetes,Hive HQL,Data Mining,Big Data developer
Spark,Hadoop,Scala,Big data,Java,Kafka,Data Warehousing,Python,ETL,Software Testing,Oracle,MySQL,Data Analysis,Javascript,,Big Data developer
NoSQL,Software Testing,Java,SQL,Python,Data Warehousing,Apache Spark,Pig,Hadoop,Hive HQL,ETL,Data Mining,Big data,,,Big Data Tester
Spark,Data Warehousing,SQL,Big data,Hadoop,Data Structures and Algorithms,Linux,Docker,Scala,Perl,Kubernetes,Data Mining,Hive HQL,Git,Google Cloud,Big Data developer
NoSQL,Python,Java,SQL,Software Testing,Data Warehousing,Hive HQL,Pig,Hadoop,Apache Spark,Data Mining,ETL,Big data,,,Big Data Tester
Big data,Java,Spark,Scala,Hadoop,ETL,Software Testing,Kafka,Python,Data Warehousing,Oracle,Data Analysis,MySQL,Javascript,,Big Data developer
Python,NoSQL,SQL,Java,Software Testing,Hive HQL,Data Warehousing,Hadoop,Pig,Apache Spark,Data Mining,ETL,Big data,,,Big Data Tester
Data Warehousing,Big data,Spark,Hadoop,SQL,Linux,Scala,Data Structures and Algorithms,Perl,Docker,Data Mining,Git,Kubernetes,Google Cloud,Hive HQL,Big Data developer
Spark,Data Warehousing,Hadoop,Big data,SQL,Data Structures and Algorithms,Linux,Perl,Scala,Docker,Kubernetes,Data Mining,Google Cloud,Git,Hive HQL,Big Data developer
SQL,Python,Software Testing,Java,NoSQL,Hadoop,Hive HQL,Apache Spark,Pig,Data Warehousing,ETL,Data Mining,Big data,,,Big Data Tester
SQL,Big data,Spark,Data Warehousing,Hadoop,Docker,Scala,Data Structures and Algorithms,Linux,Perl,Hive HQL,Git,Kubernetes,Data Mining,Google Cloud,Big Data developer
Java,Spark,Scala,Big data,Hadoop,Software Testing,Kafka,Python,ETL,Data Warehousing,Data Analysis,MySQL,Javascript,Oracle,,Big Data developer
Big data,Data Warehousing,SQL,Hadoop,Spark,Scala,Linux,Docker,Perl,Data Structures and Algorithms,Git,Data Mining,Hive HQL,Google Cloud,Kubernetes,Big Data developer
Java,Software Testing,SQL,NoSQL,Python,Pig,Apache Spark,Hadoop,Data Warehousing,Hive HQL,Data Mining,Big data,ETL,,,Big Data Tester
Big data,Spark,SQL,Hadoop,Data Warehousing,Scala,Data Structures and Algorithms,Docker,Perl,Linux,Git,Kubernetes,Hive HQL,Google Cloud,Data Mining,Big Data developer
SQL,NoSQL,Java,Software Testing,Python,Hadoop,Data Warehousing,Pig,Apache Spark,Hive HQL,ETL,Data Mining,Big data,,,Big Data Tester
Python,NoSQL,Java,SQL,Software Testing,Hive HQL,Data Warehousing,Pig,Hadoop,Apache Spark,ETL,Data Mining,Big data,,,Big Data Tester
Python,Java,SQL,Software Testing,NoSQL,Hive HQL,Pig,Hadoop,Apache Spark,Data Warehousing,Big data,Data Mining,ETL,,,Big Data Tester
SQL,Data Warehousing,Spark,Big data,Hadoop,Docker,Linux,Data Structures and Algorithms,Scala,Perl,Hive HQL,Data Mining,Kubernetes,Git,Google Cloud,Big Data developer
Scala,Spark,Big data,Hadoop,Java,Python,Kafka,ETL,Data Warehousing,Software Testing,Data Analysis,Oracle,Javascript,MySQL,,Big Data developer
Spark,Big data,Hadoop,SQL,Data Warehousing,Data Structures and Algorithms,Scala,Perl,Docker,Linux,Kubernetes,Git,Google Cloud,Hive HQL,Data Mining,Big Data developer
Big data,Java,Hadoop,Spark,Scala,ETL,Software Testing,Data Warehousing,Kafka,Python,Data Analysis,MySQL,Oracle,Javascript,,Big Data developer
Spark,Big data,Scala,Hadoop,Java,Kafka,ETL,Python,Data Warehousing,Software Testing,Oracle,Javascript,Data Analysis,MySQL,,Big Data developer
SQL,Java,Software Testing,Python,NoSQL,Hadoop,Pig,Apache Spark,Hive HQL,Data Warehousing,Data Mining,ETL,Big data,,,Big Data Tester
Big data,Hadoop,SQL,Spark,Data Warehousing,Scala,Perl,Docker,Data Structures and Algorithms,Linux,Git,Google Cloud,Hive HQL,Kubernetes,Data Mining,Big Data developer
Java,Big data,Spark,Hadoop,Scala,Software Testing,ETL,Kafka,Data Warehousing,Python,MySQL,Data Analysis,Javascript,Oracle,,Big Data developer
Big data,Hadoop,Spark,Java,Scala,ETL,Data Warehousing,Kafka,Software Testing,Python,Data Analysis,Oracle,Javascript,MySQL,,Big Data developer
SQL,Software Testing,Java,Python,NoSQL,Hadoop,Apache Spark,Pig,Hive HQL,Data Warehousing,Data Mining,Big data,ETL,,,Big Data Tester
Data Warehousing,Hadoop,SQL,Big data,Spark,Linux,Perl,Docker,Scala,Data Structures and Algorithms,Data Mining,Google Cloud,Hive HQL,Git,Kubernetes,Big Data developer
SQL,Software Testing,Python,Java,NoSQL,Hadoop,Apache Spark,Hive HQL,Pig,Data Warehousing,ETL,Big data,Data Mining,,,Big Data Tester
Java,Hadoop,Scala,Big data,Spark,Software Testing,Data Warehousing,Python,ETL,Kafka,Javascript,Data Analysis,Oracle,MySQL,,Big Data developer
Spark,Java,Big data,Scala,Hadoop,Kafka,Software Testing,ETL,Python,Data Warehousing,MySQL,Data Analysis,Oracle,Javascript,,Big Data developer
Hadoop,Java,Spark,Big data,Scala,Data Warehousing,Software Testing,Kafka,ETL,Python,Oracle,MySQL,Javascript,Data Analysis,,Big Data developer
Spark,Java,Scala,Big data,Hadoop,Kafka,Software Testing,Python,ETL,Data Warehousing,MySQL,Data Analysis,Javascript,Oracle,,Big Data developer
Spark,Scala,Big data,Hadoop,Java,Kafka,Python,ETL,Data Warehousing,Software Testing,Oracle,Data Analysis,Javascript,MySQL,,Big Data developer
Data Warehousing,SQL,Hadoop,Big data,Spark,Linux,Docker,Perl,Scala,Data Structures and Algorithms,Data Mining,Hive HQL,Google Cloud,Git,Kubernetes,Big Data developer
Hadoop,Spark,Java,Scala,Big data,Data Warehousing,Kafka,Software Testing,Python,ETL,Javascript,Data Analysis,Oracle,MySQL,,Big Data developer
SQL,Java,Python,NoSQL,Software Testing,Hadoop,Pig,Hive HQL,Data Warehousing,Apache Spark,Big data,Data Mining,ETL,,,Big Data Tester
SQL,Spark,Data Warehousing,Hadoop,Big data,Docker,Data Structures and Algorithms,Linux,Perl,Scala,Hive HQL,Kubernetes,Data Mining,Google Cloud,Git,Big Data developer
NoSQL,SQL,Python,Software Testing,Java,Data Warehousing,Hadoop,Hive HQL,Apache Spark,Pig,Data Mining,Big data,ETL,,,Big Data Tester
Spark,Hadoop,Scala,Java,Big data,Kafka,Data Warehousing,Python,Software Testing,ETL,Data Analysis,Javascript,MySQL,Oracle,,Big Data developer
Data Warehousing,Hadoop,Spark,Big data,SQL,Linux,Perl,Data Structures and Algorithms,Scala,Docker,Data Mining,Google Cloud,Kubernetes,Git,Hive HQL,Big Data developer
Python,Java,NoSQL,SQL,Software Testing,Hive HQL,Pig,Data Warehousing,Hadoop,Apache Spark,ETL,Big data,Data Mining,,,Big Data Tester
SQL,NoSQL,Java,Python,Software Testing,Hadoop,Data Warehousing,Pig,Hive HQL,Apache Spark,Data Mining,ETL,Big data,,,Big Data Tester
Software Testing,NoSQL,Python,Java,SQL,Apache Spark,Data Warehousing,Hive HQL,Pig,Hadoop,ETL,Big data,Data Mining,,,Big Data Tester
Spark,Big data,Java,Hadoop,Scala,Kafka,ETL,Software Testing,Data Warehousing,Python,Javascript,Data Analysis,MySQL,Oracle,,Big Data developer
Java,SQL,NoSQL,Python,Software Testing,Pig,Hadoop,Data Warehousing,Hive HQL,Apache Spark,Big data,Data Mining,ETL,,,Big Data Tester
Data Warehousing,SQL,Big data,Spark,Hadoop,Linux,Docker,Scala,Data Structures and Algorithms,Perl,Data Mining,Hive HQL,Git,Kubernetes,Google Cloud,Big Data developer
Spark,Java,Big data,Hadoop,Scala,Kafka,Software Testing,ETL,Data Warehousing,Python,Javascript,MySQL,Data Analysis,Oracle,,Big Data developer
SQL,Java,NoSQL,Python,Software Testing,Hadoop,Pig,Data Warehousing,Hive HQL,Apache Spark,Data Mining,Big data,ETL,,,Big Data Tester
Data Warehousing,Big data,Hadoop,Spark,SQL,Linux,Scala,Perl,Data Structures and Algorithms,Docker,Data Mining,Git,Google Cloud,Kubernetes,Hive HQL,Big Data developer
Big data,SQL,Spark,Data Warehousing,Hadoop,Scala,Docker,Data Structures and Algorithms,Linux,Perl,Git,Hive HQL,Kubernetes,Data Mining,Google Cloud,Big Data developer
Hadoop,SQL,Big data,Data Warehousing,Spark,Perl,Docker,Scala,Linux,Data Structures and Algorithms,Google Cloud,Hive HQL,Git,Data Mining,Kubernetes,Big Data developer
Java,Scala,Hadoop,Big data,Spark,Software Testing,Python,Data Warehousing,ETL,Kafka,Javascript,Oracle,Data Analysis,MySQL,,Big Data developer
Hadoop,SQL,Spark,Big data,Data Warehousing,Perl,Docker,Data Structures and Algorithms,Scala,Linux,Google Cloud,Hive HQL,Kubernetes,Git,Data Mining,Big Data developer
Python,Software Testing,NoSQL,SQL,Java,Hive HQL,Apache Spark,Data Warehousing,Hadoop,Pig,ETL,Data Mining,Big data,,,Big Data Tester
Java,Python,Software Testing,NoSQL,SQL,Pig,Hive HQL,Apache Spark,Data Warehousing,Hadoop,Data Mining,Big data,ETL,,,Big Data Tester
Big data,Spark,SQL,Data Warehousing,Hadoop,Scala,Data Structures and Algorithms,Docker,Linux,Perl,Git,Kubernetes,Hive HQL,Data Mining,Google Cloud,Big Data developer
Hadoop,Data Warehousing,SQL,Big data,Spark,Perl,Linux,Docker,Scala,Data Structures and Algorithms,Google Cloud,Data Mining,Hive HQL,Git,Kubernetes,Big Data developer
Java,Scala,Big data,Hadoop,Spark,Software Testing,Python,ETL,Data Warehousing,Kafka,Javascript,Oracle,MySQL,Data Analysis,,Big Data developer
Data Warehousing,Spark,SQL,Hadoop,Big data,Linux,Data Structures and Algorithms,Docker,Perl,Scala,Data Mining,Kubernetes,Hive HQL,Google Cloud,Git,Big Data developer
Scala,Spark,Hadoop,Java,Big data,Python,Kafka,Data Warehousing,Software Testing,ETL,MySQL,Data Analysis,Javascript,Oracle,,Big Data developer
Hadoop,Big data,SQL,Spark,Data Warehousing,Perl,Scala,Docker,Data Structures and Algorithms,Linux,Google Cloud,Git,Hive HQL,Kubernetes,Data Mining,Big Data developer
Scala,Hadoop,Spark,Java,Big data,Python,Data Warehousing,Kafka,Software Testing,ETL,MySQL,Javascript,Data Analysis,Oracle,,Big Data developer
Hadoop,Spark,SQL,Data Warehousing,Big data,Perl,Data Structures and Algorithms,Docker,Linux,Scala,Google Cloud,Kubernetes,Hive HQL,Data Mining,Git,Big Data developer
SQL,Spark,Big data,Data Warehousing,Hadoop,Docker,Data Structures and Algorithms,Scala,Linux,Perl,Hive HQL,Kubernetes,Git,Data Mining,Google Cloud,Big Data developer
Hadoop,Big data,Scala,Spark,Java,Data Warehousing,ETL,Python,Kafka,Software Testing,MySQL,Javascript,Data Analysis,Oracle,,Big Data developer
Spark,Hadoop,Data Warehousing,Big data,SQL,Data Structures and Algorithms,Perl,Linux,Scala,Docker,Kubernetes,Google Cloud,Data Mining,Git,Hive HQL,Big Data developer
Java,SQL,NoSQL,Software Testing,Python,Pig,Hadoop,Data Warehousing,Apache Spark,Hive HQL,Big data,ETL,Data Mining,,,Big Data Tester
Java,Software Testing,SQL,Python,NoSQL,Pig,Apache Spark,Hadoop,Hive HQL,Data Warehousing,ETL,Big data,Data Mining,,,Big Data Tester
Big data,Spark,Hadoop,Data Warehousing,SQL,Scala,Data Structures and Algorithms,Perl,Linux,Docker,Git,Kubernetes,Google Cloud,Data Mining,Hive HQL,Big Data developer
Big data,Data Warehousing,Spark,SQL,Hadoop,Scala,Linux,Data Structures and Algorithms,Docker,Perl,Git,Data Mining,Kubernetes,Hive HQL,Google Cloud,Big Data developer
Spark,Big data,Java,Scala,Hadoop,Kafka,ETL,Software Testing,Python,Data Warehousing,MySQL,Oracle,Data Analysis,Javascript,,Big Data developer
Hadoop,Big data,SQL,Data Warehousing,Spark,Perl,Scala,Docker,Linux,Data Structures and Algorithms,Google Cloud,Git,Hive HQL,Data Mining,Kubernetes,Big Data developer
NoSQL,Java,SQL,Python,Software Testing,Data Warehousing,Pig,Hadoop,Hive HQL,Apache Spark,ETL,Big data,Data Mining,,,Big Data Tester
Scala,Hadoop,Big data,Spark,Java,Python,Data Warehousing,ETL,Kafka,Software Testing,Data Analysis,MySQL,Javascript,Oracle,,Big Data developer
SQL,Software Testing,NoSQL,Python,Java,Hadoop,Apache Spark,Data Warehousing,Hive HQL,Pig,Data Mining,ETL,Big data,,,Big Data Tester
Java,SQL,Software Testing,NoSQL,Python,Pig,Hadoop,Apache Spark,Data Warehousing,Hive HQL,Data Mining,ETL,Big data,,,Big Data Tester
Hadoop,Big data,Java,Spark,Scala,Data Warehousing,ETL,Software Testing,Kafka,Python,Oracle,Data Analysis,MySQL,Javascript,,Big Data developer
Spark,Scala,Java,Hadoop,Big data,Kafka,Python,Software Testing,Data Warehousing,ETL,Data Analysis,MySQL,Oracle,Javascript,,Big Data developer
Spark,Big data,Hadoop,Scala,Java,Kafka,ETL,Data Warehousing,Python,Software Testing,Oracle,Javascript,MySQL,Data Analysis,,Big Data developer
Hadoop,Data Warehousing,SQL,Spark,Big data,Perl,Linux,Docker,Data Structures and Algorithms,Scala,Google Cloud,Data Mining,Hive HQL,Kubernetes,Git,Big Data developer
SQL,Data Warehousing,Big data,Hadoop,Spark,Docker,Linux,Scala,Perl,Data Structures and Algorithms,Hive HQL,Data Mining,Git,Google Cloud,Kubernetes,Big Data developer
Big data,Data Warehousing,SQL,Spark,Hadoop,Scala,Linux,Docker,Data Structures and Algorithms,Perl,Git,Data Mining,Hive HQL,Kubernetes,Google Cloud,Big Data developer
SQL,Hadoop,Data Warehousing,Spark,Big data,Docker,Perl,Linux,Data Structures and Algorithms,Scala,Hive HQL,Google Cloud,Data Mining,Kubernetes,Git,Big Data developer
Spark,Java,Scala,Hadoop,Big data,Kafka,Software Testing,Python,Data Warehousing,ETL,Data Analysis,Oracle,MySQL,Javascript,,Big Data developer
SQL,Spark,Hadoop,Data Warehousing,Big data,Docker,Data Structures and Algorithms,Perl,Linux,Scala,Hive HQL,Kubernetes,Google Cloud,Data Mining,Git,Big Data developer
Python,Software Testing,SQL,NoSQL,Java,Hive HQL,Apache Spark,Hadoop,Data Warehousing,Pig,Data Mining,ETL,Big data,,,Big Data Tester
SQL,Python,NoSQL,Java,Software Testing,Hadoop,Hive HQL,Data Warehousing,Pig,Apache Spark,Big data,Data Mining,ETL,,,Big Data Tester
,,,,,,,,,,,,,,,
Spark,Hadoop,Java,Scala,Big data,Kafka,Data Warehousing,Software Testing,Python,ETL,Data Analysis,Javascript,Oracle,MySQL,,Big Data developer
Hadoop,SQL,Data Warehousing,Big data,Spark,Perl,Docker,Linux,Scala,Data Structures and Algorithms,Google Cloud,Hive HQL,Data Mining,Git,Kubernetes,Big Data developer
NoSQL,Java,Software Testing,Python,SQL,Data Warehousing,Pig,Apache Spark,Hive HQL,Hadoop,Big data,ETL,Data Mining,,,Big Data Tester
Spark,Java,Hadoop,Scala,Big data,Kafka,Software Testing,Data Warehousing,Python,ETL,Data Analysis,Oracle,Javascript,MySQL,,Big Data developer
Java,Python,NoSQL,SQL,Software Testing,Pig,Hive HQL,Data Warehousing,Hadoop,Apache Spark,Big data,ETL,Data Mining,,,Big Data Tester
Data Warehousing,Big data,SQL,Spark,Hadoop,Linux,Scala,Docker,Data Structures and Algorithms,Perl,Data Mining,Git,Hive HQL,Kubernetes,Google Cloud,Big Data developer
Hadoop,Spark,Data Warehousing,Big data,SQL,Perl,Data Structures and Algorithms,Linux,Scala,Docker,Google Cloud,Kubernetes,Data Mining,Git,Hive HQL,Big Data developer
Hadoop,Spark,Java,Big data,Scala,Data Warehousing,Kafka,Software Testing,ETL,Python,Oracle,Javascript,MySQL,Data Analysis,,Big Data developer
Big data,Spark,Java,Hadoop,Scala,ETL,Kafka,Software Testing,Data Warehousing,Python,Data Analysis,Javascript,MySQL,Oracle,,Big Data developer
Spark,Data Warehousing,Hadoop,SQL,Big data,Data Structures and Algorithms,Linux,Perl,Docker,Scala,Kubernetes,Data Mining,Google Cloud,Hive HQL,Git,Big Data developer
Data Warehousing,Spark,Hadoop,Big data,SQL,Linux,Data Structures and Algorithms,Perl,Scala,Docker,Data Mining,Kubernetes,Google Cloud,Git,Hive HQL,Big Data developer
NoSQL,Software Testing,Python,SQL,Java,Data Warehousing,Apache Spark,Hive HQL,Hadoop,Pig,Big data,Data Mining,ETL,,,Big Data Tester
Java,Python,Software Testing,SQL,NoSQL,Pig,Hive HQL,Apache Spark,Hadoop,Data Warehousing,ETL,Big data,Data Mining,,,Big Data Tester
SQL,Software Testing,NoSQL,Java,Python,Hadoop,Apache Spark,Data Warehousing,Pig,Hive HQL,Data Mining,Big data,ETL,,,Big Data Tester
Hadoop,Big data,Spark,Scala,Java,Data Warehousing,ETL,Kafka,Python,Software Testing,MySQL,Javascript,Oracle,Data Analysis,,Big Data developer
Big data,Java,Spark,Hadoop,Scala,ETL,Software Testing,Kafka,Data Warehousing,Python,Data Analysis,MySQL,Javascript,Oracle,,Big Data developer
Spark,Hadoop,Java,Big data,Scala,Kafka,Data Warehousing,Software Testing,ETL,Python,Javascript,Oracle,MySQL,Data Analysis,,Big Data developer
Big data,Hadoop,Spark,Scala,Java,ETL,Data Warehousing,Kafka,Python,Software Testing,Javascript,MySQL,Oracle,Data Analysis,,Big Data developer
Big data,Spark,Scala,Hadoop,Java,ETL,Kafka,Python,Data Warehousing,Software Testing,Javascript,Oracle,Data Analysis,MySQL,,Big Data developer
Data Warehousing,Hadoop,Big data,SQL,Spark,Linux,Perl,Scala,Docker,Data Structures and Algorithms,Data Mining,Google Cloud,Git,Hive HQL,Kubernetes,Big Data developer
Python,Java,Software Testing,SQL,NoSQL,Hive HQL,Pig,Apache Spark,Hadoop,Data Warehousing,Big data,ETL,Data Mining,,,Big Data Tester
Hadoop,Java,Big data,Scala,Spark,Data Warehousing,Software Testing,ETL,Python,Kafka,Data Analysis,Javascript,MySQL,Oracle,,Big Data developer
Big data,Spark,Data Warehousing,SQL,Hadoop,Scala,Data Structures and Algorithms,Linux,Docker,Perl,Git,Kubernetes,Data Mining,Hive HQL,Google Cloud,Big Data developer
Big data,SQL,Hadoop,Spark,Data Warehousing,Scala,Docker,Perl,Data Structures and Algorithms,Linux,Git,Hive HQL,Google Cloud,Kubernetes,Data Mining,Big Data developer
SQL,Hadoop,Big data,Data Warehousing,Spark,Docker,Perl,Scala,Linux,Data Structures and Algorithms,Hive HQL,Google Cloud,Git,Data Mining,Kubernetes,Big Data developer
Python,Java,Software Testing,NoSQL,SQL,Hive HQL,Pig,Apache Spark,Data Warehousing,Hadoop,Big data,Data Mining,ETL,,,Big Data Tester
Java,Scala,Spark,Big data,Hadoop,Software Testing,Python,Kafka,ETL,Data Warehousing,Data Analysis,Javascript,MySQL,Oracle,,Big Data developer
Software Testing,SQL,Java,NoSQL,Python,Apache Spark,Hadoop,Pig,Data Warehousing,Hive HQL,Big data,ETL,Data Mining,,,Big Data Tester
Hadoop,SQL,Data Warehousing,Spark,Big data,Perl,Docker,Linux,Data Structures and Algorithms,Scala,Google Cloud,Hive HQL,Data Mining,Kubernetes,Git,Big Data developer
Java,NoSQL,Python,SQL,Software Testing,Pig,Data Warehousing,Hive HQL,Hadoop,Apache Spark,Big data,Data Mining,ETL,,,Big Data Tester
SQL,Hadoop,Big data,Spark,Data Warehousing,Docker,Perl,Scala,Data Structures and Algorithms,Linux,Hive HQL,Google Cloud,Git,Kubernetes,Data Mining,Big Data developer
Python,NoSQL,Software Testing,SQL,Java,Hive HQL,Data Warehousing,Apache Spark,Hadoop,Pig,ETL,Big data,Data Mining,,,Big Data Tester
Data Warehousing,Spark,Hadoop,SQL,Big data,Linux,Data Structures and Algorithms,Perl,Docker,Scala,Data Mining,Kubernetes,Google Cloud,Hive HQL,Git,Big Data developer
SQL,Data Warehousing,Hadoop,Spark,Big data,Docker,Linux,Perl,Data Structures and Algorithms,Scala,Hive HQL,Data Mining,Google Cloud,Kubernetes,Git,Big Data developer
Hadoop,Spark,Data Warehousing,SQL,Big data,Perl,Data Structures and Algorithms,Linux,Docker,Scala,Google Cloud,Kubernetes,Data Mining,Hive HQL,Git,Big Data developer
Hadoop,Data Warehousing,Spark,Big data,SQL,Perl,Linux,Data Structures and Algorithms,Scala,Docker,Google Cloud,Data Mining,Kubernetes,Git,Hive HQL,Big Data developer
Spark,Big data,Data Warehousing,Hadoop,SQL,Data Structures and Algorithms,Scala,Linux,Perl,Docker,Kubernetes,Git,Data Mining,Google Cloud,Hive HQL,Big Data developer
Data Warehousing,Spark,Big data,SQL,Hadoop,Linux,Data Structures and Algorithms,Scala,Docker,Perl,Data Mining,Kubernetes,Git,Hive HQL,Google Cloud,Big Data developer
SQL,Hadoop,Spark,Big data,Data Warehousing,Docker,Perl,Data Structures and Algorithms,Scala,Linux,Hive HQL,Google Cloud,Kubernetes,Git,Data Mining,Big Data developer
Data Warehousing,Hadoop,Spark,SQL,Big data,Linux,Perl,Data Structures and Algorithms,Docker,Scala,Data Mining,Google Cloud,Kubernetes,Hive HQL,Git,Big Data developer
Spark,Big data,Data Warehousing,SQL,Hadoop,Data Structures and Algorithms,Scala,Linux,Docker,Perl,Kubernetes,Git,Data Mining,Hive HQL,Google Cloud,Big Data developer
Spark,Big data,Hadoop,Data Warehousing,SQL,Data Structures and Algorithms,Scala,Perl,Linux,Docker,Kubernetes,Git,Google Cloud,Data Mining,Hive HQL,Big Data developer
Python,Software Testing,Java,SQL,NoSQL,Hive HQL,Apache Spark,Pig,Hadoop,Data Warehousing,Big data,Data Mining,ETL,,,Big Data Tester
Software Testing,Java,NoSQL,Python,SQL,Apache Spark,Pig,Data Warehousing,Hive HQL,Hadoop,Data Mining,ETL,Big data,,,Big Data Tester
Spark,Hadoop,Data Warehousing,SQL,Big data,Data Structures and Algorithms,Perl,Linux,Docker,Scala,Kubernetes,Google Cloud,Data Mining,Hive HQL,Git,Big Data developer
Java,Spark,Big data,Scala,Hadoop,Software Testing,Kafka,ETL,Python,Data Warehousing,Data Analysis,MySQL,Oracle,Javascript,,Big Data developer
Spark,SQL,Big data,Data Warehousing,Hadoop,Data Structures and Algorithms,Docker,Scala,Linux,Perl,Kubernetes,Hive HQL,Git,Data Mining,Google Cloud,Big Data developer
Python,SQL,Java,NoSQL,Software Testing,Hive HQL,Hadoop,Pig,Data Warehousing,Apache Spark,ETL,Big data,Data Mining,,,Big Data Tester
Scala,Java,Spark,Hadoop,Big data,Python,Software Testing,Kafka,Data Warehousing,ETL,MySQL,Oracle,Data Analysis,Javascript,,Big Data developer
NoSQL,Python,Java,Software Testing,SQL,Data Warehousing,Hive HQL,Pig,Apache Spark,Hadoop,Data Mining,Big data,ETL,,,Big Data Tester
Software Testing,NoSQL,Java,SQL,Python,Apache Spark,Data Warehousing,Pig,Hadoop,Hive HQL,Data Mining,ETL,Big data,,,Big Data Tester
SQL,Java,Python,Software Testing,NoSQL,Hadoop,Pig,Hive HQL,Apache Spark,Data Warehousing,ETL,Data Mining,Big data,,,Big Data Tester
Big data,Hadoop,Data Warehousing,Spark,SQL,Scala,Perl,Linux,Data Structures and Algorithms,Docker,Git,Google Cloud,Data Mining,Kubernetes,Hive HQL,Big Data developer
Hadoop,Java,Spark,Scala,Big data,Data Warehousing,Software Testing,Kafka,Python,ETL,Javascript,Oracle,Data Analysis,MySQL,,Big Data developer
Java,SQL,Python,Software Testing,NoSQL,Pig,Hadoop,Hive HQL,Apache Spark,Data Warehousing,Data Mining,ETL,Big data,,,Big Data Tester
Software Testing,SQL,NoSQL,Python,Java,Apache Spark,Hadoop,Data Warehousing,Hive HQL,Pig,ETL,Data Mining,Big data,,,Big Data Tester
NoSQL,Python,SQL,Java,Software Testing,Data Warehousing,Hive HQL,Hadoop,Pig,Apache Spark,ETL,Data Mining,Big data,,,Big Data Tester
Software Testing,SQL,Python,Java,NoSQL,Apache Spark,Hadoop,Hive HQL,Pig,Data Warehousing,Big data,ETL,Data Mining,,,Big Data Tester
Java,NoSQL,SQL,Python,Software Testing,Pig,Data Warehousing,Hadoop,Hive HQL,Apache Spark,Big data,ETL,Data Mining,,,Big Data Tester
SQL,Data Warehousing,Big data,Spark,Hadoop,Docker,Linux,Scala,Data Structures and Algorithms,Perl,Hive HQL,Data Mining,Git,Kubernetes,Google Cloud,Big Data developer
Data Warehousing,Spark,SQL,Big data,Hadoop,Linux,Data Structures and Algorithms,Docker,Scala,Perl,Data Mining,Kubernetes,Hive HQL,Git,Google Cloud,Big Data developer
Spark,Scala,Big data,Java,Hadoop,Kafka,Python,ETL,Software Testing,Data Warehousing,MySQL,Javascript,Oracle,Data Analysis,,Big Data developer
Hadoop,Spark,Big data,Scala,Java,Data Warehousing,Kafka,ETL,Python,Software Testing,MySQL,Oracle,Javascript,Data Analysis,,Big Data developer
Spark,Hadoop,Big data,SQL,Data Warehousing,Data Structures and Algorithms,Perl,Scala,Docker,Linux,Kubernetes,Google Cloud,Git,Hive HQL,Data Mining,Big Data developer
Hadoop,Spark,Scala,Big data,Java,Data Warehousing,Kafka,Python,ETL,Software Testing,MySQL,Oracle,Data Analysis,Javascript,,Big Data developer
SQL,Python,Java,NoSQL,Software Testing,Hadoop,Hive HQL,Pig,Data Warehousing,Apache Spark,Big data,ETL,Data Mining,,,Big Data Tester
Data Warehousing,SQL,Hadoop,Spark,Big data,Linux,Docker,Perl,Data Structures and Algorithms,Scala,Data Mining,Hive HQL,Google Cloud,Kubernetes,Git,Big Data developer
Software Testing,Python,NoSQL,SQL,Java,Apache Spark,Hive HQL,Data Warehousing,Hadoop,Pig,Data Mining,ETL,Big data,,,Big Data Tester
Spark,SQL,Hadoop,Big data,Data Warehousing,Data Structures and Algorithms,Docker,Perl,Scala,Linux,Kubernetes,Hive HQL,Google Cloud,Git,Data Mining,Big Data developer
Software Testing,Python,SQL,NoSQL,Java,Apache Spark,Hive HQL,Hadoop,Data Warehousing,Pig,ETL,Data Mining,Big data,,,Big Data Tester
Java,NoSQL,Software Testing,SQL,Python,Pig,Data Warehousing,Apache Spark,Hadoop,Hive HQL,Big data,ETL,Data Mining,,,Big Data Tester
Java,Hadoop,Scala,Spark,Big data,Software Testing,Data Warehousing,Python,Kafka,ETL,Oracle,Javascript,MySQL,Data Analysis,,Big Data developer
Scala,Big data,Spark,Java,Hadoop,Python,ETL,Kafka,Software Testing,Data Warehousing,Javascript,Oracle,MySQL,Data Analysis,,Big Data developer
Java,Spark,Hadoop,Scala,Big data,Software Testing,Kafka,Data Warehousing,Python,ETL,Oracle,Data Analysis,Javascript,MySQL,,Big Data developer
Java,Spark,Scala,Hadoop,Big data,Software Testing,Kafka,Python,Data Warehousing,ETL,Oracle,Data Analysis,MySQL,Javascript,,Big Data developer
NoSQL,SQL,Software Testing,Python,Java,Data Warehousing,Hadoop,Apache Spark,Hive HQL,Pig,Big data,Data Mining,ETL,,,Big Data Tester
Java,Hadoop,Big data,Scala,Spark,Software Testing,Data Warehousing,ETL,Python,Kafka,Javascript,Data Analysis,MySQL,Oracle,,Big Data developer
Software Testing,NoSQL,SQL,Java,Python,Apache Spark,Data Warehousing,Hadoop,Pig,Hive HQL,Big data,ETL,Data Mining,,,Big Data Tester
Spark,Hadoop,SQL,Data Warehousing,Big data,Data Structures and Algorithms,Perl,Docker,Linux,Scala,Kubernetes,Google Cloud,Hive HQL,Data Mining,Git,Big Data developer
SQL,Software Testing,Python,NoSQL,Java,Hadoop,Apache Spark,Hive HQL,Data Warehousing,Pig,Big data,ETL,Data Mining,,,Big Data Tester
Scala,Spark,Java,Hadoop,Big data,Python,Kafka,Software Testing,Data Warehousing,ETL,MySQL,Data Analysis,Oracle,Javascript,,Big Data developer
NoSQL,Software Testing,Python,Java,SQL,Data Warehousing,Apache Spark,Hive HQL,Pig,Hadoop,Big data,ETL,Data Mining,,,Big Data Tester
Spark,Hadoop,SQL,Big data,Data Warehousing,Data Structures and Algorithms,Perl,Docker,Scala,Linux,Kubernetes,Google Cloud,Hive HQL,Git,Data Mining,Big Data developer
Data Warehousing,Hadoop,SQL,Spark,Big data,Linux,Perl,Docker,Data Structures and Algorithms,Scala,Data Mining,Google Cloud,Hive HQL,Kubernetes,Git,Big Data developer
Scala,Java,Big data,Spark,Hadoop,Python,Software Testing,ETL,Kafka,Data Warehousing,Javascript,Data Analysis,Oracle,MySQL,,Big Data developer
Java,Hadoop,Big data,Spark,Scala,Software Testing,Data Warehousing,ETL,Kafka,Python,MySQL,Oracle,Data Analysis,Javascript,,Big Data developer
Python,NoSQL,Software Testing,Java,SQL,Hive HQL,Data Warehousing,Apache Spark,Pig,Hadoop,Data Mining,Big data,ETL,,,Big Data Tester
Big data,Scala,Java,Hadoop,Spark,ETL,Python,Software Testing,Data Warehousing,Kafka,MySQL,Oracle,Javascript,Data Analysis,,Big Data developer
Python,Software Testing,NoSQL,Java,SQL,Hive HQL,Apache Spark,Data Warehousing,Pig,Hadoop,Data Mining,ETL,Big data,,,Big Data Tester
Java,Software Testing,Python,NoSQL,SQL,Pig,Apache Spark,Hive HQL,Data Warehousing,Hadoop,Data Mining,ETL,Big data,,,Big Data Tester
Hadoop,SQL,Spark,Data Warehousing,Big data,Perl,Docker,Data Structures and Algorithms,Linux,Scala,Google Cloud,Hive HQL,Kubernetes,Data Mining,Git,Big Data developer
Big data,Hadoop,Spark,SQL,Data Warehousing,Scala,Perl,Data Structures and Algorithms,Docker,Linux,Git,Google Cloud,Kubernetes,Hive HQL,Data Mining,Big Data developer
Scala,Hadoop,Big data,Java,Spark,Python,Data Warehousing,ETL,Software Testing,Kafka,Oracle,Data Analysis,MySQL,Javascript,,Big Data developer
Software Testing,NoSQL,Python,SQL,Java,Apache Spark,Data Warehousing,Hive HQL,Hadoop,Pig,Data Mining,Big data,ETL,,,Big Data Tester
Data Warehousing,SQL,Big data,Hadoop,Spark,Linux,Docker,Scala,Perl,Data Structures and Algorithms,Data Mining,Hive HQL,Git,Google Cloud,Kubernetes,Big Data developer
Spark,Scala,Java,Big data,Hadoop,Kafka,Python,Software Testing,ETL,Data Warehousing,MySQL,Javascript,Data Analysis,Oracle,,Big Data developer
Software Testing,Python,Java,SQL,NoSQL,Apache Spark,Hive HQL,Pig,Hadoop,Data Warehousing,Data Mining,Big data,ETL,,,Big Data Tester
Java,Spark,Big data,Hadoop,Scala,Software Testing,Kafka,ETL,Data Warehousing,Python,MySQL,Javascript,Data Analysis,Oracle,,Big Data developer
Java,NoSQL,Python,Software Testing,SQL,Pig,Data Warehousing,Hive HQL,Apache Spark,Hadoop,ETL,Data Mining,Big data,,,Big Data Tester
Spark,Data Warehousing,Big data,SQL,Hadoop,Data Structures and Algorithms,Linux,Scala,Docker,Perl,Kubernetes,Data Mining,Git,Hive HQL,Google Cloud,Big Data developer
Hadoop,Data Warehousing,Big data,Spark,SQL,Perl,Linux,Scala,Data Structures and Algorithms,Docker,Google Cloud,Data Mining,Git,Kubernetes,Hive HQL,Big Data developer
Big data,Scala,Hadoop,Spark,Java,ETL,Python,Data Warehousing,Kafka,Software Testing,Javascript,Data Analysis,MySQL,Oracle,,Big Data developer
Spark,Big data,Scala,Java,Hadoop,Kafka,ETL,Python,Software Testing,Data Warehousing,MySQL,Oracle,Javascript,Data Analysis,,Big Data developer
Big data,Hadoop,Scala,Spark,Java,ETL,Data Warehousing,Python,Kafka,Software Testing,Javascript,MySQL,Data Analysis,Oracle,,Big Data developer
Hadoop,Spark,Big data,SQL,Data Warehousing,Perl,Data Structures and Algorithms,Scala,Docker,Linux,Google Cloud,Kubernetes,Git,Hive HQL,Data Mining,Big Data developer
Java,Big data,Scala,Spark,Hadoop,Software Testing,ETL,Python,Kafka,Data Warehousing,Data Analysis,Oracle,Javascript,MySQL,,Big Data developer
Software Testing,Python,Java,NoSQL,SQL,Apache Spark,Hive HQL,Pig,Data Warehousing,Hadoop,ETL,Big data,Data Mining,,,Big Data Tester
Java,NoSQL,SQL,Software Testing,Python,Pig,Data Warehousing,Hadoop,Apache Spark,Hive HQL,Big data,Data Mining,ETL,,,Big Data Tester
Hadoop,Spark,Scala,Java,Big data,Data Warehousing,Kafka,Python,Software Testing,ETL,Javascript,Data Analysis,MySQL,Oracle,,Big Data developer
Big data,Scala,Java,Spark,Hadoop,ETL,Python,Software Testing,Kafka,Data Warehousing,Oracle,Javascript,Data Analysis,MySQL,,Big Data developer
Spark,SQL,Data Warehousing,Hadoop,Big data,Data Structures and Algorithms,Docker,Linux,Perl,Scala,Kubernetes,Hive HQL,Data Mining,Google Cloud,Git,Big Data developer
Software Testing,Python,NoSQL,Java,SQL,Apache Spark,Hive HQL,Data Warehousing,Pig,Hadoop,ETL,Data Mining,Big data,,,Big Data Tester
Software Testing,Python,SQL,Java,NoSQL,Apache Spark,Hive HQL,Hadoop,Pig,Data Warehousing,Big data,Data Mining,ETL,,,Big Data Tester
Big data,Scala,Spark,Hadoop,Java,ETL,Python,Kafka,Data Warehousing,Software Testing,Javascript,Data Analysis,Oracle,MySQL,,Big Data developer
SQL,Python,NoSQL,Software Testing,Java,Hadoop,Hive HQL,Data Warehousing,Apache Spark,Pig,Big data,ETL,Data Mining,,,Big Data Tester
SQL,Spark,Big data,Hadoop,Data Warehousing,Docker,Data Structures and Algorithms,Scala,Perl,Linux,Hive HQL,Kubernetes,Git,Google Cloud,Data Mining,Big Data developer
Hadoop,Big data,Data Warehousing,Spark,SQL,Perl,Scala,Linux,Data Structures and Algorithms,Docker,Google Cloud,Git,Data Mining,Kubernetes,Hive HQL,Big Data developer
Hadoop,Big data,Spark,Data Warehousing,SQL,Perl,Scala,Data Structures and Algorithms,Linux,Docker,Google Cloud,Git,Kubernetes,Data Mining,Hive HQL,Big Data developer
Software Testing,SQL,NoSQL,Java,Python,Apache Spark,Hadoop,Data Warehousing,Pig,Hive HQL,Big data,Data Mining,ETL,,,Big Data Tester
Big data,Scala,Hadoop,Java,Spark,ETL,Python,Data Warehousing,Software Testing,Kafka,MySQL,Oracle,Data Analysis,Javascript,,Big Data developer
Scala,Spark,Hadoop,Big data,Java,Python,Kafka,Data Warehousing,ETL,Software Testing,Data Analysis,Oracle,MySQL,Javascript,,Big Data developer
Python,Software Testing,SQL,Java,NoSQL,Hive HQL,Apache Spark,Hadoop,Pig,Data Warehousing,Data Mining,Big data,ETL,,,Big Data Tester
Java,Software Testing,NoSQL,Python,SQL,Pig,Apache Spark,Data Warehousing,Hive HQL,Hadoop,ETL,Data Mining,Big data,,,Big Data Tester
Big data,Spark,Scala,Java,Hadoop,ETL,Kafka,Python,Software Testing,Data Warehousing,Oracle,MySQL,Javascript,Data Analysis,,Big Data developer
Spark,Data Warehousing,Big data,Hadoop,SQL,Data Structures and Algorithms,Linux,Scala,Perl,Docker,Kubernetes,Data Mining,Git,Google Cloud,Hive HQL,Big Data developer
Java,Scala,Spark,Hadoop,Big data,Software Testing,Python,Kafka,Data Warehousing,ETL,Oracle,MySQL,Data Analysis,Javascript,,Big Data developer
Big data,Hadoop,SQL,Data Warehousing,Spark,Scala,Perl,Docker,Linux,Data Structures and Algorithms,Git,Google Cloud,Hive HQL,Data Mining,Kubernetes,Big Data developer
