RF development,PCB Designing,Networking,Computer hardware knowledge,Analog Design and Analysis, Firmware Development,CAD,Cadence,Circuit Board Design,test equipment,Matlab,verilog,SPI,SOC,Signal Integrity,Computer Hardware Engineering
PCB Designing,RF development,Networking,Computer hardware knowledge,Analog Design and Analysis,CAD, Firmware Development,Cadence,Circuit Board Design,test equipment,verilog,Matlab,SPI,SOC,Signal Integrity,Computer Hardware Engineering
Networking,RF development,PCB Designing,Computer hardware knowledge,Analog Design and Analysis,Cadence, Firmware Development,CAD,Circuit Board Design,test equipment,SPI,Matlab,verilog,SOC,Signal Integrity,Computer Hardware Engineering
RF development,Networking,PCB Designing,Computer hardware knowledge,Analog Design and Analysis, Firmware Development,Cadence,CAD,Circuit Board Design,test equipment,Matlab,SPI,verilog,SOC,Signal Integrity,Computer Hardware Engineering
PCB Designing,Networking,RF development,Computer hardware knowledge,Analog Design and Analysis,CAD,Cadence, Firmware Development,Circuit Board Design,test equipment,verilog,SPI,Matlab,SOC,Signal Integrity,Computer Hardware Engineering
Networking,PCB Designing,RF development,Computer hardware knowledge,Analog Design and Analysis,Cadence,CAD, Firmware Development,Circuit Board Design,test equipment,SPI,verilog,Matlab,SOC,Signal Integrity,Computer Hardware Engineering
Networking,PCB Designing,Computer hardware knowledge,RF development,Analog Design and Analysis,Cadence,CAD,Circuit Board Design, Firmware Development,test equipment,SPI,verilog,SOC,Matlab,Signal Integrity,Computer Hardware Engineering
PCB Designing,Networking,Computer hardware knowledge,RF development,Analog Design and Analysis,CAD,Cadence,Circuit Board Design, Firmware Development,test equipment,verilog,SPI,SOC,Matlab,Signal Integrity,Computer Hardware Engineering
Computer hardware knowledge,Networking,PCB Designing,RF development,Analog Design and Analysis,Circuit Board Design,Cadence,CAD, Firmware Development,test equipment,SOC,SPI,verilog,Matlab,Signal Integrity,Computer Hardware Engineering
Networking,Computer hardware knowledge,PCB Designing,RF development,Analog Design and Analysis,Cadence,Circuit Board Design,CAD, Firmware Development,test equipment,SPI,SOC,verilog,Matlab,Signal Integrity,Computer Hardware Engineering
PCB Designing,Computer hardware knowledge,Networking,RF development,Analog Design and Analysis,CAD,Circuit Board Design,Cadence, Firmware Development,test equipment,verilog,SOC,SPI,Matlab,Signal Integrity,Computer Hardware Engineering
Computer hardware knowledge,PCB Designing,Networking,RF development,Analog Design and Analysis,Circuit Board Design,CAD,Cadence, Firmware Development,test equipment,SOC,verilog,SPI,Matlab,Signal Integrity,Computer Hardware Engineering
Computer hardware knowledge,RF development,Networking,PCB Designing,Analog Design and Analysis,Circuit Board Design, Firmware Development,Cadence,CAD,test equipment,SOC,Matlab,SPI,verilog,Signal Integrity,Computer Hardware Engineering
RF development,Computer hardware knowledge,Networking,PCB Designing,Analog Design and Analysis, Firmware Development,Circuit Board Design,Cadence,CAD,test equipment,Matlab,SOC,SPI,verilog,Signal Integrity,Computer Hardware Engineering
Networking,Computer hardware knowledge,RF development,PCB Designing,Analog Design and Analysis,Cadence,Circuit Board Design, Firmware Development,CAD,test equipment,SPI,SOC,Matlab,verilog,Signal Integrity,Computer Hardware Engineering
Computer hardware knowledge,Networking,RF development,PCB Designing,Analog Design and Analysis,Circuit Board Design,Cadence, Firmware Development,CAD,test equipment,SOC,SPI,Matlab,verilog,Signal Integrity,Computer Hardware Engineering
RF development,Networking,Computer hardware knowledge,PCB Designing,Analog Design and Analysis, Firmware Development,Cadence,Circuit Board Design,CAD,test equipment,Matlab,SPI,SOC,verilog,Signal Integrity,Computer Hardware Engineering
Networking,RF development,Computer hardware knowledge,PCB Designing,Analog Design and Analysis,Cadence, Firmware Development,Circuit Board Design,CAD,test equipment,SPI,Matlab,SOC,verilog,Signal Integrity,Computer Hardware Engineering
PCB Designing,RF development,Computer hardware knowledge,Networking,Analog Design and Analysis,CAD, Firmware Development,Circuit Board Design,Cadence,test equipment,verilog,Matlab,SOC,SPI,Signal Integrity,Computer Hardware Engineering
RF development,PCB Designing,Computer hardware knowledge,Networking,Analog Design and Analysis, Firmware Development,CAD,Circuit Board Design,Cadence,test equipment,Matlab,verilog,SOC,SPI,Signal Integrity,Computer Hardware Engineering
Computer hardware knowledge,PCB Designing,RF development,Networking,Analog Design and Analysis,Circuit Board Design,CAD, Firmware Development,Cadence,test equipment,SOC,verilog,Matlab,SPI,Signal Integrity,Computer Hardware Engineering
PCB Designing,Computer hardware knowledge,RF development,Networking,Analog Design and Analysis,CAD,Circuit Board Design, Firmware Development,Cadence,test equipment,verilog,SOC,Matlab,SPI,Signal Integrity,Computer Hardware Engineering
RF development,Computer hardware knowledge,PCB Designing,Networking,Analog Design and Analysis, Firmware Development,Circuit Board Design,CAD,Cadence,test equipment,Matlab,SOC,verilog,SPI,Signal Integrity,Computer Hardware Engineering
Computer hardware knowledge,RF development,PCB Designing,Networking,Analog Design and Analysis,Circuit Board Design, Firmware Development,CAD,Cadence,test equipment,SOC,Matlab,verilog,SPI,Signal Integrity,Computer Hardware Engineering
Analog Design and Analysis,RF development,PCB Designing,Networking,Computer hardware knowledge,test equipment, Firmware Development,CAD,Cadence,Circuit Board Design,Signal Integrity,Matlab,verilog,SPI,SOC,Computer Hardware Engineering
RF development,Analog Design and Analysis,PCB Designing,Networking,Computer hardware knowledge, Firmware Development,test equipment,CAD,Cadence,Circuit Board Design,Matlab,Signal Integrity,verilog,SPI,SOC,Computer Hardware Engineering
PCB Designing,Analog Design and Analysis,RF development,Networking,Computer hardware knowledge,CAD,test equipment, Firmware Development,Cadence,Circuit Board Design,verilog,Signal Integrity,Matlab,SPI,SOC,Computer Hardware Engineering
Analog Design and Analysis,PCB Designing,RF development,Networking,Computer hardware knowledge,test equipment,CAD, Firmware Development,Cadence,Circuit Board Design,Signal Integrity,verilog,Matlab,SPI,SOC,Computer Hardware Engineering
RF development,PCB Designing,Analog Design and Analysis,Networking,Computer hardware knowledge, Firmware Development,CAD,test equipment,Cadence,Circuit Board Design,Matlab,verilog,Signal Integrity,SPI,SOC,Computer Hardware Engineering
PCB Designing,RF development,Analog Design and Analysis,Networking,Computer hardware knowledge,CAD, Firmware Development,test equipment,Cadence,Circuit Board Design,verilog,Matlab,Signal Integrity,SPI,SOC,Computer Hardware Engineering
PCB Designing,RF development,Networking,Analog Design and Analysis,Computer hardware knowledge,CAD, Firmware Development,Cadence,test equipment,Circuit Board Design,verilog,Matlab,SPI,Signal Integrity,SOC,Computer Hardware Engineering
RF development,PCB Designing,Networking,Analog Design and Analysis,Computer hardware knowledge, Firmware Development,CAD,Cadence,test equipment,Circuit Board Design,Matlab,verilog,SPI,Signal Integrity,SOC,Computer Hardware Engineering
Networking,PCB Designing,RF development,Analog Design and Analysis,Computer hardware knowledge,Cadence,CAD, Firmware Development,test equipment,Circuit Board Design,SPI,verilog,Matlab,Signal Integrity,SOC,Computer Hardware Engineering
PCB Designing,Networking,RF development,Analog Design and Analysis,Computer hardware knowledge,CAD,Cadence, Firmware Development,test equipment,Circuit Board Design,verilog,SPI,Matlab,Signal Integrity,SOC,Computer Hardware Engineering
RF development,Networking,PCB Designing,Analog Design and Analysis,Computer hardware knowledge, Firmware Development,Cadence,CAD,test equipment,Circuit Board Design,Matlab,SPI,verilog,Signal Integrity,SOC,Computer Hardware Engineering
Networking,RF development,PCB Designing,Analog Design and Analysis,Computer hardware knowledge,Cadence, Firmware Development,CAD,test equipment,Circuit Board Design,SPI,Matlab,verilog,Signal Integrity,SOC,Computer Hardware Engineering
Networking,Analog Design and Analysis,PCB Designing,RF development,Computer hardware knowledge,Cadence,test equipment,CAD, Firmware Development,Circuit Board Design,SPI,Signal Integrity,verilog,Matlab,SOC,Computer Hardware Engineering
Analog Design and Analysis,Networking,PCB Designing,RF development,Computer hardware knowledge,test equipment,Cadence,CAD, Firmware Development,Circuit Board Design,Signal Integrity,SPI,verilog,Matlab,SOC,Computer Hardware Engineering
PCB Designing,Networking,Analog Design and Analysis,RF development,Computer hardware knowledge,CAD,Cadence,test equipment, Firmware Development,Circuit Board Design,verilog,SPI,Signal Integrity,Matlab,SOC,Computer Hardware Engineering
Networking,PCB Designing,Analog Design and Analysis,RF development,Computer hardware knowledge,Cadence,CAD,test equipment, Firmware Development,Circuit Board Design,SPI,verilog,Signal Integrity,Matlab,SOC,Computer Hardware Engineering
Analog Design and Analysis,PCB Designing,Networking,RF development,Computer hardware knowledge,test equipment,CAD,Cadence, Firmware Development,Circuit Board Design,Signal Integrity,verilog,SPI,Matlab,SOC,Computer Hardware Engineering
PCB Designing,Analog Design and Analysis,Networking,RF development,Computer hardware knowledge,CAD,test equipment,Cadence, Firmware Development,Circuit Board Design,verilog,Signal Integrity,SPI,Matlab,SOC,Computer Hardware Engineering
RF development,Analog Design and Analysis,Networking,PCB Designing,Computer hardware knowledge, Firmware Development,test equipment,Cadence,CAD,Circuit Board Design,Matlab,Signal Integrity,SPI,verilog,SOC,Computer Hardware Engineering
Analog Design and Analysis,RF development,Networking,PCB Designing,Computer hardware knowledge,test equipment, Firmware Development,Cadence,CAD,Circuit Board Design,Signal Integrity,Matlab,SPI,verilog,SOC,Computer Hardware Engineering
Networking,RF development,Analog Design and Analysis,PCB Designing,Computer hardware knowledge,Cadence, Firmware Development,test equipment,CAD,Circuit Board Design,SPI,Matlab,Signal Integrity,verilog,SOC,Computer Hardware Engineering
RF development,Networking,Analog Design and Analysis,PCB Designing,Computer hardware knowledge, Firmware Development,Cadence,test equipment,CAD,Circuit Board Design,Matlab,SPI,Signal Integrity,verilog,SOC,Computer Hardware Engineering
Analog Design and Analysis,Networking,RF development,PCB Designing,Computer hardware knowledge,test equipment,Cadence, Firmware Development,CAD,Circuit Board Design,Signal Integrity,SPI,Matlab,verilog,SOC,Computer Hardware Engineering
Networking,Analog Design and Analysis,RF development,PCB Designing,Computer hardware knowledge,Cadence,test equipment, Firmware Development,CAD,Circuit Board Design,SPI,Signal Integrity,Matlab,verilog,SOC,Computer Hardware Engineering
Computer hardware knowledge,Analog Design and Analysis,RF development,PCB Designing,Networking,Circuit Board Design,test equipment, Firmware Development,CAD,Cadence,SOC,Signal Integrity,Matlab,verilog,SPI,Computer Hardware Engineering
Analog Design and Analysis,Computer hardware knowledge,RF development,PCB Designing,Networking,test equipment,Circuit Board Design, Firmware Development,CAD,Cadence,Signal Integrity,SOC,Matlab,verilog,SPI,Computer Hardware Engineering
RF development,Computer hardware knowledge,Analog Design and Analysis,PCB Designing,Networking, Firmware Development,Circuit Board Design,test equipment,CAD,Cadence,Matlab,SOC,Signal Integrity,verilog,SPI,Computer Hardware Engineering
Computer hardware knowledge,RF development,Analog Design and Analysis,PCB Designing,Networking,Circuit Board Design, Firmware Development,test equipment,CAD,Cadence,SOC,Matlab,Signal Integrity,verilog,SPI,Computer Hardware Engineering
Analog Design and Analysis,RF development,Computer hardware knowledge,PCB Designing,Networking,test equipment, Firmware Development,Circuit Board Design,CAD,Cadence,Signal Integrity,Matlab,SOC,verilog,SPI,Computer Hardware Engineering
RF development,Analog Design and Analysis,Computer hardware knowledge,PCB Designing,Networking, Firmware Development,test equipment,Circuit Board Design,CAD,Cadence,Matlab,Signal Integrity,SOC,verilog,SPI,Computer Hardware Engineering
RF development,Analog Design and Analysis,PCB Designing,Computer hardware knowledge,Networking, Firmware Development,test equipment,CAD,Circuit Board Design,Cadence,Matlab,Signal Integrity,verilog,SOC,SPI,Computer Hardware Engineering
Analog Design and Analysis,RF development,PCB Designing,Computer hardware knowledge,Networking,test equipment, Firmware Development,CAD,Circuit Board Design,Cadence,Signal Integrity,Matlab,verilog,SOC,SPI,Computer Hardware Engineering
PCB Designing,RF development,Analog Design and Analysis,Computer hardware knowledge,Networking,CAD, Firmware Development,test equipment,Circuit Board Design,Cadence,verilog,Matlab,Signal Integrity,SOC,SPI,Computer Hardware Engineering
RF development,PCB Designing,Analog Design and Analysis,Computer hardware knowledge,Networking, Firmware Development,CAD,test equipment,Circuit Board Design,Cadence,Matlab,verilog,Signal Integrity,SOC,SPI,Computer Hardware Engineering
Analog Design and Analysis,PCB Designing,RF development,Computer hardware knowledge,Networking,test equipment,CAD, Firmware Development,Circuit Board Design,Cadence,Signal Integrity,verilog,Matlab,SOC,SPI,Computer Hardware Engineering
PCB Designing,Analog Design and Analysis,RF development,Computer hardware knowledge,Networking,CAD,test equipment, Firmware Development,Circuit Board Design,Cadence,verilog,Signal Integrity,Matlab,SOC,SPI,Computer Hardware Engineering
PCB Designing,Computer hardware knowledge,RF development,Analog Design and Analysis,Networking,CAD,Circuit Board Design, Firmware Development,test equipment,Cadence,verilog,SOC,Matlab,Signal Integrity,SPI,Computer Hardware Engineering
Computer hardware knowledge,PCB Designing,RF development,Analog Design and Analysis,Networking,Circuit Board Design,CAD, Firmware Development,test equipment,Cadence,SOC,verilog,Matlab,Signal Integrity,SPI,Computer Hardware Engineering
RF development,PCB Designing,Computer hardware knowledge,Analog Design and Analysis,Networking, Firmware Development,CAD,Circuit Board Design,test equipment,Cadence,Matlab,verilog,SOC,Signal Integrity,SPI,Computer Hardware Engineering
PCB Designing,RF development,Computer hardware knowledge,Analog Design and Analysis,Networking,CAD, Firmware Development,Circuit Board Design,test equipment,Cadence,verilog,Matlab,SOC,Signal Integrity,SPI,Computer Hardware Engineering
Computer hardware knowledge,RF development,PCB Designing,Analog Design and Analysis,Networking,Circuit Board Design, Firmware Development,CAD,test equipment,Cadence,SOC,Matlab,verilog,Signal Integrity,SPI,Computer Hardware Engineering
RF development,Computer hardware knowledge,PCB Designing,Analog Design and Analysis,Networking, Firmware Development,Circuit Board Design,CAD,test equipment,Cadence,Matlab,SOC,verilog,Signal Integrity,SPI,Computer Hardware Engineering
Analog Design and Analysis,Computer hardware knowledge,PCB Designing,RF development,Networking,test equipment,Circuit Board Design,CAD, Firmware Development,Cadence,Signal Integrity,SOC,verilog,Matlab,SPI,Computer Hardware Engineering
Computer hardware knowledge,Analog Design and Analysis,PCB Designing,RF development,Networking,Circuit Board Design,test equipment,CAD, Firmware Development,Cadence,SOC,Signal Integrity,verilog,Matlab,SPI,Computer Hardware Engineering
PCB Designing,Analog Design and Analysis,Computer hardware knowledge,RF development,Networking,CAD,test equipment,Circuit Board Design, Firmware Development,Cadence,verilog,Signal Integrity,SOC,Matlab,SPI,Computer Hardware Engineering
Analog Design and Analysis,PCB Designing,Computer hardware knowledge,RF development,Networking,test equipment,CAD,Circuit Board Design, Firmware Development,Cadence,Signal Integrity,verilog,SOC,Matlab,SPI,Computer Hardware Engineering
Computer hardware knowledge,PCB Designing,Analog Design and Analysis,RF development,Networking,Circuit Board Design,CAD,test equipment, Firmware Development,Cadence,SOC,verilog,Signal Integrity,Matlab,SPI,Computer Hardware Engineering
PCB Designing,Computer hardware knowledge,Analog Design and Analysis,RF development,Networking,CAD,Circuit Board Design,test equipment, Firmware Development,Cadence,verilog,SOC,Signal Integrity,Matlab,SPI,Computer Hardware Engineering
Networking,Computer hardware knowledge,Analog Design and Analysis,RF development,PCB Designing,Cadence,Circuit Board Design,test equipment, Firmware Development,CAD,SPI,SOC,Signal Integrity,Matlab,verilog,Computer Hardware Engineering
Computer hardware knowledge,Networking,Analog Design and Analysis,RF development,PCB Designing,Circuit Board Design,Cadence,test equipment, Firmware Development,CAD,SOC,SPI,Signal Integrity,Matlab,verilog,Computer Hardware Engineering
Analog Design and Analysis,Networking,Computer hardware knowledge,RF development,PCB Designing,test equipment,Cadence,Circuit Board Design, Firmware Development,CAD,Signal Integrity,SPI,SOC,Matlab,verilog,Computer Hardware Engineering
Networking,Analog Design and Analysis,Computer hardware knowledge,RF development,PCB Designing,Cadence,test equipment,Circuit Board Design, Firmware Development,CAD,SPI,Signal Integrity,SOC,Matlab,verilog,Computer Hardware Engineering
Computer hardware knowledge,Analog Design and Analysis,Networking,RF development,PCB Designing,Circuit Board Design,test equipment,Cadence, Firmware Development,CAD,SOC,Signal Integrity,SPI,Matlab,verilog,Computer Hardware Engineering
Analog Design and Analysis,Computer hardware knowledge,Networking,RF development,PCB Designing,test equipment,Circuit Board Design,Cadence, Firmware Development,CAD,Signal Integrity,SOC,SPI,Matlab,verilog,Computer Hardware Engineering
Analog Design and Analysis,Computer hardware knowledge,RF development,Networking,PCB Designing,test equipment,Circuit Board Design, Firmware Development,Cadence,CAD,Signal Integrity,SOC,Matlab,SPI,verilog,Computer Hardware Engineering
Computer hardware knowledge,Analog Design and Analysis,RF development,Networking,PCB Designing,Circuit Board Design,test equipment, Firmware Development,Cadence,CAD,SOC,Signal Integrity,Matlab,SPI,verilog,Computer Hardware Engineering
RF development,Analog Design and Analysis,Computer hardware knowledge,Networking,PCB Designing, Firmware Development,test equipment,Circuit Board Design,Cadence,CAD,Matlab,Signal Integrity,SOC,SPI,verilog,Computer Hardware Engineering
Analog Design and Analysis,RF development,Computer hardware knowledge,Networking,PCB Designing,test equipment, Firmware Development,Circuit Board Design,Cadence,CAD,Signal Integrity,Matlab,SOC,SPI,verilog,Computer Hardware Engineering
Computer hardware knowledge,RF development,Analog Design and Analysis,Networking,PCB Designing,Circuit Board Design, Firmware Development,test equipment,Cadence,CAD,SOC,Matlab,Signal Integrity,SPI,verilog,Computer Hardware Engineering
RF development,Computer hardware knowledge,Analog Design and Analysis,Networking,PCB Designing, Firmware Development,Circuit Board Design,test equipment,Cadence,CAD,Matlab,SOC,Signal Integrity,SPI,verilog,Computer Hardware Engineering
RF development,Networking,Analog Design and Analysis,Computer hardware knowledge,PCB Designing, Firmware Development,Cadence,test equipment,Circuit Board Design,CAD,Matlab,SPI,Signal Integrity,SOC,verilog,Computer Hardware Engineering
Networking,RF development,Analog Design and Analysis,Computer hardware knowledge,PCB Designing,Cadence, Firmware Development,test equipment,Circuit Board Design,CAD,SPI,Matlab,Signal Integrity,SOC,verilog,Computer Hardware Engineering
Analog Design and Analysis,RF development,Networking,Computer hardware knowledge,PCB Designing,test equipment, Firmware Development,Cadence,Circuit Board Design,CAD,Signal Integrity,Matlab,SPI,SOC,verilog,Computer Hardware Engineering
RF development,Analog Design and Analysis,Networking,Computer hardware knowledge,PCB Designing, Firmware Development,test equipment,Cadence,Circuit Board Design,CAD,Matlab,Signal Integrity,SPI,SOC,verilog,Computer Hardware Engineering
Networking,Analog Design and Analysis,RF development,Computer hardware knowledge,PCB Designing,Cadence,test equipment, Firmware Development,Circuit Board Design,CAD,SPI,Signal Integrity,Matlab,SOC,verilog,Computer Hardware Engineering
Analog Design and Analysis,Networking,RF development,Computer hardware knowledge,PCB Designing,test equipment,Cadence, Firmware Development,Circuit Board Design,CAD,Signal Integrity,SPI,Matlab,SOC,verilog,Computer Hardware Engineering
Computer hardware knowledge,Networking,RF development,Analog Design and Analysis,PCB Designing,Circuit Board Design,Cadence, Firmware Development,test equipment,CAD,SOC,SPI,Matlab,Signal Integrity,verilog,Computer Hardware Engineering
Networking,Computer hardware knowledge,RF development,Analog Design and Analysis,PCB Designing,Cadence,Circuit Board Design, Firmware Development,test equipment,CAD,SPI,SOC,Matlab,Signal Integrity,verilog,Computer Hardware Engineering
RF development,Computer hardware knowledge,Networking,Analog Design and Analysis,PCB Designing, Firmware Development,Circuit Board Design,Cadence,test equipment,CAD,Matlab,SOC,SPI,Signal Integrity,verilog,Computer Hardware Engineering
Computer hardware knowledge,RF development,Networking,Analog Design and Analysis,PCB Designing,Circuit Board Design, Firmware Development,Cadence,test equipment,CAD,SOC,Matlab,SPI,Signal Integrity,verilog,Computer Hardware Engineering
Networking,RF development,Computer hardware knowledge,Analog Design and Analysis,PCB Designing,Cadence, Firmware Development,Circuit Board Design,test equipment,CAD,SPI,Matlab,SOC,Signal Integrity,verilog,Computer Hardware Engineering
RF development,Networking,Computer hardware knowledge,Analog Design and Analysis,PCB Designing, Firmware Development,Cadence,Circuit Board Design,test equipment,CAD,Matlab,SPI,SOC,Signal Integrity,verilog,Computer Hardware Engineering
PCB Designing,Networking,Computer hardware knowledge,Analog Design and Analysis,RF development,CAD,Cadence,Circuit Board Design,test equipment, Firmware Development,verilog,SPI,SOC,Signal Integrity,Matlab,Computer Hardware Engineering
Networking,PCB Designing,Computer hardware knowledge,Analog Design and Analysis,RF development,Cadence,CAD,Circuit Board Design,test equipment, Firmware Development,SPI,verilog,SOC,Signal Integrity,Matlab,Computer Hardware Engineering
Computer hardware knowledge,PCB Designing,Networking,Analog Design and Analysis,RF development,Circuit Board Design,CAD,Cadence,test equipment, Firmware Development,SOC,verilog,SPI,Signal Integrity,Matlab,Computer Hardware Engineering
PCB Designing,Computer hardware knowledge,Networking,Analog Design and Analysis,RF development,CAD,Circuit Board Design,Cadence,test equipment, Firmware Development,verilog,SOC,SPI,Signal Integrity,Matlab,Computer Hardware Engineering
Networking,Computer hardware knowledge,PCB Designing,Analog Design and Analysis,RF development,Cadence,Circuit Board Design,CAD,test equipment, Firmware Development,SPI,SOC,verilog,Signal Integrity,Matlab,Computer Hardware Engineering
Computer hardware knowledge,Networking,PCB Designing,Analog Design and Analysis,RF development,Circuit Board Design,Cadence,CAD,test equipment, Firmware Development,SOC,SPI,verilog,Signal Integrity,Matlab,Computer Hardware Engineering
Computer hardware knowledge,Networking,Analog Design and Analysis,PCB Designing,RF development,Circuit Board Design,Cadence,test equipment,CAD, Firmware Development,SOC,SPI,Signal Integrity,verilog,Matlab,Computer Hardware Engineering
Networking,Computer hardware knowledge,Analog Design and Analysis,PCB Designing,RF development,Cadence,Circuit Board Design,test equipment,CAD, Firmware Development,SPI,SOC,Signal Integrity,verilog,Matlab,Computer Hardware Engineering
Analog Design and Analysis,Computer hardware knowledge,Networking,PCB Designing,RF development,test equipment,Circuit Board Design,Cadence,CAD, Firmware Development,Signal Integrity,SOC,SPI,verilog,Matlab,Computer Hardware Engineering
Computer hardware knowledge,Analog Design and Analysis,Networking,PCB Designing,RF development,Circuit Board Design,test equipment,Cadence,CAD, Firmware Development,SOC,Signal Integrity,SPI,verilog,Matlab,Computer Hardware Engineering
Networking,Analog Design and Analysis,Computer hardware knowledge,PCB Designing,RF development,Cadence,test equipment,Circuit Board Design,CAD, Firmware Development,SPI,Signal Integrity,SOC,verilog,Matlab,Computer Hardware Engineering
Analog Design and Analysis,Networking,Computer hardware knowledge,PCB Designing,RF development,test equipment,Cadence,Circuit Board Design,CAD, Firmware Development,Signal Integrity,SPI,SOC,verilog,Matlab,Computer Hardware Engineering
Analog Design and Analysis,PCB Designing,Computer hardware knowledge,Networking,RF development,test equipment,CAD,Circuit Board Design,Cadence, Firmware Development,Signal Integrity,verilog,SOC,SPI,Matlab,Computer Hardware Engineering
PCB Designing,Analog Design and Analysis,Computer hardware knowledge,Networking,RF development,CAD,test equipment,Circuit Board Design,Cadence, Firmware Development,verilog,Signal Integrity,SOC,SPI,Matlab,Computer Hardware Engineering
Computer hardware knowledge,Analog Design and Analysis,PCB Designing,Networking,RF development,Circuit Board Design,test equipment,CAD,Cadence, Firmware Development,SOC,Signal Integrity,verilog,SPI,Matlab,Computer Hardware Engineering
Analog Design and Analysis,Computer hardware knowledge,PCB Designing,Networking,RF development,test equipment,Circuit Board Design,CAD,Cadence, Firmware Development,Signal Integrity,SOC,verilog,SPI,Matlab,Computer Hardware Engineering
PCB Designing,Computer hardware knowledge,Analog Design and Analysis,Networking,RF development,CAD,Circuit Board Design,test equipment,Cadence, Firmware Development,verilog,SOC,Signal Integrity,SPI,Matlab,Computer Hardware Engineering
Computer hardware knowledge,PCB Designing,Analog Design and Analysis,Networking,RF development,Circuit Board Design,CAD,test equipment,Cadence, Firmware Development,SOC,verilog,Signal Integrity,SPI,Matlab,Computer Hardware Engineering
Networking,PCB Designing,Analog Design and Analysis,Computer hardware knowledge,RF development,Cadence,CAD,test equipment,Circuit Board Design, Firmware Development,SPI,verilog,Signal Integrity,SOC,Matlab,Computer Hardware Engineering
PCB Designing,Networking,Analog Design and Analysis,Computer hardware knowledge,RF development,CAD,Cadence,test equipment,Circuit Board Design, Firmware Development,verilog,SPI,Signal Integrity,SOC,Matlab,Computer Hardware Engineering
Analog Design and Analysis,Networking,PCB Designing,Computer hardware knowledge,RF development,test equipment,Cadence,CAD,Circuit Board Design, Firmware Development,Signal Integrity,SPI,verilog,SOC,Matlab,Computer Hardware Engineering
Networking,Analog Design and Analysis,PCB Designing,Computer hardware knowledge,RF development,Cadence,test equipment,CAD,Circuit Board Design, Firmware Development,SPI,Signal Integrity,verilog,SOC,Matlab,Computer Hardware Engineering
PCB Designing,Analog Design and Analysis,Networking,Computer hardware knowledge,RF development,CAD,test equipment,Cadence,Circuit Board Design, Firmware Development,verilog,Signal Integrity,SPI,SOC,Matlab,Computer Hardware Engineering
Analog Design and Analysis,PCB Designing,Networking,Computer hardware knowledge,RF development,test equipment,CAD,Cadence,Circuit Board Design, Firmware Development,Matlab,verilog,SPI,SOC,Signal Integrity,Computer Hardware Engineering
