DevOps,Javascript,Version Control Systems,Continuous Integration,Java,Ruby,Debugging,PHP,Python,bash,Operating Systems,C++,Continuous Monitoring,Linux,Cloud Computing,DevOps Engineer
Version Control Systems,Java,Javascript,Continuous Integration,DevOps,PHP,bash,Debugging,Python,Ruby,Continuous Monitoring,Cloud Computing,C++,Linux,Operating Systems,DevOps Engineer
Project Management Skills,Problem Solving,DevOps,Software Development,Agile Development,,,,,,,,,,,DevOps Evangalist
DevOps,Software Development,Agile Development,Problem Solving,Project Management Skills,,,,,,,,,,,DevOps Evangalist
Continuous Integration,Javascript,Version Control Systems,DevOps,Java,Python,Debugging,PHP,Ruby,bash,Linux,C++,Continuous Monitoring,Operating Systems,Cloud Computing,DevOps Engineer
Javascript,DevOps,Version Control Systems,Java,Continuous Integration,Debugging,Ruby,PHP,bash,Python,C++,Operating Systems,Continuous Monitoring,Cloud Computing,Linux,DevOps Engineer
DevOps,Java,Javascript,Continuous Integration,Version Control Systems,Ruby,bash,Debugging,Python,PHP,Operating Systems,Cloud Computing,C++,Linux,Continuous Monitoring,DevOps Engineer
DevOps,Agile Development,Operating Systems,Continuous Integration,Project Management Skills,System Architecture,Problem Solving,Visual studio,Operating Systems,Software Development Life Cycle (SDLC),Python,Analytics,Java,,,DevOps Release Manager
Agile Development,DevOps,Project Management Skills,Operating Systems,Continuous Integration,Problem Solving,System Architecture,Software Development Life Cycle (SDLC),Visual studio,Operating Systems,Java,Analytics,Python,,,DevOps Release Manager
Agile Development,DevOps,Project Management Skills,Software Development,Problem Solving,,,,,,,,,,,DevOps Evangalist
Software Development,Agile Development,Problem Solving,DevOps,Project Management Skills,,,,,,,,,,,DevOps Evangalist
Java,Javascript,Continuous Integration,DevOps,Version Control Systems,bash,Debugging,Python,Ruby,PHP,Cloud Computing,C++,Linux,Operating Systems,Continuous Monitoring,DevOps Engineer
Version Control Systems,Java,DevOps,Continuous Integration,Javascript,PHP,bash,Ruby,Python,Debugging,Continuous Monitoring,Cloud Computing,Operating Systems,Linux,C++,DevOps Engineer
Project Management Skills,Problem Solving,DevOps,Agile Development,Software Development,,,,,,,,,,,DevOps Evangalist
Javascript,Continuous Integration,Java,DevOps,Version Control Systems,Debugging,Python,bash,Ruby,PHP,C++,Linux,Cloud Computing,Operating Systems,Continuous Monitoring,DevOps Engineer
DevOps,Continuous Integration,Operating Systems,Agile Development,Project Management Skills,System Architecture,Operating Systems,Visual studio,Problem Solving,Software Development Life Cycle (SDLC),Python,Java,Analytics,,,DevOps Release Manager
Agile Development,Operating Systems,Project Management Skills,DevOps,Continuous Integration,Problem Solving,Visual studio,Software Development Life Cycle (SDLC),System Architecture,Operating Systems,Java,Python,Analytics,,,DevOps Release Manager
Continuous Integration,Operating Systems,DevOps,Project Management Skills,Agile Development,Operating Systems,Visual studio,System Architecture,Software Development Life Cycle (SDLC),Problem Solving,Analytics,Java,Python,,,DevOps Release Manager
Problem Solving,Software Development,Agile Development,Project Management Skills,DevOps,,,,,,,,,,,DevOps Evangalist
Continuous Integration,Agile Development,Project Management Skills,Operating Systems,DevOps,Operating Systems,Problem Solving,Software Development Life Cycle (SDLC),Visual studio,System Architecture,Python,Java,Analytics,,,DevOps Release Manager
Project Management Skills,DevOps,Continuous Integration,Operating Systems,Agile Development,Software Development Life Cycle (SDLC),System Architecture,Operating Systems,Visual studio,Problem Solving,Java,Analytics,Python,,,DevOps Release Manager
Project Management Skills,Operating Systems,Agile Development,Continuous Integration,DevOps,Software Development Life Cycle (SDLC),Visual studio,Problem Solving,Operating Systems,System Architecture,Java,Python,Analytics,,,DevOps Release Manager
Agile Development,Project Management Skills,Operating Systems,DevOps,Continuous Integration,Problem Solving,Software Development Life Cycle (SDLC),Visual studio,System Architecture,Operating Systems,Java,Analytics,Python,,,DevOps Release Manager
Project Management Skills,Software Development,DevOps,Problem Solving,Agile Development,,,,,,,,,,,DevOps Evangalist
Software Development,DevOps,Agile Development,Project Management Skills,Problem Solving,,,,,,,,,,,DevOps Evangalist
Project Management Skills,Software Development,Agile Development,DevOps,Problem Solving,,,,,,,,,,,DevOps Evangalist
Project Management Skills,DevOps,Agile Development,Software Development,Problem Solving,,,,,,,,,,,DevOps Evangalist
Operating Systems,Continuous Integration,Agile Development,DevOps,Project Management Skills,Visual studio,Operating Systems,Problem Solving,System Architecture,Software Development Life Cycle (SDLC),Java,Analytics,Python,,,DevOps Release Manager
Project Management Skills,Continuous Integration,DevOps,Agile Development,Operating Systems,Software Development Life Cycle (SDLC),Operating Systems,System Architecture,Problem Solving,Visual studio,Python,Java,Analytics,,,DevOps Release Manager
Operating Systems,Continuous Integration,Project Management Skills,Agile Development,DevOps,Visual studio,Operating Systems,Software Development Life Cycle (SDLC),Problem Solving,System Architecture,Analytics,Python,Java,,,DevOps Release Manager
Agile Development,Project Management Skills,DevOps,Problem Solving,Software Development,,,,,,,,,,,DevOps Evangalist
Project Management Skills,Operating Systems,DevOps,Continuous Integration,Agile Development,Software Development Life Cycle (SDLC),Visual studio,System Architecture,Operating Systems,Problem Solving,Java,Analytics,Python,,,DevOps Release Manager
DevOps,Problem Solving,Project Management Skills,Agile Development,Software Development,,,,,,,,,,,DevOps Evangalist
Java,Javascript,Continuous Integration,Version Control Systems,DevOps,bash,Debugging,Python,PHP,Ruby,Cloud Computing,C++,Linux,Continuous Monitoring,Operating Systems,DevOps Engineer
DevOps,Agile Development,Project Management Skills,Software Development,Problem Solving,,,,,,,,,,,DevOps Evangalist
Problem Solving,DevOps,Project Management Skills,Agile Development,Software Development,,,,,,,,,,,DevOps Evangalist
Continuous Integration,Operating Systems,Agile Development,Project Management Skills,DevOps,Operating Systems,Visual studio,Problem Solving,Software Development Life Cycle (SDLC),System Architecture,Analytics,Python,Java,,,DevOps Release Manager
Javascript,Version Control Systems,DevOps,Continuous Integration,Java,Debugging,PHP,Ruby,Python,bash,C++,Continuous Monitoring,Operating Systems,Linux,Cloud Computing,DevOps Engineer
Version Control Systems,DevOps,Java,Javascript,Continuous Integration,PHP,Ruby,bash,Debugging,Python,Continuous Monitoring,Operating Systems,Cloud Computing,C++,Linux,DevOps Engineer
Operating Systems,DevOps,Project Management Skills,Continuous Integration,Agile Development,Visual studio,System Architecture,Software Development Life Cycle (SDLC),Operating Systems,Problem Solving,Analytics,Python,Java,,,DevOps Release Manager
DevOps,Version Control Systems,Continuous Integration,Java,Javascript,Ruby,PHP,Python,bash,Debugging,Operating Systems,Continuous Monitoring,Linux,Cloud Computing,C++,DevOps Engineer
Software Development,Project Management Skills,DevOps,Agile Development,Problem Solving,,,,,,,,,,,DevOps Evangalist
Operating Systems,Continuous Integration,Project Management Skills,DevOps,Agile Development,Visual studio,Operating Systems,Software Development Life Cycle (SDLC),System Architecture,Problem Solving,Java,Python,Analytics,,,DevOps Release Manager
DevOps,Javascript,Version Control Systems,Java,Continuous Integration,Ruby,Debugging,PHP,bash,Python,Operating Systems,C++,Continuous Monitoring,Cloud Computing,Linux,DevOps Engineer
Project Management Skills,Agile Development,DevOps,Continuous Integration,Operating Systems,Software Development Life Cycle (SDLC),Problem Solving,System Architecture,Operating Systems,Visual studio,Python,Analytics,Java,,,DevOps Release Manager
DevOps,Continuous Integration,Agile Development,Project Management Skills,Operating Systems,System Architecture,Operating Systems,Problem Solving,Software Development Life Cycle (SDLC),Visual studio,Java,Analytics,Python,,,DevOps Release Manager
DevOps,Operating Systems,Agile Development,Project Management Skills,Continuous Integration,System Architecture,Visual studio,Problem Solving,Software Development Life Cycle (SDLC),Operating Systems,Java,Python,Analytics,,,DevOps Release Manager
Javascript,DevOps,Continuous Integration,Version Control Systems,Java,Debugging,Ruby,Python,PHP,bash,C++,Operating Systems,Linux,Continuous Monitoring,Cloud Computing,DevOps Engineer
Problem Solving,Project Management Skills,DevOps,Software Development,Agile Development,,,,,,,,,,,DevOps Evangalist
Javascript,Java,Version Control Systems,Continuous Integration,DevOps,Debugging,bash,PHP,Python,Ruby,C++,Cloud Computing,Continuous Monitoring,Linux,Operating Systems,DevOps Engineer
Operating Systems,Agile Development,DevOps,Continuous Integration,Project Management Skills,Visual studio,Problem Solving,System Architecture,Operating Systems,Software Development Life Cycle (SDLC),Java,Analytics,Python,,,DevOps Release Manager
Problem Solving,Software Development,Project Management Skills,DevOps,Agile Development,,,,,,,,,,,DevOps Evangalist
Continuous Integration,Java,Javascript,Version Control Systems,DevOps,Python,bash,Debugging,PHP,Ruby,Linux,Cloud Computing,C++,Continuous Monitoring,Operating Systems,DevOps Engineer
Agile Development,Project Management Skills,Problem Solving,DevOps,Software Development,,,,,,,,,,,DevOps Evangalist
Operating Systems,DevOps,Continuous Integration,Agile Development,Project Management Skills,Visual studio,System Architecture,Operating Systems,Problem Solving,Software Development Life Cycle (SDLC),Analytics,Python,Java,,,DevOps Release Manager
Version Control Systems,DevOps,Java,Continuous Integration,Javascript,PHP,Ruby,bash,Python,Debugging,Continuous Monitoring,Operating Systems,Cloud Computing,Linux,C++,DevOps Engineer
Javascript,DevOps,Java,Continuous Integration,Version Control Systems,Debugging,Ruby,bash,Python,PHP,C++,Operating Systems,Cloud Computing,Linux,Continuous Monitoring,DevOps Engineer
DevOps,Project Management Skills,Agile Development,Problem Solving,Software Development,,,,,,,,,,,DevOps Evangalist
Operating Systems,Agile Development,Project Management Skills,Continuous Integration,DevOps,Visual studio,Problem Solving,Software Development Life Cycle (SDLC),Operating Systems,System Architecture,Python,Analytics,Java,,,DevOps Release Manager
Version Control Systems,Java,Javascript,DevOps,Continuous Integration,PHP,bash,Debugging,Ruby,Python,Continuous Monitoring,Cloud Computing,C++,Operating Systems,Linux,DevOps Engineer
Continuous Integration,Project Management Skills,DevOps,Agile Development,Operating Systems,Operating Systems,Software Development Life Cycle (SDLC),System Architecture,Problem Solving,Visual studio,Java,Python,Analytics,,,DevOps Release Manager
Version Control Systems,Javascript,Continuous Integration,DevOps,Java,PHP,Debugging,Python,Ruby,bash,Continuous Monitoring,C++,Linux,Operating Systems,Cloud Computing,DevOps Engineer
DevOps,Version Control Systems,Continuous Integration,Javascript,Java,Ruby,PHP,Python,Debugging,bash,Operating Systems,Continuous Monitoring,Linux,C++,Cloud Computing,DevOps Engineer
Project Management Skills,Problem Solving,Software Development,Agile Development,DevOps,,,,,,,,,,,DevOps Evangalist
Problem Solving,Project Management Skills,Software Development,Agile Development,DevOps,,,,,,,,,,,DevOps Evangalist
Continuous Integration,DevOps,Agile Development,Project Management Skills,Operating Systems,Operating Systems,System Architecture,Problem Solving,Software Development Life Cycle (SDLC),Visual studio,Analytics,Java,Python,,,DevOps Release Manager
Continuous Integration,DevOps,Operating Systems,Agile Development,Project Management Skills,Operating Systems,System Architecture,Visual studio,Problem Solving,Software Development Life Cycle (SDLC),Java,Python,Analytics,,,DevOps Release Manager
DevOps,Project Management Skills,Agile Development,Operating Systems,Continuous Integration,System Architecture,Software Development Life Cycle (SDLC),Problem Solving,Visual studio,Operating Systems,Analytics,Python,Java,,,DevOps Release Manager
Continuous Integration,Agile Development,Project Management Skills,DevOps,Operating Systems,Operating Systems,Problem Solving,Software Development Life Cycle (SDLC),System Architecture,Visual studio,Java,Python,Analytics,,,DevOps Release Manager
Agile Development,Operating Systems,DevOps,Continuous Integration,Project Management Skills,Problem Solving,Visual studio,System Architecture,Operating Systems,Software Development Life Cycle (SDLC),Analytics,Java,Python,,,DevOps Release Manager
Operating Systems,Agile Development,Project Management Skills,DevOps,Continuous Integration,Visual studio,Problem Solving,Software Development Life Cycle (SDLC),System Architecture,Operating Systems,Python,Java,Analytics,,,DevOps Release Manager
Version Control Systems,Continuous Integration,Javascript,DevOps,Java,PHP,Python,Debugging,Ruby,bash,Continuous Monitoring,Linux,C++,Operating Systems,Cloud Computing,DevOps Engineer
DevOps,Continuous Integration,Java,Javascript,Version Control Systems,Ruby,Python,bash,Debugging,PHP,Operating Systems,Linux,Cloud Computing,C++,Continuous Monitoring,DevOps Engineer
Agile Development,Continuous Integration,DevOps,Project Management Skills,Operating Systems,Problem Solving,Operating Systems,System Architecture,Software Development Life Cycle (SDLC),Visual studio,Python,Analytics,Java,,,DevOps Release Manager
Continuous Integration,DevOps,Version Control Systems,Javascript,Java,Python,Ruby,PHP,Debugging,bash,Linux,Operating Systems,Continuous Monitoring,C++,Cloud Computing,DevOps Engineer
Continuous Integration,DevOps,Project Management Skills,Agile Development,Operating Systems,Operating Systems,System Architecture,Software Development Life Cycle (SDLC),Problem Solving,Visual studio,Java,Analytics,Python,,,DevOps Release Manager
Project Management Skills,Operating Systems,Continuous Integration,DevOps,Agile Development,Software Development Life Cycle (SDLC),Visual studio,Operating Systems,System Architecture,Problem Solving,Analytics,Java,Python,,,DevOps Release Manager
Version Control Systems,Continuous Integration,Java,DevOps,Javascript,PHP,Python,bash,Ruby,Debugging,Continuous Monitoring,Linux,Cloud Computing,Operating Systems,C++,DevOps Engineer
Agile Development,Software Development,Problem Solving,DevOps,Project Management Skills,,,,,,,,,,,DevOps Evangalist
DevOps,Project Management Skills,Operating Systems,Continuous Integration,Agile Development,System Architecture,Software Development Life Cycle (SDLC),Visual studio,Operating Systems,Problem Solving,Python,Java,Analytics,,,DevOps Release Manager
Project Management Skills,DevOps,Agile Development,Continuous Integration,Operating Systems,Software Development Life Cycle (SDLC),System Architecture,Problem Solving,Operating Systems,Visual studio,Python,Java,Analytics,,,DevOps Release Manager
Problem Solving,Software Development,DevOps,Agile Development,Project Management Skills,,,,,,,,,,,DevOps Evangalist
Agile Development,Software Development,Problem Solving,Project Management Skills,DevOps,,,,,,,,,,,DevOps Evangalist
DevOps,Javascript,Continuous Integration,Java,Version Control Systems,Ruby,Debugging,Python,bash,PHP,Operating Systems,C++,Linux,Cloud Computing,Continuous Monitoring,DevOps Engineer
DevOps,Project Management Skills,Software Development,Problem Solving,Agile Development,,,,,,,,,,,DevOps Evangalist
Continuous Integration,Version Control Systems,DevOps,Javascript,Java,Python,PHP,Ruby,Debugging,bash,Linux,Continuous Monitoring,Operating Systems,C++,Cloud Computing,DevOps Engineer
Software Development,DevOps,Agile Development,Problem Solving,Project Management Skills,,,,,,,,,,,DevOps Evangalist
Continuous Integration,Agile Development,DevOps,Operating Systems,Project Management Skills,Operating Systems,Problem Solving,System Architecture,Visual studio,Software Development Life Cycle (SDLC),Java,Python,Analytics,,,DevOps Release Manager
Continuous Integration,Java,DevOps,Version Control Systems,Javascript,Python,bash,Ruby,PHP,Debugging,Linux,Cloud Computing,Operating Systems,Continuous Monitoring,C++,DevOps Engineer
DevOps,Java,Version Control Systems,Continuous Integration,Javascript,Ruby,bash,PHP,Python,Debugging,Operating Systems,Cloud Computing,Continuous Monitoring,Linux,C++,DevOps Engineer
Software Development,Project Management Skills,Agile Development,DevOps,Problem Solving,,,,,,,,,,,DevOps Evangalist
Agile Development,Operating Systems,Continuous Integration,Project Management Skills,DevOps,Problem Solving,Visual studio,Operating Systems,Software Development Life Cycle (SDLC),System Architecture,Java,Python,Analytics,,,DevOps Release Manager
DevOps,Software Development,Project Management Skills,Agile Development,Problem Solving,,,,,,,,,,,DevOps Evangalist
Continuous Integration,Java,Javascript,DevOps,Version Control Systems,Python,bash,Debugging,Ruby,PHP,Linux,Cloud Computing,C++,Operating Systems,Continuous Monitoring,DevOps Engineer
Agile Development,Project Management Skills,Continuous Integration,Operating Systems,DevOps,Problem Solving,Software Development Life Cycle (SDLC),Operating Systems,Visual studio,System Architecture,Java,Analytics,Python,,,DevOps Release Manager
Operating Systems,Project Management Skills,Agile Development,Continuous Integration,DevOps,Visual studio,Software Development Life Cycle (SDLC),Problem Solving,Operating Systems,System Architecture,Python,Java,Analytics,,,DevOps Release Manager
Java,DevOps,Version Control Systems,Javascript,Continuous Integration,bash,Ruby,PHP,Debugging,Python,Cloud Computing,Operating Systems,Continuous Monitoring,C++,Linux,DevOps Engineer
DevOps,Continuous Integration,Javascript,Java,Version Control Systems,Ruby,Python,Debugging,bash,PHP,Operating Systems,Linux,C++,Cloud Computing,Continuous Monitoring,DevOps Engineer
DevOps,Agile Development,Continuous Integration,Project Management Skills,Operating Systems,System Architecture,Problem Solving,Operating Systems,Software Development Life Cycle (SDLC),Visual studio,Java,Python,Analytics,,,DevOps Release Manager
DevOps,Agile Development,Software Development,Project Management Skills,Problem Solving,,,,,,,,,,,DevOps Evangalist
Java,Version Control Systems,Continuous Integration,Javascript,DevOps,bash,PHP,Python,Debugging,Ruby,Cloud Computing,Continuous Monitoring,Linux,C++,Operating Systems,DevOps Engineer
DevOps,Software Development,Problem Solving,Project Management Skills,Agile Development,,,,,,,,,,,DevOps Evangalist
Software Development,Problem Solving,Agile Development,DevOps,Project Management Skills,,,,,,,,,,,DevOps Evangalist
Java,DevOps,Version Control Systems,Continuous Integration,Javascript,bash,Ruby,PHP,Python,Debugging,Cloud Computing,Operating Systems,Continuous Monitoring,Linux,C++,DevOps Engineer
Continuous Integration,DevOps,Java,Version Control Systems,Javascript,Python,Ruby,bash,PHP,Debugging,Linux,Operating Systems,Cloud Computing,Continuous Monitoring,C++,DevOps Engineer
Continuous Integration,Agile Development,DevOps,Project Management Skills,Operating Systems,Operating Systems,Problem Solving,System Architecture,Software Development Life Cycle (SDLC),Visual studio,Analytics,Python,Java,,,DevOps Release Manager
Version Control Systems,Javascript,Java,DevOps,Continuous Integration,PHP,Debugging,bash,Ruby,Python,Continuous Monitoring,C++,Cloud Computing,Operating Systems,Linux,DevOps Engineer
Continuous Integration,DevOps,Agile Development,Operating Systems,Project Management Skills,Operating Systems,System Architecture,Problem Solving,Visual studio,Software Development Life Cycle (SDLC),Java,Analytics,Python,,,DevOps Release Manager
Javascript,Java,Continuous Integration,DevOps,Version Control Systems,Debugging,bash,Python,Ruby,PHP,C++,Cloud Computing,Linux,Operating Systems,Continuous Monitoring,DevOps Engineer
Continuous Integration,DevOps,Operating Systems,Project Management Skills,Agile Development,Operating Systems,System Architecture,Visual studio,Software Development Life Cycle (SDLC),Problem Solving,Analytics,Python,Java,,,DevOps Release Manager
DevOps,Operating Systems,Agile Development,Continuous Integration,Project Management Skills,System Architecture,Visual studio,Problem Solving,Operating Systems,Software Development Life Cycle (SDLC),Python,Java,Analytics,,,DevOps Release Manager
DevOps,Java,Continuous Integration,Javascript,Version Control Systems,Ruby,bash,Python,Debugging,PHP,Operating Systems,Cloud Computing,Linux,C++,Continuous Monitoring,DevOps Engineer
Javascript,DevOps,Version Control Systems,Continuous Integration,Java,Debugging,Ruby,PHP,Python,bash,C++,Operating Systems,Continuous Monitoring,Linux,Cloud Computing,DevOps Engineer
Continuous Integration,DevOps,Java,Javascript,Version Control Systems,Python,Ruby,bash,Debugging,PHP,Linux,Operating Systems,Cloud Computing,C++,Continuous Monitoring,DevOps Engineer
Operating Systems,Continuous Integration,DevOps,Agile Development,Project Management Skills,Visual studio,Operating Systems,System Architecture,Problem Solving,Software Development Life Cycle (SDLC),Analytics,Java,Python,,,DevOps Release Manager
Java,DevOps,Javascript,Continuous Integration,Version Control Systems,bash,Ruby,Debugging,Python,PHP,Cloud Computing,Operating Systems,C++,Linux,Continuous Monitoring,DevOps Engineer
DevOps,Version Control Systems,Java,Continuous Integration,Javascript,Ruby,PHP,bash,Python,Debugging,Operating Systems,Continuous Monitoring,Cloud Computing,Linux,C++,DevOps Engineer
DevOps,Problem Solving,Project Management Skills,Software Development,Agile Development,,,,,,,,,,,DevOps Evangalist
Project Management Skills,DevOps,Operating Systems,Continuous Integration,Agile Development,Software Development Life Cycle (SDLC),System Architecture,Visual studio,Operating Systems,Problem Solving,Java,Python,Analytics,,,DevOps Release Manager
Agile Development,DevOps,Problem Solving,Project Management Skills,Software Development,,,,,,,,,,,DevOps Evangalist
Agile Development,Software Development,Project Management Skills,DevOps,Problem Solving,,,,,,,,,,,DevOps Evangalist
Agile Development,Project Management Skills,Software Development,Problem Solving,DevOps,,,,,,,,,,,DevOps Evangalist
Operating Systems,Continuous Integration,DevOps,Project Management Skills,Agile Development,Visual studio,Operating Systems,System Architecture,Software Development Life Cycle (SDLC),Problem Solving,Java,Analytics,Python,,,DevOps Release Manager
Problem Solving,Agile Development,Project Management Skills,Software Development,DevOps,,,,,,,,,,,DevOps Evangalist
DevOps,Agile Development,Software Development,Problem Solving,Project Management Skills,,,,,,,,,,,DevOps Evangalist
Software Development,Project Management Skills,Problem Solving,Agile Development,DevOps,,,,,,,,,,,DevOps Evangalist
Continuous Integration,Javascript,DevOps,Version Control Systems,Java,Python,Debugging,Ruby,PHP,bash,Linux,C++,Operating Systems,Continuous Monitoring,Cloud Computing,DevOps Engineer
Java,Version Control Systems,Continuous Integration,DevOps,Javascript,bash,PHP,Python,Ruby,Debugging,Cloud Computing,Continuous Monitoring,Linux,Operating Systems,C++,DevOps Engineer
Problem Solving,Agile Development,Project Management Skills,DevOps,Software Development,,,,,,,,,,,DevOps Evangalist
DevOps,Operating Systems,Continuous Integration,Agile Development,Project Management Skills,System Architecture,Visual studio,Operating Systems,Problem Solving,Software Development Life Cycle (SDLC),Python,Analytics,Java,,,DevOps Release Manager
Agile Development,Software Development,DevOps,Problem Solving,Project Management Skills,,,,,,,,,,,DevOps Evangalist
DevOps,Version Control Systems,Javascript,Continuous Integration,Java,Ruby,PHP,Debugging,Python,bash,Operating Systems,Continuous Monitoring,C++,Linux,Cloud Computing,DevOps Engineer
Project Management Skills,Problem Solving,Agile Development,Software Development,DevOps,,,,,,,,,,,DevOps Evangalist
DevOps,Continuous Integration,Project Management Skills,Operating Systems,Agile Development,System Architecture,Operating Systems,Software Development Life Cycle (SDLC),Visual studio,Problem Solving,Analytics,Python,Java,,,DevOps Release Manager
Continuous Integration,Javascript,Java,DevOps,Version Control Systems,Python,Debugging,bash,Ruby,PHP,Linux,C++,Cloud Computing,Operating Systems,Continuous Monitoring,DevOps Engineer
Software Development,Agile Development,DevOps,Project Management Skills,Problem Solving,,,,,,,,,,,DevOps Evangalist
Agile Development,Operating Systems,Continuous Integration,DevOps,Project Management Skills,Problem Solving,Visual studio,Operating Systems,System Architecture,Software Development Life Cycle (SDLC),Python,Java,Analytics,,,DevOps Release Manager
Software Development,Agile Development,Project Management Skills,DevOps,Problem Solving,,,,,,,,,,,DevOps Evangalist
DevOps,Agile Development,Project Management Skills,Operating Systems,Continuous Integration,System Architecture,Problem Solving,Software Development Life Cycle (SDLC),Visual studio,Operating Systems,Analytics,Java,Python,,,DevOps Release Manager
Agile Development,Problem Solving,DevOps,Project Management Skills,Software Development,,,,,,,,,,,DevOps Evangalist
Continuous Integration,Operating Systems,Agile Development,DevOps,Project Management Skills,Operating Systems,Visual studio,Problem Solving,System Architecture,Software Development Life Cycle (SDLC),Analytics,Java,Python,,,DevOps Release Manager
Version Control Systems,Java,Continuous Integration,DevOps,Javascript,PHP,bash,Python,Ruby,Debugging,Continuous Monitoring,Cloud Computing,Linux,Operating Systems,C++,DevOps Engineer
Software Development,Agile Development,DevOps,Problem Solving,Project Management Skills,,,,,,,,,,,DevOps Evangalist
Operating Systems,Project Management Skills,Continuous Integration,Agile Development,DevOps,Visual studio,Software Development Life Cycle (SDLC),Operating Systems,Problem Solving,System Architecture,Analytics,Java,Python,,,DevOps Release Manager
Java,Version Control Systems,Javascript,Continuous Integration,DevOps,bash,PHP,Debugging,Python,Ruby,Cloud Computing,Continuous Monitoring,C++,Linux,Operating Systems,DevOps Engineer
Java,Continuous Integration,Javascript,Version Control Systems,DevOps,bash,Python,Debugging,PHP,Ruby,Cloud Computing,Linux,C++,Continuous Monitoring,Operating Systems,DevOps Engineer
Agile Development,Problem Solving,DevOps,Software Development,Project Management Skills,,,,,,,,,,,DevOps Evangalist
Operating Systems,Agile Development,DevOps,Project Management Skills,Continuous Integration,Visual studio,Problem Solving,System Architecture,Software Development Life Cycle (SDLC),Operating Systems,Python,Analytics,Java,,,DevOps Release Manager
Software Development,Problem Solving,Project Management Skills,Agile Development,DevOps,,,,,,,,,,,DevOps Evangalist
DevOps,Java,Continuous Integration,Version Control Systems,Javascript,Ruby,bash,Python,PHP,Debugging,Operating Systems,Cloud Computing,Linux,Continuous Monitoring,C++,DevOps Engineer
Project Management Skills,Problem Solving,Software Development,DevOps,Agile Development,,,,,,,,,,,DevOps Evangalist
DevOps,Java,Javascript,Version Control Systems,Continuous Integration,Ruby,bash,Debugging,PHP,Python,Operating Systems,Cloud Computing,C++,Continuous Monitoring,Linux,DevOps Engineer
Software Development,Agile Development,Project Management Skills,Problem Solving,DevOps,,,,,,,,,,,DevOps Evangalist
DevOps,Version Control Systems,Java,Javascript,Continuous Integration,Ruby,PHP,bash,Debugging,Python,Operating Systems,Continuous Monitoring,Cloud Computing,C++,Linux,DevOps Engineer
Continuous Integration,Javascript,Java,Version Control Systems,DevOps,Python,Debugging,bash,PHP,Ruby,Linux,C++,Cloud Computing,Continuous Monitoring,Operating Systems,DevOps Engineer
Project Management Skills,DevOps,Problem Solving,Agile Development,Software Development,,,,,,,,,,,DevOps Evangalist
Project Management Skills,Software Development,Problem Solving,DevOps,Agile Development,,,,,,,,,,,DevOps Evangalist
Version Control Systems,Java,DevOps,Javascript,Continuous Integration,PHP,bash,Ruby,Debugging,Python,Continuous Monitoring,Cloud Computing,Operating Systems,C++,Linux,DevOps Engineer
Version Control Systems,Continuous Integration,Javascript,Java,DevOps,PHP,Python,Debugging,bash,Ruby,Continuous Monitoring,Linux,C++,Cloud Computing,Operating Systems,DevOps Engineer
Agile Development,Problem Solving,Project Management Skills,DevOps,Software Development,,,,,,,,,,,DevOps Evangalist
Operating Systems,Continuous Integration,Agile Development,Project Management Skills,DevOps,Visual studio,Operating Systems,Problem Solving,Software Development Life Cycle (SDLC),System Architecture,Python,Analytics,Java,,,DevOps Release Manager
Problem Solving,Software Development,Agile Development,DevOps,Project Management Skills,,,,,,,,,,,DevOps Evangalist
Software Development,Agile Development,Problem Solving,Project Management Skills,DevOps,,,,,,,,,,,DevOps Evangalist
Project Management Skills,Agile Development,Operating Systems,Continuous Integration,DevOps,Software Development Life Cycle (SDLC),Problem Solving,Visual studio,Operating Systems,System Architecture,Java,Analytics,Python,,,DevOps Release Manager
Problem Solving,DevOps,Software Development,Agile Development,Project Management Skills,,,,,,,,,,,DevOps Evangalist
DevOps,Agile Development,Problem Solving,Software Development,Project Management Skills,,,,,,,,,,,DevOps Evangalist
Continuous Integration,Javascript,Version Control Systems,Java,DevOps,Python,Debugging,PHP,bash,Ruby,Linux,C++,Continuous Monitoring,Cloud Computing,Operating Systems,DevOps Engineer
Agile Development,DevOps,Software Development,Problem Solving,Project Management Skills,,,,,,,,,,,DevOps Evangalist
Agile Development,Problem Solving,Software Development,Project Management Skills,DevOps,,,,,,,,,,,DevOps Evangalist
DevOps,Continuous Integration,Version Control Systems,Java,Javascript,Ruby,Python,PHP,bash,Debugging,Operating Systems,Linux,Continuous Monitoring,Cloud Computing,C++,DevOps Engineer
Software Development,DevOps,Project Management Skills,Agile Development,Problem Solving,,,,,,,,,,,DevOps Evangalist
Java,Version Control Systems,DevOps,Continuous Integration,Javascript,bash,PHP,Ruby,Python,Debugging,Cloud Computing,Continuous Monitoring,Operating Systems,Linux,C++,DevOps Engineer
Continuous Integration,Version Control Systems,DevOps,Java,Javascript,Python,PHP,Ruby,bash,Debugging,Linux,Continuous Monitoring,Operating Systems,Cloud Computing,C++,DevOps Engineer
Project Management Skills,Continuous Integration,DevOps,Operating Systems,Agile Development,Software Development Life Cycle (SDLC),Operating Systems,System Architecture,Visual studio,Problem Solving,Java,Python,Analytics,,,DevOps Release Manager
Version Control Systems,Continuous Integration,Java,Javascript,DevOps,PHP,Python,bash,Debugging,Ruby,Continuous Monitoring,Linux,Cloud Computing,C++,Operating Systems,DevOps Engineer
Java,Continuous Integration,Javascript,DevOps,Version Control Systems,bash,Python,Debugging,Ruby,PHP,Cloud Computing,Linux,C++,Operating Systems,Continuous Monitoring,DevOps Engineer
Agile Development,Continuous Integration,Operating Systems,Project Management Skills,DevOps,Problem Solving,Operating Systems,Visual studio,Software Development Life Cycle (SDLC),System Architecture,Java,Analytics,Python,,,DevOps Release Manager
Agile Development,Project Management Skills,DevOps,Operating Systems,Continuous Integration,Problem Solving,Software Development Life Cycle (SDLC),System Architecture,Visual studio,Operating Systems,Java,Python,Analytics,,,DevOps Release Manager
Agile Development,Project Management Skills,DevOps,Continuous Integration,Operating Systems,Problem Solving,Software Development Life Cycle (SDLC),System Architecture,Operating Systems,Visual studio,Analytics,Python,Java,,,DevOps Release Manager
Javascript,Continuous Integration,Version Control Systems,Java,DevOps,Debugging,Python,PHP,bash,Ruby,C++,Linux,Continuous Monitoring,Cloud Computing,Operating Systems,DevOps Engineer
Operating Systems,Project Management Skills,Continuous Integration,DevOps,Agile Development,Visual studio,Software Development Life Cycle (SDLC),Operating Systems,System Architecture,Problem Solving,Java,Analytics,Python,,,DevOps Release Manager
Agile Development,Operating Systems,DevOps,Project Management Skills,Continuous Integration,Problem Solving,Visual studio,System Architecture,Software Development Life Cycle (SDLC),Operating Systems,Analytics,Python,Java,,,DevOps Release Manager
Project Management Skills,Operating Systems,Continuous Integration,Agile Development,DevOps,Software Development Life Cycle (SDLC),Visual studio,Operating Systems,Problem Solving,System Architecture,Java,Analytics,Python,,,DevOps Release Manager
Project Management Skills,Agile Development,Continuous Integration,Operating Systems,DevOps,Software Development Life Cycle (SDLC),Problem Solving,Operating Systems,Visual studio,System Architecture,Analytics,Java,Python,,,DevOps Release Manager
DevOps,Project Management Skills,Software Development,Agile Development,Problem Solving,,,,,,,,,,,DevOps Evangalist
Project Management Skills,DevOps,Operating Systems,Agile Development,Continuous Integration,Software Development Life Cycle (SDLC),System Architecture,Visual studio,Problem Solving,Operating Systems,Python,Java,Analytics,,,DevOps Release Manager
Project Management Skills,Continuous Integration,Operating Systems,DevOps,Agile Development,Software Development Life Cycle (SDLC),Operating Systems,Visual studio,System Architecture,Problem Solving,Analytics,Python,Java,,,DevOps Release Manager
Problem Solving,Agile Development,Software Development,Project Management Skills,DevOps,,,,,,,,,,,DevOps Evangalist
Project Management Skills,Agile Development,DevOps,Problem Solving,Software Development,,,,,,,,,,,DevOps Evangalist
Software Development,Problem Solving,DevOps,Project Management Skills,Agile Development,,,,,,,,,,,DevOps Evangalist
Continuous Integration,Project Management Skills,DevOps,Operating Systems,Agile Development,Operating Systems,Software Development Life Cycle (SDLC),System Architecture,Visual studio,Problem Solving,Python,Java,Analytics,,,DevOps Release Manager
Java,Version Control Systems,DevOps,Javascript,Continuous Integration,bash,PHP,Ruby,Debugging,Python,Cloud Computing,Continuous Monitoring,Operating Systems,C++,Linux,DevOps Engineer
DevOps,Project Management Skills,Operating Systems,Agile Development,Continuous Integration,System Architecture,Software Development Life Cycle (SDLC),Visual studio,Problem Solving,Operating Systems,Java,Python,Analytics,,,DevOps Release Manager
Problem Solving,DevOps,Agile Development,Project Management Skills,Software Development,,,,,,,,,,,DevOps Evangalist
Project Management Skills,Agile Development,Software Development,Problem Solving,DevOps,,,,,,,,,,,DevOps Evangalist
Project Management Skills,Agile Development,DevOps,Operating Systems,Continuous Integration,Software Development Life Cycle (SDLC),Problem Solving,System Architecture,Visual studio,Operating Systems,Python,Java,Analytics,,,DevOps Release Manager
Java,Javascript,DevOps,Version Control Systems,Continuous Integration,bash,Debugging,Ruby,PHP,Python,Cloud Computing,C++,Operating Systems,Continuous Monitoring,Linux,DevOps Engineer
Agile Development,Project Management Skills,Operating Systems,Continuous Integration,DevOps,Problem Solving,Software Development Life Cycle (SDLC),Visual studio,Operating Systems,System Architecture,Analytics,Java,Python,,,DevOps Release Manager
Continuous Integration,Javascript,DevOps,Java,Version Control Systems,Python,Debugging,Ruby,bash,PHP,Linux,C++,Operating Systems,Cloud Computing,Continuous Monitoring,DevOps Engineer
Problem Solving,Software Development,DevOps,Project Management Skills,Agile Development,,,,,,,,,,,DevOps Evangalist
Continuous Integration,Agile Development,Operating Systems,DevOps,Project Management Skills,Operating Systems,Problem Solving,Visual studio,System Architecture,Software Development Life Cycle (SDLC),Analytics,Python,Java,,,DevOps Release Manager
DevOps,Agile Development,Project Management Skills,Continuous Integration,Operating Systems,System Architecture,Problem Solving,Software Development Life Cycle (SDLC),Operating Systems,Visual studio,Java,Analytics,Python,,,DevOps Release Manager
Javascript,DevOps,Java,Version Control Systems,Continuous Integration,Debugging,Ruby,bash,PHP,Python,C++,Operating Systems,Cloud Computing,Continuous Monitoring,Linux,DevOps Engineer
Continuous Integration,Operating Systems,Project Management Skills,Agile Development,DevOps,Operating Systems,Visual studio,Software Development Life Cycle (SDLC),Problem Solving,System Architecture,Python,Analytics,Java,,,DevOps Release Manager
Agile Development,DevOps,Software Development,Project Management Skills,Problem Solving,,,,,,,,,,,DevOps Evangalist
Version Control Systems,Javascript,Java,Continuous Integration,DevOps,PHP,Debugging,bash,Python,Ruby,Continuous Monitoring,C++,Cloud Computing,Linux,Operating Systems,DevOps Engineer
Software Development,Problem Solving,DevOps,Agile Development,Project Management Skills,,,,,,,,,,,DevOps Evangalist
Agile Development,Continuous Integration,Operating Systems,DevOps,Project Management Skills,Problem Solving,Operating Systems,Visual studio,System Architecture,Software Development Life Cycle (SDLC),Python,Analytics,Java,,,DevOps Release Manager
DevOps,Project Management Skills,Agile Development,Software Development,Problem Solving,,,,,,,,,,,DevOps Evangalist
Operating Systems,Project Management Skills,DevOps,Agile Development,Continuous Integration,Visual studio,Software Development Life Cycle (SDLC),System Architecture,Problem Solving,Operating Systems,Analytics,Python,Java,,,DevOps Release Manager
Project Management Skills,Agile Development,Software Development,DevOps,Problem Solving,,,,,,,,,,,DevOps Evangalist
Java,DevOps,Continuous Integration,Version Control Systems,Javascript,bash,Ruby,Python,PHP,Debugging,Cloud Computing,Operating Systems,Linux,Continuous Monitoring,C++,DevOps Engineer
Agile Development,Problem Solving,Project Management Skills,Software Development,DevOps,,,,,,,,,,,DevOps Evangalist
DevOps,Continuous Integration,Agile Development,Operating Systems,Project Management Skills,System Architecture,Operating Systems,Problem Solving,Visual studio,Software Development Life Cycle (SDLC),Analytics,Java,Python,,,DevOps Release Manager
Java,Javascript,Version Control Systems,Continuous Integration,DevOps,bash,Debugging,PHP,Python,Ruby,Cloud Computing,C++,Continuous Monitoring,Linux,Operating Systems,DevOps Engineer
Continuous Integration,Operating Systems,DevOps,Agile Development,Project Management Skills,Operating Systems,Visual studio,System Architecture,Problem Solving,Software Development Life Cycle (SDLC),Java,Analytics,Python,,,DevOps Release Manager
Javascript,Continuous Integration,DevOps,Java,Version Control Systems,Debugging,Python,Ruby,bash,PHP,C++,Linux,Operating Systems,Cloud Computing,Continuous Monitoring,DevOps Engineer
Continuous Integration,DevOps,Version Control Systems,Java,Javascript,Python,Ruby,PHP,bash,Debugging,Linux,Operating Systems,Continuous Monitoring,Cloud Computing,C++,DevOps Engineer
Agile Development,Continuous Integration,Project Management Skills,DevOps,Operating Systems,Problem Solving,Operating Systems,Software Development Life Cycle (SDLC),System Architecture,Visual studio,Python,Java,Analytics,,,DevOps Release Manager
Version Control Systems,DevOps,Javascript,Continuous Integration,Java,PHP,Ruby,Debugging,Python,bash,Continuous Monitoring,Operating Systems,C++,Linux,Cloud Computing,DevOps Engineer
Agile Development,DevOps,Operating Systems,Continuous Integration,Project Management Skills,Problem Solving,System Architecture,Visual studio,Operating Systems,Software Development Life Cycle (SDLC),Analytics,Python,Java,,,DevOps Release Manager
DevOps,Javascript,Java,Continuous Integration,Version Control Systems,Ruby,Debugging,bash,Python,PHP,Operating Systems,C++,Cloud Computing,Linux,Continuous Monitoring,DevOps Engineer
Project Management Skills,Agile Development,DevOps,Software Development,Problem Solving,,,,,,,,,,,DevOps Evangalist
Version Control Systems,DevOps,Continuous Integration,Java,Javascript,PHP,Ruby,Python,bash,Debugging,Continuous Monitoring,Operating Systems,Linux,Cloud Computing,C++,DevOps Engineer
Project Management Skills,Continuous Integration,Agile Development,DevOps,Operating Systems,Software Development Life Cycle (SDLC),Operating Systems,Problem Solving,System Architecture,Visual studio,Analytics,Java,Python,,,DevOps Release Manager
Software Development,Problem Solving,Agile Development,Project Management Skills,DevOps,,,,,,,,,,,DevOps Evangalist
DevOps,Problem Solving,Agile Development,Software Development,Project Management Skills,,,,,,,,,,,DevOps Evangalist
Javascript,DevOps,Continuous Integration,Java,Version Control Systems,Debugging,Ruby,Python,bash,PHP,C++,Operating Systems,Linux,Cloud Computing,Continuous Monitoring,DevOps Engineer
Problem Solving,DevOps,Software Development,Project Management Skills,Agile Development,,,,,,,,,,,DevOps Evangalist
DevOps,Operating Systems,Project Management Skills,Continuous Integration,Agile Development,System Architecture,Visual studio,Software Development Life Cycle (SDLC),Operating Systems,Problem Solving,Python,Analytics,Java,,,DevOps Release Manager
DevOps,Continuous Integration,Java,Version Control Systems,Javascript,Ruby,Python,bash,PHP,Debugging,Operating Systems,Linux,Cloud Computing,Continuous Monitoring,C++,DevOps Engineer
Project Management Skills,Operating Systems,Agile Development,DevOps,Continuous Integration,Software Development Life Cycle (SDLC),Visual studio,Problem Solving,System Architecture,Operating Systems,Analytics,Python,Java,,,DevOps Release Manager
Project Management Skills,Agile Development,Operating Systems,DevOps,Continuous Integration,Software Development Life Cycle (SDLC),Problem Solving,Visual studio,System Architecture,Operating Systems,Analytics,Java,Python,,,DevOps Release Manager
Javascript,Version Control Systems,Continuous Integration,Java,DevOps,Debugging,PHP,Python,bash,Ruby,C++,Continuous Monitoring,Linux,Cloud Computing,Operating Systems,DevOps Engineer
DevOps,Software Development,Agile Development,Project Management Skills,Problem Solving,,,,,,,,,,,DevOps Evangalist
Problem Solving,Software Development,Project Management Skills,Agile Development,DevOps,,,,,,,,,,,DevOps Evangalist
Continuous Integration,Project Management Skills,Agile Development,DevOps,Operating Systems,Operating Systems,Software Development Life Cycle (SDLC),Problem Solving,System Architecture,Visual studio,Java,Analytics,Python,,,DevOps Release Manager
Software Development,Project Management Skills,Problem Solving,DevOps,Agile Development,,,,,,,,,,,DevOps Evangalist
DevOps,Software Development,Project Management Skills,Problem Solving,Agile Development,,,,,,,,,,,DevOps Evangalist
DevOps,Agile Development,Project Management Skills,Problem Solving,Software Development,,,,,,,,,,,DevOps Evangalist
Version Control Systems,DevOps,Javascript,Java,Continuous Integration,PHP,Ruby,Debugging,bash,Python,Continuous Monitoring,Operating Systems,C++,Cloud Computing,Linux,DevOps Engineer
Java,DevOps,Continuous Integration,Javascript,Version Control Systems,bash,Ruby,Python,Debugging,PHP,Cloud Computing,Operating Systems,Linux,C++,Continuous Monitoring,DevOps Engineer
Operating Systems,DevOps,Agile Development,Project Management Skills,Continuous Integration,Visual studio,System Architecture,Problem Solving,Software Development Life Cycle (SDLC),Operating Systems,Python,Java,Analytics,,,DevOps Release Manager
Javascript,Java,DevOps,Version Control Systems,Continuous Integration,Debugging,bash,Ruby,PHP,Python,C++,Cloud Computing,Operating Systems,Continuous Monitoring,Linux,DevOps Engineer
Java,Continuous Integration,DevOps,Version Control Systems,Javascript,bash,Python,Ruby,PHP,Debugging,Cloud Computing,Linux,Operating Systems,Continuous Monitoring,C++,DevOps Engineer
Problem Solving,Project Management Skills,Agile Development,Software Development,DevOps,,,,,,,,,,,DevOps Evangalist
Agile Development,Project Management Skills,Problem Solving,Software Development,DevOps,,,,,,,,,,,DevOps Evangalist
Agile Development,DevOps,Project Management Skills,Problem Solving,Software Development,,,,,,,,,,,DevOps Evangalist
Problem Solving,DevOps,Agile Development,Software Development,Project Management Skills,,,,,,,,,,,DevOps Evangalist
Java,Version Control Systems,Javascript,DevOps,Continuous Integration,bash,PHP,Debugging,Ruby,Python,Cloud Computing,Continuous Monitoring,C++,Operating Systems,Linux,DevOps Engineer
Continuous Integration,Operating Systems,Project Management Skills,DevOps,Agile Development,Operating Systems,Visual studio,Software Development Life Cycle (SDLC),System Architecture,Problem Solving,Python,Java,Analytics,,,DevOps Release Manager
Operating Systems,DevOps,Project Management Skills,Agile Development,Continuous Integration,Visual studio,System Architecture,Software Development Life Cycle (SDLC),Problem Solving,Operating Systems,Analytics,Java,Python,,,DevOps Release Manager
Continuous Integration,Java,Version Control Systems,Javascript,DevOps,Python,bash,PHP,Debugging,Ruby,Linux,Cloud Computing,Continuous Monitoring,C++,Operating Systems,DevOps Engineer
DevOps,Operating Systems,Continuous Integration,Project Management Skills,Agile Development,System Architecture,Visual studio,Operating Systems,Software Development Life Cycle (SDLC),Problem Solving,Python,Java,Analytics,,,DevOps Release Manager
Java,Javascript,Version Control Systems,DevOps,Continuous Integration,bash,Debugging,PHP,Ruby,Python,Cloud Computing,C++,Continuous Monitoring,Operating Systems,Linux,DevOps Engineer
Version Control Systems,Javascript,Continuous Integration,Java,DevOps,PHP,Debugging,Python,bash,Ruby,Continuous Monitoring,C++,Linux,Cloud Computing,Operating Systems,DevOps Engineer
Project Management Skills,Software Development,DevOps,Agile Development,Problem Solving,,,,,,,,,,,DevOps Evangalist
Project Management Skills,Agile Development,Continuous Integration,DevOps,Operating Systems,Software Development Life Cycle (SDLC),Problem Solving,Operating Systems,System Architecture,Visual studio,Analytics,Python,Java,,,DevOps Release Manager
DevOps,Continuous Integration,Project Management Skills,Agile Development,Operating Systems,System Architecture,Operating Systems,Software Development Life Cycle (SDLC),Problem Solving,Visual studio,Analytics,Java,Python,,,DevOps Release Manager
Java,Javascript,DevOps,Continuous Integration,Version Control Systems,bash,Debugging,Ruby,Python,PHP,Cloud Computing,C++,Operating Systems,Linux,Continuous Monitoring,DevOps Engineer
Problem Solving,Agile Development,Software Development,DevOps,Project Management Skills,,,,,,,,,,,DevOps Evangalist
DevOps,Operating Systems,Project Management Skills,Agile Development,Continuous Integration,System Architecture,Visual studio,Software Development Life Cycle (SDLC),Problem Solving,Operating Systems,Java,Analytics,Python,,,DevOps Release Manager
Agile Development,Continuous Integration,Project Management Skills,Operating Systems,DevOps,Problem Solving,Operating Systems,Software Development Life Cycle (SDLC),Visual studio,System Architecture,Java,Python,Analytics,,,DevOps Release Manager
Agile Development,DevOps,Problem Solving,Software Development,Project Management Skills,,,,,,,,,,,DevOps Evangalist
Javascript,Version Control Systems,Java,Continuous Integration,DevOps,Debugging,PHP,bash,Python,Ruby,C++,Continuous Monitoring,Cloud Computing,Linux,Operating Systems,DevOps Engineer
Continuous Integration,Version Control Systems,Javascript,Java,DevOps,Python,PHP,Debugging,bash,Ruby,Linux,Continuous Monitoring,C++,Cloud Computing,Operating Systems,DevOps Engineer
Continuous Integration,Project Management Skills,Agile Development,Operating Systems,DevOps,Operating Systems,Software Development Life Cycle (SDLC),Problem Solving,Visual studio,System Architecture,Python,Analytics,Java,,,DevOps Release Manager
Software Development,Project Management Skills,DevOps,Problem Solving,Agile Development,,,,,,,,,,,DevOps Evangalist
Project Management Skills,Continuous Integration,Agile Development,Operating Systems,DevOps,Software Development Life Cycle (SDLC),Operating Systems,Problem Solving,Visual studio,System Architecture,Analytics,Python,Java,,,DevOps Release Manager
DevOps,Javascript,Java,Version Control Systems,Continuous Integration,Ruby,Debugging,bash,PHP,Python,Operating Systems,C++,Cloud Computing,Continuous Monitoring,Linux,DevOps Engineer
Problem Solving,DevOps,Project Management Skills,Software Development,Agile Development,,,,,,,,,,,DevOps Evangalist
Java,Continuous Integration,DevOps,Javascript,Version Control Systems,bash,Python,Ruby,Debugging,PHP,Cloud Computing,Linux,Operating Systems,C++,Continuous Monitoring,DevOps Engineer
Javascript,Java,Version Control Systems,DevOps,Continuous Integration,Debugging,bash,PHP,Ruby,Python,C++,Cloud Computing,Continuous Monitoring,Operating Systems,Linux,DevOps Engineer
Agile Development,Operating Systems,Project Management Skills,Continuous Integration,DevOps,Problem Solving,Visual studio,Software Development Life Cycle (SDLC),Operating Systems,System Architecture,Analytics,Python,Java,,,DevOps Release Manager
Problem Solving,Agile Development,DevOps,Project Management Skills,Software Development,,,,,,,,,,,DevOps Evangalist
Software Development,DevOps,Problem Solving,Agile Development,Project Management Skills,,,,,,,,,,,DevOps Evangalist
Software Development,DevOps,Problem Solving,Project Management Skills,Agile Development,,,,,,,,,,,DevOps Evangalist
Agile Development,DevOps,Continuous Integration,Project Management Skills,Operating Systems,Problem Solving,System Architecture,Operating Systems,Software Development Life Cycle (SDLC),Visual studio,Python,Java,Analytics,,,DevOps Release Manager
Project Management Skills,Continuous Integration,Operating Systems,Agile Development,DevOps,Software Development Life Cycle (SDLC),Operating Systems,Visual studio,Problem Solving,System Architecture,Java,Python,Analytics,,,DevOps Release Manager
Java,Continuous Integration,Version Control Systems,DevOps,Javascript,bash,Python,PHP,Ruby,Debugging,Cloud Computing,Linux,Continuous Monitoring,Operating Systems,C++,DevOps Engineer
DevOps,Agile Development,Problem Solving,Project Management Skills,Software Development,,,,,,,,,,,DevOps Evangalist
Javascript,Version Control Systems,Java,DevOps,Continuous Integration,Debugging,PHP,bash,Ruby,Python,C++,Continuous Monitoring,Cloud Computing,Operating Systems,Linux,DevOps Engineer
Continuous Integration,Project Management Skills,Operating Systems,DevOps,Agile Development,Operating Systems,Software Development Life Cycle (SDLC),Visual studio,System Architecture,Problem Solving,Python,Analytics,Java,,,DevOps Release Manager
Operating Systems,Project Management Skills,Agile Development,DevOps,Continuous Integration,Visual studio,Software Development Life Cycle (SDLC),Problem Solving,System Architecture,Operating Systems,Python,Analytics,Java,,,DevOps Release Manager
Continuous Integration,Version Control Systems,Java,Javascript,DevOps,Python,PHP,bash,Debugging,Ruby,Linux,Continuous Monitoring,Cloud Computing,C++,Operating Systems,DevOps Engineer
Javascript,Continuous Integration,DevOps,Version Control Systems,Java,Debugging,Python,Ruby,PHP,bash,C++,Linux,Operating Systems,Continuous Monitoring,Cloud Computing,DevOps Engineer
DevOps,Agile Development,Operating Systems,Project Management Skills,Continuous Integration,System Architecture,Problem Solving,Visual studio,Software Development Life Cycle (SDLC),Operating Systems,Java,Analytics,Python,,,DevOps Release Manager
DevOps,Software Development,Problem Solving,Agile Development,Project Management Skills,,,,,,,,,,,DevOps Evangalist
Continuous Integration,DevOps,Project Management Skills,Operating Systems,Agile Development,Operating Systems,System Architecture,Software Development Life Cycle (SDLC),Visual studio,Problem Solving,Python,Analytics,Java,,,DevOps Release Manager
DevOps,Continuous Integration,Version Control Systems,Javascript,Java,Ruby,Python,PHP,Debugging,bash,Operating Systems,Linux,Continuous Monitoring,C++,Cloud Computing,DevOps Engineer
Project Management Skills,DevOps,Software Development,Problem Solving,Agile Development,,,,,,,,,,,DevOps Evangalist
Agile Development,DevOps,Operating Systems,Project Management Skills,Continuous Integration,Problem Solving,System Architecture,Visual studio,Software Development Life Cycle (SDLC),Operating Systems,Analytics,Java,Python,,,DevOps Release Manager
Software Development,Project Management Skills,Agile Development,Problem Solving,DevOps,,,,,,,,,,,DevOps Evangalist
Agile Development,Project Management Skills,Software Development,DevOps,Problem Solving,,,,,,,,,,,DevOps Evangalist
Project Management Skills,DevOps,Agile Development,Problem Solving,Software Development,,,,,,,,,,,DevOps Evangalist
Project Management Skills,DevOps,Software Development,Agile Development,Problem Solving,,,,,,,,,,,DevOps Evangalist
Continuous Integration,Java,DevOps,Javascript,Version Control Systems,Python,bash,Ruby,Debugging,PHP,Linux,Cloud Computing,Operating Systems,C++,Continuous Monitoring,DevOps Engineer
Continuous Integration,Version Control Systems,Javascript,DevOps,Java,Python,PHP,Debugging,Ruby,bash,Linux,Continuous Monitoring,C++,Operating Systems,Cloud Computing,DevOps Engineer
DevOps,Version Control Systems,Javascript,Java,Continuous Integration,Ruby,PHP,Debugging,bash,Python,Operating Systems,Continuous Monitoring,C++,Cloud Computing,Linux,DevOps Engineer
DevOps,Project Management Skills,Continuous Integration,Agile Development,Operating Systems,System Architecture,Software Development Life Cycle (SDLC),Operating Systems,Problem Solving,Visual studio,Analytics,Python,Java,,,DevOps Release Manager
Javascript,Java,Continuous Integration,Version Control Systems,DevOps,Debugging,bash,Python,PHP,Ruby,C++,Cloud Computing,Linux,Continuous Monitoring,Operating Systems,DevOps Engineer
DevOps,Problem Solving,Software Development,Agile Development,Project Management Skills,,,,,,,,,,,DevOps Evangalist
Javascript,Version Control Systems,Continuous Integration,DevOps,Java,Debugging,PHP,Python,Ruby,bash,C++,Continuous Monitoring,Linux,Operating Systems,Cloud Computing,DevOps Engineer
Project Management Skills,DevOps,Agile Development,Operating Systems,Continuous Integration,Software Development Life Cycle (SDLC),System Architecture,Problem Solving,Visual studio,Operating Systems,Python,Analytics,Java,,,DevOps Release Manager
Project Management Skills,Operating Systems,DevOps,Agile Development,Continuous Integration,Software Development Life Cycle (SDLC),Visual studio,System Architecture,Problem Solving,Operating Systems,Python,Analytics,Java,,,DevOps Release Manager
Version Control Systems,Javascript,DevOps,Continuous Integration,Java,PHP,Debugging,Ruby,Python,bash,Continuous Monitoring,C++,Operating Systems,Linux,Cloud Computing,DevOps Engineer
Problem Solving,Project Management Skills,Software Development,DevOps,Agile Development,,,,,,,,,,,DevOps Evangalist
Javascript,Java,DevOps,Continuous Integration,Version Control Systems,Debugging,bash,Ruby,Python,PHP,C++,Cloud Computing,Operating Systems,Linux,Continuous Monitoring,DevOps Engineer
Project Management Skills,Problem Solving,Agile Development,DevOps,Software Development,,,,,,,,,,,DevOps Evangalist
DevOps,Project Management Skills,Agile Development,Continuous Integration,Operating Systems,System Architecture,Software Development Life Cycle (SDLC),Problem Solving,Operating Systems,Visual studio,Java,Python,Analytics,,,DevOps Release Manager
Javascript,Continuous Integration,Java,Version Control Systems,DevOps,Debugging,Python,bash,PHP,Ruby,C++,Linux,Cloud Computing,Continuous Monitoring,Operating Systems,DevOps Engineer
Agile Development,Problem Solving,Software Development,DevOps,Project Management Skills,,,,,,,,,,,DevOps Evangalist
Software Development,Problem Solving,Project Management Skills,DevOps,Agile Development,,,,,,,,,,,DevOps Evangalist
DevOps,Java,Version Control Systems,Javascript,Continuous Integration,Ruby,bash,PHP,Debugging,Python,Operating Systems,Cloud Computing,Continuous Monitoring,C++,Linux,DevOps Engineer
Problem Solving,Project Management Skills,DevOps,Agile Development,Software Development,,,,,,,,,,,DevOps Evangalist
Agile Development,Project Management Skills,DevOps,Software Development,Problem Solving,,,,,,,,,,,DevOps Evangalist
Continuous Integration,Agile Development,Operating Systems,Project Management Skills,DevOps,Operating Systems,Problem Solving,Visual studio,Software Development Life Cycle (SDLC),System Architecture,Analytics,Java,Python,,,DevOps Release Manager
Version Control Systems,Continuous Integration,DevOps,Java,Javascript,PHP,Python,Ruby,bash,Debugging,Continuous Monitoring,Linux,Operating Systems,Cloud Computing,C++,DevOps Engineer
Continuous Integration,DevOps,Javascript,Version Control Systems,Java,Python,Ruby,Debugging,PHP,bash,Linux,Operating Systems,C++,Continuous Monitoring,Cloud Computing,DevOps Engineer
Java,DevOps,Javascript,Version Control Systems,Continuous Integration,bash,Ruby,Debugging,PHP,Python,Cloud Computing,Operating Systems,C++,Continuous Monitoring,Linux,DevOps Engineer
Project Management Skills,Software Development,Problem Solving,Agile Development,DevOps,,,,,,,,,,,DevOps Evangalist
Agile Development,Continuous Integration,DevOps,Operating Systems,Project Management Skills,Problem Solving,Operating Systems,System Architecture,Visual studio,Software Development Life Cycle (SDLC),Python,Java,Analytics,,,DevOps Release Manager
Agile Development,DevOps,Continuous Integration,Operating Systems,Project Management Skills,Problem Solving,System Architecture,Operating Systems,Visual studio,Software Development Life Cycle (SDLC),Python,Analytics,Java,,,DevOps Release Manager
Agile Development,Software Development,Project Management Skills,Problem Solving,DevOps,,,,,,,,,,,DevOps Evangalist
Version Control Systems,Javascript,DevOps,Java,Continuous Integration,PHP,Debugging,Ruby,bash,Python,Continuous Monitoring,C++,Operating Systems,Cloud Computing,Linux,DevOps Engineer
Operating Systems,DevOps,Continuous Integration,Project Management Skills,Agile Development,Visual studio,System Architecture,Operating Systems,Software Development Life Cycle (SDLC),Problem Solving,Java,Python,Analytics,,,DevOps Release Manager
Continuous Integration,Version Control Systems,Java,DevOps,Javascript,Python,PHP,bash,Ruby,Debugging,Linux,Continuous Monitoring,Cloud Computing,Operating Systems,C++,DevOps Engineer
Problem Solving,Project Management Skills,Agile Development,DevOps,Software Development,,,,,,,,,,,DevOps Evangalist
Java,Continuous Integration,Version Control Systems,Javascript,DevOps,bash,Python,PHP,Debugging,Ruby,Cloud Computing,Linux,Continuous Monitoring,C++,Operating Systems,DevOps Engineer
Agile Development,Project Management Skills,Continuous Integration,DevOps,Operating Systems,Problem Solving,Software Development Life Cycle (SDLC),Operating Systems,System Architecture,Visual studio,Python,Analytics,Java,,,DevOps Release Manager
Project Management Skills,Software Development,Agile Development,Problem Solving,DevOps,,,,,,,,,,,DevOps Evangalist
DevOps,Continuous Integration,Operating Systems,Project Management Skills,Agile Development,System Architecture,Operating Systems,Visual studio,Software Development Life Cycle (SDLC),Problem Solving,Python,Analytics,Java,,,DevOps Release Manager
Project Management Skills,DevOps,Problem Solving,Software Development,Agile Development,,,,,,,,,,,DevOps Evangalist
DevOps,Problem Solving,Agile Development,Project Management Skills,Software Development,,,,,,,,,,,DevOps Evangalist
Operating Systems,Agile Development,Continuous Integration,DevOps,Project Management Skills,Visual studio,Problem Solving,Operating Systems,System Architecture,Software Development Life Cycle (SDLC),Java,Python,Analytics,,,DevOps Release Manager
Software Development,DevOps,Project Management Skills,Problem Solving,Agile Development,,,,,,,,,,,DevOps Evangalist
Continuous Integration,DevOps,Javascript,Java,Version Control Systems,Python,Ruby,Debugging,bash,PHP,Linux,Operating Systems,C++,Cloud Computing,Continuous Monitoring,DevOps Engineer
Version Control Systems,Java,Continuous Integration,Javascript,DevOps,PHP,bash,Python,Debugging,Ruby,Continuous Monitoring,Cloud Computing,Linux,C++,Operating Systems,DevOps Engineer
DevOps,Project Management Skills,Problem Solving,Agile Development,Software Development,,,,,,,,,,,DevOps Evangalist
DevOps,Project Management Skills,Continuous Integration,Operating Systems,Agile Development,System Architecture,Software Development Life Cycle (SDLC),Operating Systems,Visual studio,Problem Solving,Analytics,Java,Python,,,DevOps Release Manager
DevOps,Continuous Integration,Javascript,Version Control Systems,Java,Ruby,Python,Debugging,PHP,bash,Operating Systems,Linux,C++,Continuous Monitoring,Cloud Computing,DevOps Engineer
DevOps,Project Management Skills,Problem Solving,Software Development,Agile Development,,,,,,,,,,,DevOps Evangalist
Agile Development,Software Development,DevOps,Project Management Skills,Problem Solving,,,,,,,,,,,DevOps Evangalist
Javascript,Continuous Integration,Version Control Systems,DevOps,Java,Debugging,Python,PHP,Ruby,bash,C++,Linux,Continuous Monitoring,Operating Systems,Cloud Computing,DevOps Engineer
Operating Systems,DevOps,Agile Development,Continuous Integration,Project Management Skills,Visual studio,System Architecture,Problem Solving,Operating Systems,Software Development Life Cycle (SDLC),Java,Python,Analytics,,,DevOps Release Manager
DevOps,Agile Development,Continuous Integration,Operating Systems,Project Management Skills,System Architecture,Problem Solving,Operating Systems,Visual studio,Software Development Life Cycle (SDLC),Analytics,Python,Java,,,DevOps Release Manager
Version Control Systems,Continuous Integration,DevOps,Javascript,Java,PHP,Python,Ruby,Debugging,bash,Continuous Monitoring,Linux,Operating Systems,C++,Cloud Computing,DevOps Engineer
Version Control Systems,DevOps,Continuous Integration,Javascript,Java,PHP,Ruby,Python,Debugging,bash,Continuous Monitoring,Operating Systems,Linux,C++,Cloud Computing,DevOps Engineer
Operating Systems,Agile Development,Continuous Integration,Project Management Skills,DevOps,Visual studio,Problem Solving,Operating Systems,Software Development Life Cycle (SDLC),System Architecture,Python,Java,Analytics,,,DevOps Release Manager
Agile Development,DevOps,Project Management Skills,Continuous Integration,Operating Systems,Problem Solving,System Architecture,Software Development Life Cycle (SDLC),Operating Systems,Visual studio,Analytics,Java,Python,,,DevOps Release Manager
Javascript,Version Control Systems,DevOps,Java,Continuous Integration,Debugging,PHP,Ruby,bash,Python,C++,Continuous Monitoring,Operating Systems,Cloud Computing,Linux,DevOps Engineer
DevOps,Javascript,Continuous Integration,Version Control Systems,Java,Ruby,Debugging,Python,PHP,bash,Operating Systems,C++,Linux,Continuous Monitoring,Cloud Computing,DevOps Engineer
Project Management Skills,DevOps,Continuous Integration,Agile Development,Operating Systems,Software Development Life Cycle (SDLC),System Architecture,Operating Systems,Problem Solving,Visual studio,Python,Analytics,Java,,,DevOps Release Manager
Project Management Skills,Agile Development,Problem Solving,DevOps,Software Development,,,,,,,,,,,DevOps Evangalist
Project Management Skills,Agile Development,Problem Solving,Software Development,DevOps,,,,,,,,,,,DevOps Evangalist
DevOps,Problem Solving,Software Development,Project Management Skills,Agile Development,,,,,,,,,,,DevOps Evangalist
Operating Systems,Project Management Skills,DevOps,Continuous Integration,Agile Development,Visual studio,Software Development Life Cycle (SDLC),System Architecture,Operating Systems,Problem Solving,Analytics,Java,Python,,,DevOps Release Manager
Problem Solving,Agile Development,DevOps,Software Development,Project Management Skills,,,,,,,,,,,DevOps Evangalist
Continuous Integration,Project Management Skills,Operating Systems,Agile Development,DevOps,Operating Systems,Software Development Life Cycle (SDLC),Visual studio,Problem Solving,System Architecture,Python,Java,Analytics,,,DevOps Release Manager
Continuous Integration,Java,Version Control Systems,DevOps,Javascript,Python,bash,PHP,Ruby,Debugging,Linux,Cloud Computing,Continuous Monitoring,Operating Systems,C++,DevOps Engineer
