UI ToolKits and Frameworks,CSS3,Git,HTML5,Jquery,Angular.js,Kotlin,Swift,Java,React.js,Web performance optimization(WPO),Flutter,Bootstrap,UI/ UX Design,Search Engine Optimization (SEO),Mobile front-end developer
Javascript,HTML5,Jquery,CSS3,Java,Bootstrap,Typescript,UI ToolKits and Frameworks,Ajax,Git,Web performance optimization(WPO),Search Engine Optimization (SEO),Graphic Design,Testing,React.js,Front-end Developer
Jquery,HTML5,CSS3,Git,UI ToolKits and Frameworks,React.js,Java,Kotlin,Swift,Angular.js,Search Engine Optimization (SEO),UI/ UX Design,Flutter,Bootstrap,Web performance optimization(WPO),Mobile front-end developer
Jquery,Javascript,Java,CSS3,HTML5,UI ToolKits and Frameworks,Bootstrap,Git,Ajax,Typescript,Graphic Design,Web performance optimization(WPO),React.js,Testing,Search Engine Optimization (SEO),Front-end Developer
Git,Jquery,HTML5,CSS3,UI ToolKits and Frameworks,Swift,React.js,Java,Kotlin,Angular.js,Bootstrap,Search Engine Optimization (SEO),UI/ UX Design,Flutter,Web performance optimization(WPO),Mobile front-end developer
CSS3,HTML5,Jquery,Java,Javascript,Ajax,Typescript,UI ToolKits and Frameworks,Git,Bootstrap,Testing,Search Engine Optimization (SEO),Graphic Design,React.js,Web performance optimization(WPO),Front-end Developer
Jquery,CSS3,HTML5,Javascript,Java,UI ToolKits and Frameworks,Ajax,Typescript,Bootstrap,Git,Graphic Design,Testing,Search Engine Optimization (SEO),Web performance optimization(WPO),React.js,Front-end Developer
CSS3,Jquery,Git,HTML5,UI ToolKits and Frameworks,Kotlin,React.js,Swift,Java,Angular.js,Flutter,Search Engine Optimization (SEO),Bootstrap,UI/ UX Design,Web performance optimization(WPO),Mobile front-end developer
Java,Jquery,CSS3,HTML5,Javascript,Git,UI ToolKits and Frameworks,Ajax,Typescript,Bootstrap,React.js,Graphic Design,Testing,Search Engine Optimization (SEO),Web performance optimization(WPO),Front-end Developer
Git,HTML5,UI ToolKits and Frameworks,Jquery,CSS3,Swift,Java,Angular.js,React.js,Kotlin,Bootstrap,UI/ UX Design,Web performance optimization(WPO),Search Engine Optimization (SEO),Flutter,Mobile front-end developer
Jquery,Java,HTML5,Javascript,CSS3,UI ToolKits and Frameworks,Git,Typescript,Bootstrap,Ajax,Graphic Design,React.js,Search Engine Optimization (SEO),Web performance optimization(WPO),Testing,Front-end Developer
Git,UI ToolKits and Frameworks,HTML5,CSS3,Jquery,Swift,Angular.js,Java,Kotlin,React.js,Bootstrap,Web performance optimization(WPO),UI/ UX Design,Flutter,Search Engine Optimization (SEO),Mobile front-end developer
UI ToolKits and Frameworks,Jquery,Git,HTML5,CSS3,Angular.js,React.js,Swift,Java,Kotlin,Web performance optimization(WPO),Search Engine Optimization (SEO),Bootstrap,UI/ UX Design,Flutter,Mobile front-end developer
HTML5,Javascript,Java,CSS3,Jquery,Typescript,Bootstrap,Git,Ajax,UI ToolKits and Frameworks,Search Engine Optimization (SEO),Web performance optimization(WPO),React.js,Testing,Graphic Design,Front-end Developer
UI ToolKits and Frameworks,HTML5,Jquery,Git,CSS3,Angular.js,Java,React.js,Swift,Kotlin,Web performance optimization(WPO),UI/ UX Design,Search Engine Optimization (SEO),Bootstrap,Flutter,Mobile front-end developer
Javascript,HTML5,Java,Jquery,CSS3,Bootstrap,Typescript,Git,UI ToolKits and Frameworks,Ajax,Web performance optimization(WPO),Search Engine Optimization (SEO),React.js,Graphic Design,Testing,Front-end Developer
HTML5,Java,CSS3,Javascript,Jquery,Typescript,Git,Ajax,Bootstrap,UI ToolKits and Frameworks,Search Engine Optimization (SEO),React.js,Testing,Web performance optimization(WPO),Graphic Design,Front-end Developer
Java,CSS3,Jquery,Javascript,HTML5,Git,Ajax,UI ToolKits and Frameworks,Bootstrap,Typescript,React.js,Testing,Graphic Design,Web performance optimization(WPO),Search Engine Optimization (SEO),Front-end Developer
UI ToolKits and Frameworks,Jquery,CSS3,Git,HTML5,Angular.js,React.js,Kotlin,Swift,Java,Web performance optimization(WPO),Search Engine Optimization (SEO),Flutter,Bootstrap,UI/ UX Design,Mobile front-end developer
CSS3,Java,Jquery,Javascript,HTML5,Ajax,Git,UI ToolKits and Frameworks,Bootstrap,Typescript,Testing,React.js,Graphic Design,Web performance optimization(WPO),Search Engine Optimization (SEO),Front-end Developer
Git,CSS3,UI ToolKits and Frameworks,HTML5,Jquery,Swift,Kotlin,Angular.js,Java,React.js,Bootstrap,Flutter,Web performance optimization(WPO),UI/ UX Design,Search Engine Optimization (SEO),Mobile front-end developer
Jquery,CSS3,Git,HTML5,UI ToolKits and Frameworks,React.js,Kotlin,Swift,Java,Angular.js,Search Engine Optimization (SEO),Flutter,Bootstrap,UI/ UX Design,Web performance optimization(WPO),Mobile front-end developer
Jquery,UI ToolKits and Frameworks,Git,CSS3,HTML5,React.js,Angular.js,Swift,Kotlin,Java,Search Engine Optimization (SEO),Web performance optimization(WPO),Bootstrap,Flutter,UI/ UX Design,Mobile front-end developer
Javascript,Java,Jquery,CSS3,HTML5,Bootstrap,Git,UI ToolKits and Frameworks,Ajax,Typescript,Web performance optimization(WPO),React.js,Graphic Design,Testing,Search Engine Optimization (SEO),Front-end Developer
Javascript,CSS3,HTML5,Java,Jquery,Bootstrap,Ajax,Typescript,Git,UI ToolKits and Frameworks,Web performance optimization(WPO),Testing,Search Engine Optimization (SEO),React.js,Graphic Design,Front-end Developer
CSS3,UI ToolKits and Frameworks,Git,HTML5,Jquery,Kotlin,Angular.js,Swift,Java,React.js,Flutter,Web performance optimization(WPO),Bootstrap,UI/ UX Design,Search Engine Optimization (SEO),Mobile front-end developer
CSS3,HTML5,Javascript,Java,Jquery,Ajax,Typescript,Bootstrap,Git,UI ToolKits and Frameworks,Testing,Search Engine Optimization (SEO),Web performance optimization(WPO),React.js,Graphic Design,Front-end Developer
HTML5,CSS3,Git,Jquery,UI ToolKits and Frameworks,Java,Kotlin,Swift,React.js,Angular.js,UI/ UX Design,Flutter,Bootstrap,Search Engine Optimization (SEO),Web performance optimization(WPO),Mobile front-end developer
CSS3,HTML5,Git,UI ToolKits and Frameworks,Jquery,Kotlin,Java,Swift,Angular.js,React.js,Flutter,UI/ UX Design,Bootstrap,Web performance optimization(WPO),Search Engine Optimization (SEO),Mobile front-end developer
HTML5,Javascript,CSS3,Jquery,Java,Typescript,Bootstrap,Ajax,UI ToolKits and Frameworks,Git,Search Engine Optimization (SEO),Web performance optimization(WPO),Testing,Graphic Design,React.js,Front-end Developer
CSS3,HTML5,Javascript,Jquery,Java,Ajax,Typescript,Bootstrap,UI ToolKits and Frameworks,Git,Testing,Search Engine Optimization (SEO),Web performance optimization(WPO),Graphic Design,React.js,Front-end Developer
HTML5,UI ToolKits and Frameworks,Git,Jquery,CSS3,Java,Angular.js,Swift,React.js,Kotlin,UI/ UX Design,Web performance optimization(WPO),Bootstrap,Search Engine Optimization (SEO),Flutter,Mobile front-end developer
CSS3,Java,HTML5,Javascript,Jquery,Ajax,Git,Typescript,Bootstrap,UI ToolKits and Frameworks,Testing,React.js,Search Engine Optimization (SEO),Web performance optimization(WPO),Graphic Design,Front-end Developer
HTML5,Jquery,Java,Javascript,CSS3,Typescript,UI ToolKits and Frameworks,Git,Bootstrap,Ajax,Search Engine Optimization (SEO),Graphic Design,React.js,Web performance optimization(WPO),Testing,Front-end Developer
UI ToolKits and Frameworks,CSS3,HTML5,Jquery,Git,Angular.js,Kotlin,Java,React.js,Swift,Web performance optimization(WPO),Flutter,UI/ UX Design,Search Engine Optimization (SEO),Bootstrap,Mobile front-end developer
CSS3,Java,Javascript,HTML5,Jquery,Ajax,Git,Bootstrap,Typescript,UI ToolKits and Frameworks,Testing,React.js,Web performance optimization(WPO),Search Engine Optimization (SEO),Graphic Design,Front-end Developer
UI ToolKits and Frameworks,CSS3,HTML5,Git,Jquery,Angular.js,Kotlin,Java,Swift,React.js,Web performance optimization(WPO),Flutter,UI/ UX Design,Bootstrap,Search Engine Optimization (SEO),Mobile front-end developer
Java,CSS3,Javascript,HTML5,Jquery,Git,Ajax,Bootstrap,Typescript,UI ToolKits and Frameworks,React.js,Testing,Web performance optimization(WPO),Search Engine Optimization (SEO),Graphic Design,Front-end Developer
UI ToolKits and Frameworks,Git,HTML5,CSS3,Jquery,Angular.js,Swift,Java,Kotlin,React.js,Web performance optimization(WPO),Bootstrap,UI/ UX Design,Flutter,Search Engine Optimization (SEO),Mobile front-end developer
Jquery,UI ToolKits and Frameworks,CSS3,HTML5,Git,React.js,Angular.js,Kotlin,Java,Swift,Search Engine Optimization (SEO),Web performance optimization(WPO),Flutter,UI/ UX Design,Bootstrap,Mobile front-end developer
CSS3,Jquery,Javascript,HTML5,Java,Ajax,UI ToolKits and Frameworks,Bootstrap,Typescript,Git,Testing,Graphic Design,Web performance optimization(WPO),Search Engine Optimization (SEO),React.js,Front-end Developer
Javascript,HTML5,CSS3,Jquery,Java,Bootstrap,Typescript,Ajax,UI ToolKits and Frameworks,Git,Web performance optimization(WPO),Search Engine Optimization (SEO),Testing,Graphic Design,React.js,Front-end Developer
Java,CSS3,Javascript,Jquery,HTML5,Git,Ajax,Bootstrap,UI ToolKits and Frameworks,Typescript,React.js,Testing,Web performance optimization(WPO),Graphic Design,Search Engine Optimization (SEO),Front-end Developer
CSS3,Javascript,Jquery,HTML5,Java,Ajax,Bootstrap,UI ToolKits and Frameworks,Typescript,Git,Testing,Web performance optimization(WPO),Graphic Design,Search Engine Optimization (SEO),React.js,Front-end Developer
HTML5,CSS3,Java,Javascript,Jquery,Typescript,Ajax,Git,Bootstrap,UI ToolKits and Frameworks,Search Engine Optimization (SEO),Testing,React.js,Web performance optimization(WPO),Graphic Design,Front-end Developer
Javascript,CSS3,Jquery,Java,HTML5,Bootstrap,Ajax,UI ToolKits and Frameworks,Git,Typescript,Web performance optimization(WPO),Testing,Graphic Design,React.js,Search Engine Optimization (SEO),Front-end Developer
Java,Javascript,HTML5,Jquery,CSS3,Git,Bootstrap,Typescript,UI ToolKits and Frameworks,Ajax,React.js,Web performance optimization(WPO),Search Engine Optimization (SEO),Graphic Design,Testing,Front-end Developer
UI ToolKits and Frameworks,Git,CSS3,HTML5,Jquery,Angular.js,Swift,Kotlin,Java,React.js,Web performance optimization(WPO),Bootstrap,Flutter,UI/ UX Design,Search Engine Optimization (SEO),Mobile front-end developer
HTML5,Git,CSS3,UI ToolKits and Frameworks,Jquery,Java,Swift,Kotlin,Angular.js,React.js,UI/ UX Design,Bootstrap,Flutter,Web performance optimization(WPO),Search Engine Optimization (SEO),Mobile front-end developer
Jquery,Javascript,CSS3,HTML5,Java,UI ToolKits and Frameworks,Bootstrap,Ajax,Typescript,Git,Graphic Design,Web performance optimization(WPO),Testing,Search Engine Optimization (SEO),React.js,Front-end Developer
Jquery,Java,CSS3,Javascript,HTML5,UI ToolKits and Frameworks,Git,Ajax,Bootstrap,Typescript,Graphic Design,React.js,Testing,Web performance optimization(WPO),Search Engine Optimization (SEO),Front-end Developer
Git,HTML5,CSS3,Jquery,UI ToolKits and Frameworks,Swift,Java,Kotlin,React.js,Angular.js,Bootstrap,UI/ UX Design,Flutter,Search Engine Optimization (SEO),Web performance optimization(WPO),Mobile front-end developer
Jquery,HTML5,CSS3,Javascript,Java,UI ToolKits and Frameworks,Typescript,Ajax,Bootstrap,Git,Graphic Design,Search Engine Optimization (SEO),Testing,Web performance optimization(WPO),React.js,Front-end Developer
Javascript,Java,CSS3,HTML5,Jquery,Bootstrap,Git,Ajax,Typescript,UI ToolKits and Frameworks,Web performance optimization(WPO),React.js,Testing,Search Engine Optimization (SEO),Graphic Design,Front-end Developer
Java,Jquery,Javascript,CSS3,HTML5,Git,UI ToolKits and Frameworks,Bootstrap,Ajax,Typescript,React.js,Graphic Design,Web performance optimization(WPO),Testing,Search Engine Optimization (SEO),Front-end Developer
CSS3,Jquery,Javascript,Java,HTML5,Ajax,UI ToolKits and Frameworks,Bootstrap,Git,Typescript,Testing,Graphic Design,Web performance optimization(WPO),React.js,Search Engine Optimization (SEO),Front-end Developer
Javascript,HTML5,Jquery,Java,CSS3,Bootstrap,Typescript,UI ToolKits and Frameworks,Git,Ajax,Web performance optimization(WPO),Search Engine Optimization (SEO),Graphic Design,React.js,Testing,Front-end Developer
HTML5,UI ToolKits and Frameworks,CSS3,Jquery,Git,Java,Angular.js,Kotlin,React.js,Swift,UI/ UX Design,Web performance optimization(WPO),Flutter,Search Engine Optimization (SEO),Bootstrap,Mobile front-end developer
Javascript,Java,HTML5,CSS3,Jquery,Bootstrap,Git,Typescript,Ajax,UI ToolKits and Frameworks,Web performance optimization(WPO),React.js,Search Engine Optimization (SEO),Testing,Graphic Design,Front-end Developer
Javascript,Jquery,Java,HTML5,CSS3,Bootstrap,UI ToolKits and Frameworks,Git,Typescript,Ajax,Web performance optimization(WPO),Graphic Design,React.js,Search Engine Optimization (SEO),Testing,Front-end Developer
Git,Jquery,HTML5,UI ToolKits and Frameworks,CSS3,Swift,React.js,Java,Angular.js,Kotlin,Bootstrap,Search Engine Optimization (SEO),UI/ UX Design,Web performance optimization(WPO),Flutter,Mobile front-end developer
Git,HTML5,CSS3,UI ToolKits and Frameworks,Jquery,Swift,Java,Kotlin,Angular.js,React.js,Bootstrap,UI/ UX Design,Flutter,Web performance optimization(WPO),Search Engine Optimization (SEO),Mobile front-end developer
HTML5,Javascript,Jquery,Java,CSS3,Typescript,Bootstrap,UI ToolKits and Frameworks,Git,Ajax,Search Engine Optimization (SEO),Web performance optimization(WPO),Graphic Design,React.js,Testing,Front-end Developer
UI ToolKits and Frameworks,CSS3,Jquery,HTML5,Git,Angular.js,Kotlin,React.js,Java,Swift,Web performance optimization(WPO),Flutter,Search Engine Optimization (SEO),UI/ UX Design,Bootstrap,Mobile front-end developer
Git,UI ToolKits and Frameworks,Jquery,CSS3,HTML5,Swift,Angular.js,React.js,Kotlin,Java,Bootstrap,Web performance optimization(WPO),Search Engine Optimization (SEO),Flutter,UI/ UX Design,Mobile front-end developer
CSS3,Jquery,Java,Javascript,HTML5,Ajax,UI ToolKits and Frameworks,Git,Bootstrap,Typescript,Testing,Graphic Design,React.js,Web performance optimization(WPO),Search Engine Optimization (SEO),Front-end Developer
Java,HTML5,Javascript,Jquery,CSS3,Git,Typescript,Bootstrap,UI ToolKits and Frameworks,Ajax,React.js,Search Engine Optimization (SEO),Web performance optimization(WPO),Graphic Design,Testing,Front-end Developer
Jquery,HTML5,Javascript,Java,CSS3,UI ToolKits and Frameworks,Typescript,Bootstrap,Git,Ajax,Graphic Design,Search Engine Optimization (SEO),Web performance optimization(WPO),React.js,Testing,Front-end Developer
CSS3,Javascript,Jquery,Java,HTML5,Ajax,Bootstrap,UI ToolKits and Frameworks,Git,Typescript,Testing,Web performance optimization(WPO),Graphic Design,React.js,Search Engine Optimization (SEO),Front-end Developer
HTML5,Jquery,Javascript,CSS3,Java,Typescript,UI ToolKits and Frameworks,Bootstrap,Ajax,Git,Search Engine Optimization (SEO),Graphic Design,Web performance optimization(WPO),Testing,React.js,Front-end Developer
Git,Jquery,UI ToolKits and Frameworks,HTML5,CSS3,Swift,React.js,Angular.js,Java,Kotlin,Bootstrap,Search Engine Optimization (SEO),Web performance optimization(WPO),UI/ UX Design,Flutter,Mobile front-end developer
Jquery,Java,HTML5,CSS3,Javascript,UI ToolKits and Frameworks,Git,Typescript,Ajax,Bootstrap,Graphic Design,React.js,Search Engine Optimization (SEO),Testing,Web performance optimization(WPO),Front-end Developer
Git,CSS3,HTML5,Jquery,UI ToolKits and Frameworks,Swift,Kotlin,Java,React.js,Angular.js,Bootstrap,Flutter,UI/ UX Design,Search Engine Optimization (SEO),Web performance optimization(WPO),Mobile front-end developer
Jquery,CSS3,Java,HTML5,Javascript,UI ToolKits and Frameworks,Ajax,Git,Typescript,Bootstrap,Graphic Design,Testing,React.js,Search Engine Optimization (SEO),Web performance optimization(WPO),Front-end Developer
Jquery,CSS3,Javascript,Java,HTML5,UI ToolKits and Frameworks,Ajax,Bootstrap,Git,Typescript,Graphic Design,Testing,Web performance optimization(WPO),React.js,Search Engine Optimization (SEO),Front-end Developer
Java,Javascript,Jquery,CSS3,HTML5,Git,Bootstrap,UI ToolKits and Frameworks,Ajax,Typescript,React.js,Web performance optimization(WPO),Graphic Design,Testing,Search Engine Optimization (SEO),Front-end Developer
Git,CSS3,HTML5,UI ToolKits and Frameworks,Jquery,Swift,Kotlin,Java,Angular.js,React.js,Bootstrap,Flutter,UI/ UX Design,Web performance optimization(WPO),Search Engine Optimization (SEO),Mobile front-end developer
UI ToolKits and Frameworks,Git,HTML5,Jquery,CSS3,Angular.js,Swift,Java,React.js,Kotlin,Web performance optimization(WPO),Bootstrap,UI/ UX Design,Search Engine Optimization (SEO),Flutter,Mobile front-end developer
UI ToolKits and Frameworks,HTML5,CSS3,Git,Jquery,Angular.js,Java,Kotlin,Swift,React.js,Web performance optimization(WPO),UI/ UX Design,Flutter,Bootstrap,Search Engine Optimization (SEO),Mobile front-end developer
Jquery,CSS3,Git,UI ToolKits and Frameworks,HTML5,React.js,Kotlin,Swift,Angular.js,Java,Search Engine Optimization (SEO),Flutter,Bootstrap,Web performance optimization(WPO),UI/ UX Design,Mobile front-end developer
UI ToolKits and Frameworks,Jquery,Git,CSS3,HTML5,Angular.js,React.js,Swift,Kotlin,Java,Web performance optimization(WPO),Search Engine Optimization (SEO),Bootstrap,Flutter,UI/ UX Design,Mobile front-end developer
UI ToolKits and Frameworks,Jquery,CSS3,HTML5,Git,Angular.js,React.js,Kotlin,Java,Swift,Web performance optimization(WPO),Search Engine Optimization (SEO),Flutter,UI/ UX Design,Bootstrap,Mobile front-end developer
Java,Javascript,CSS3,HTML5,Jquery,Git,Bootstrap,Ajax,Typescript,UI ToolKits and Frameworks,React.js,Web performance optimization(WPO),Testing,Search Engine Optimization (SEO),Graphic Design,Front-end Developer
Jquery,Java,CSS3,HTML5,Javascript,UI ToolKits and Frameworks,Git,Ajax,Typescript,Bootstrap,Graphic Design,React.js,Testing,Search Engine Optimization (SEO),Web performance optimization(WPO),Front-end Developer
Git,CSS3,UI ToolKits and Frameworks,Jquery,HTML5,Swift,Kotlin,Angular.js,React.js,Java,Bootstrap,Flutter,Web performance optimization(WPO),Search Engine Optimization (SEO),UI/ UX Design,Mobile front-end developer
CSS3,Javascript,Java,HTML5,Jquery,Ajax,Bootstrap,Git,Typescript,UI ToolKits and Frameworks,Testing,Web performance optimization(WPO),React.js,Search Engine Optimization (SEO),Graphic Design,Front-end Developer
Jquery,CSS3,Java,Javascript,HTML5,UI ToolKits and Frameworks,Ajax,Git,Bootstrap,Typescript,Graphic Design,Testing,React.js,Web performance optimization(WPO),Search Engine Optimization (SEO),Front-end Developer
Java,Javascript,Jquery,HTML5,CSS3,Git,Bootstrap,UI ToolKits and Frameworks,Typescript,Ajax,React.js,Web performance optimization(WPO),Graphic Design,Search Engine Optimization (SEO),Testing,Front-end Developer
Jquery,HTML5,Java,CSS3,Javascript,UI ToolKits and Frameworks,Typescript,Git,Ajax,Bootstrap,Graphic Design,Search Engine Optimization (SEO),React.js,Testing,Web performance optimization(WPO),Front-end Developer
Java,CSS3,HTML5,Javascript,Jquery,Git,Ajax,Typescript,Bootstrap,UI ToolKits and Frameworks,React.js,Testing,Search Engine Optimization (SEO),Web performance optimization(WPO),Graphic Design,Front-end Developer
Javascript,Java,CSS3,Jquery,HTML5,Bootstrap,Git,Ajax,UI ToolKits and Frameworks,Typescript,Web performance optimization(WPO),React.js,Testing,Graphic Design,Search Engine Optimization (SEO),Front-end Developer
Jquery,Git,HTML5,CSS3,UI ToolKits and Frameworks,React.js,Swift,Java,Kotlin,Angular.js,Search Engine Optimization (SEO),Bootstrap,UI/ UX Design,Flutter,Web performance optimization(WPO),Mobile front-end developer
Jquery,CSS3,HTML5,UI ToolKits and Frameworks,Git,React.js,Kotlin,Java,Angular.js,Swift,Search Engine Optimization (SEO),Flutter,UI/ UX Design,Web performance optimization(WPO),Bootstrap,Mobile front-end developer
CSS3,Git,Jquery,UI ToolKits and Frameworks,HTML5,Kotlin,Swift,React.js,Angular.js,Java,Flutter,Bootstrap,Search Engine Optimization (SEO),Web performance optimization(WPO),UI/ UX Design,Mobile front-end developer
HTML5,Jquery,Java,CSS3,Javascript,Typescript,UI ToolKits and Frameworks,Git,Ajax,Bootstrap,Search Engine Optimization (SEO),Graphic Design,React.js,Testing,Web performance optimization(WPO),Front-end Developer
Jquery,HTML5,CSS3,Java,Javascript,UI ToolKits and Frameworks,Typescript,Ajax,Git,Bootstrap,Graphic Design,Search Engine Optimization (SEO),Testing,React.js,Web performance optimization(WPO),Front-end Developer
HTML5,CSS3,Jquery,Java,Javascript,Typescript,Ajax,UI ToolKits and Frameworks,Git,Bootstrap,Search Engine Optimization (SEO),Testing,Graphic Design,React.js,Web performance optimization(WPO),Front-end Developer
Git,UI ToolKits and Frameworks,CSS3,Jquery,HTML5,Swift,Angular.js,Kotlin,React.js,Java,Bootstrap,Web performance optimization(WPO),Flutter,Search Engine Optimization (SEO),UI/ UX Design,Mobile front-end developer
Jquery,HTML5,Git,CSS3,UI ToolKits and Frameworks,React.js,Java,Swift,Kotlin,Angular.js,Search Engine Optimization (SEO),UI/ UX Design,Bootstrap,Flutter,Web performance optimization(WPO),Mobile front-end developer
Javascript,HTML5,CSS3,Java,Jquery,Bootstrap,Typescript,Ajax,Git,UI ToolKits and Frameworks,Web performance optimization(WPO),Search Engine Optimization (SEO),Testing,React.js,Graphic Design,Front-end Developer
Java,Jquery,Javascript,HTML5,CSS3,Git,UI ToolKits and Frameworks,Bootstrap,Typescript,Ajax,React.js,Graphic Design,Web performance optimization(WPO),Search Engine Optimization (SEO),Testing,Front-end Developer
Jquery,HTML5,UI ToolKits and Frameworks,CSS3,Git,React.js,Java,Angular.js,Kotlin,Swift,Search Engine Optimization (SEO),UI/ UX Design,Web performance optimization(WPO),Flutter,Bootstrap,Mobile front-end developer
CSS3,Jquery,HTML5,Javascript,Java,Ajax,UI ToolKits and Frameworks,Typescript,Bootstrap,Git,Testing,Graphic Design,Search Engine Optimization (SEO),Web performance optimization(WPO),React.js,Front-end Developer
CSS3,UI ToolKits and Frameworks,Jquery,Git,HTML5,Kotlin,Angular.js,React.js,Swift,Java,Flutter,Web performance optimization(WPO),Search Engine Optimization (SEO),Bootstrap,UI/ UX Design,Mobile front-end developer
HTML5,UI ToolKits and Frameworks,Jquery,CSS3,Git,Java,Angular.js,React.js,Kotlin,Swift,UI/ UX Design,Web performance optimization(WPO),Search Engine Optimization (SEO),Flutter,Bootstrap,Mobile front-end developer
UI ToolKits and Frameworks,HTML5,Jquery,CSS3,Git,Angular.js,Java,React.js,Kotlin,Swift,Web performance optimization(WPO),UI/ UX Design,Search Engine Optimization (SEO),Flutter,Bootstrap,Mobile front-end developer
UI ToolKits and Frameworks,Jquery,HTML5,CSS3,Git,Angular.js,React.js,Java,Kotlin,Swift,Web performance optimization(WPO),Search Engine Optimization (SEO),UI/ UX Design,Flutter,Bootstrap,Mobile front-end developer
Javascript,Jquery,CSS3,Java,HTML5,Bootstrap,UI ToolKits and Frameworks,Ajax,Git,Typescript,Web performance optimization(WPO),Graphic Design,Testing,React.js,Search Engine Optimization (SEO),Front-end Developer
HTML5,Git,UI ToolKits and Frameworks,CSS3,Jquery,Java,Swift,Angular.js,Kotlin,React.js,UI/ UX Design,Bootstrap,Web performance optimization(WPO),Flutter,Search Engine Optimization (SEO),Mobile front-end developer
Javascript,CSS3,Java,HTML5,Jquery,Bootstrap,Ajax,Git,Typescript,UI ToolKits and Frameworks,Web performance optimization(WPO),Testing,React.js,Search Engine Optimization (SEO),Graphic Design,Front-end Developer
CSS3,HTML5,Git,Jquery,UI ToolKits and Frameworks,Kotlin,Java,Swift,React.js,Angular.js,Flutter,UI/ UX Design,Bootstrap,Search Engine Optimization (SEO),Web performance optimization(WPO),Mobile front-end developer
CSS3,Javascript,Java,Jquery,HTML5,Ajax,Bootstrap,Git,UI ToolKits and Frameworks,Typescript,Testing,Web performance optimization(WPO),React.js,Graphic Design,Search Engine Optimization (SEO),Front-end Developer
Jquery,HTML5,Java,Javascript,CSS3,UI ToolKits and Frameworks,Typescript,Git,Bootstrap,Ajax,Graphic Design,Search Engine Optimization (SEO),React.js,Web performance optimization(WPO),Testing,Front-end Developer
Git,HTML5,Jquery,UI ToolKits and Frameworks,CSS3,Swift,Java,React.js,Angular.js,Kotlin,Bootstrap,UI/ UX Design,Search Engine Optimization (SEO),Web performance optimization(WPO),Flutter,Mobile front-end developer
Java,Javascript,HTML5,CSS3,Jquery,Git,Bootstrap,Typescript,Ajax,UI ToolKits and Frameworks,React.js,Web performance optimization(WPO),Search Engine Optimization (SEO),Testing,Graphic Design,Front-end Developer
CSS3,Jquery,HTML5,UI ToolKits and Frameworks,Git,Kotlin,React.js,Java,Angular.js,Swift,Flutter,Search Engine Optimization (SEO),UI/ UX Design,Web performance optimization(WPO),Bootstrap,Mobile front-end developer
Jquery,Java,Javascript,HTML5,CSS3,UI ToolKits and Frameworks,Git,Bootstrap,Typescript,Ajax,Graphic Design,React.js,Web performance optimization(WPO),Search Engine Optimization (SEO),Testing,Front-end Developer
HTML5,CSS3,UI ToolKits and Frameworks,Jquery,Git,Java,Kotlin,Angular.js,React.js,Swift,UI/ UX Design,Flutter,Web performance optimization(WPO),Search Engine Optimization (SEO),Bootstrap,Mobile front-end developer
Git,UI ToolKits and Frameworks,Jquery,HTML5,CSS3,Swift,Angular.js,React.js,Java,Kotlin,Bootstrap,Web performance optimization(WPO),Search Engine Optimization (SEO),UI/ UX Design,Flutter,Mobile front-end developer
Javascript,Jquery,Java,CSS3,HTML5,Bootstrap,UI ToolKits and Frameworks,Git,Ajax,Typescript,Web performance optimization(WPO),Graphic Design,React.js,Testing,Search Engine Optimization (SEO),Front-end Developer
Javascript,CSS3,Java,Jquery,HTML5,Bootstrap,Ajax,Git,UI ToolKits and Frameworks,Typescript,Web performance optimization(WPO),Testing,React.js,Graphic Design,Search Engine Optimization (SEO),Front-end Developer
HTML5,Jquery,CSS3,Git,UI ToolKits and Frameworks,Java,React.js,Kotlin,Swift,Angular.js,UI/ UX Design,Search Engine Optimization (SEO),Flutter,Bootstrap,Web performance optimization(WPO),Mobile front-end developer
Jquery,HTML5,Git,UI ToolKits and Frameworks,CSS3,React.js,Java,Swift,Angular.js,Kotlin,Search Engine Optimization (SEO),UI/ UX Design,Bootstrap,Web performance optimization(WPO),Flutter,Mobile front-end developer
CSS3,HTML5,Jquery,UI ToolKits and Frameworks,Git,Kotlin,Java,React.js,Angular.js,Swift,Flutter,UI/ UX Design,Search Engine Optimization (SEO),Web performance optimization(WPO),Bootstrap,Mobile front-end developer
Java,CSS3,HTML5,Jquery,Javascript,Git,Ajax,Typescript,UI ToolKits and Frameworks,Bootstrap,React.js,Testing,Search Engine Optimization (SEO),Graphic Design,Web performance optimization(WPO),Front-end Developer
CSS3,UI ToolKits and Frameworks,HTML5,Jquery,Git,Kotlin,Angular.js,Java,React.js,Swift,Flutter,Web performance optimization(WPO),UI/ UX Design,Search Engine Optimization (SEO),Bootstrap,Mobile front-end developer
UI ToolKits and Frameworks,HTML5,Git,CSS3,Jquery,Angular.js,Java,Swift,Kotlin,React.js,Web performance optimization(WPO),UI/ UX Design,Bootstrap,Flutter,Search Engine Optimization (SEO),Mobile front-end developer
CSS3,Javascript,HTML5,Jquery,Java,Ajax,Bootstrap,Typescript,UI ToolKits and Frameworks,Git,Testing,Web performance optimization(WPO),Search Engine Optimization (SEO),Graphic Design,React.js,Front-end Developer
UI ToolKits and Frameworks,Git,Jquery,HTML5,CSS3,Angular.js,Swift,React.js,Java,Kotlin,Web performance optimization(WPO),Bootstrap,Search Engine Optimization (SEO),UI/ UX Design,Flutter,Mobile front-end developer
CSS3,UI ToolKits and Frameworks,Git,Jquery,HTML5,Kotlin,Angular.js,Swift,React.js,Java,Flutter,Web performance optimization(WPO),Bootstrap,Search Engine Optimization (SEO),UI/ UX Design,Mobile front-end developer
HTML5,Javascript,Java,Jquery,CSS3,Typescript,Bootstrap,Git,UI ToolKits and Frameworks,Ajax,Search Engine Optimization (SEO),Web performance optimization(WPO),React.js,Graphic Design,Testing,Front-end Developer
Jquery,Git,CSS3,UI ToolKits and Frameworks,HTML5,React.js,Swift,Kotlin,Angular.js,Java,Search Engine Optimization (SEO),Bootstrap,Flutter,Web performance optimization(WPO),UI/ UX Design,Mobile front-end developer
HTML5,Javascript,CSS3,Java,Jquery,Typescript,Bootstrap,Ajax,Git,UI ToolKits and Frameworks,Search Engine Optimization (SEO),Web performance optimization(WPO),Testing,React.js,Graphic Design,Front-end Developer
Jquery,Java,Javascript,CSS3,HTML5,UI ToolKits and Frameworks,Git,Bootstrap,Ajax,Typescript,Graphic Design,React.js,Web performance optimization(WPO),Testing,Search Engine Optimization (SEO),Front-end Developer
HTML5,Git,UI ToolKits and Frameworks,Jquery,CSS3,Java,Swift,Angular.js,React.js,Kotlin,UI/ UX Design,Bootstrap,Web performance optimization(WPO),Search Engine Optimization (SEO),Flutter,Mobile front-end developer
CSS3,Jquery,UI ToolKits and Frameworks,Git,HTML5,Kotlin,React.js,Angular.js,Swift,Java,Flutter,Search Engine Optimization (SEO),Web performance optimization(WPO),Bootstrap,UI/ UX Design,Mobile front-end developer
Git,CSS3,Jquery,UI ToolKits and Frameworks,HTML5,Swift,Kotlin,React.js,Angular.js,Java,Bootstrap,Flutter,Search Engine Optimization (SEO),Web performance optimization(WPO),UI/ UX Design,Mobile front-end developer
Jquery,HTML5,Javascript,CSS3,Java,UI ToolKits and Frameworks,Typescript,Bootstrap,Ajax,Git,Graphic Design,Search Engine Optimization (SEO),Web performance optimization(WPO),Testing,React.js,Front-end Developer
CSS3,Jquery,Java,HTML5,Javascript,Ajax,UI ToolKits and Frameworks,Git,Typescript,Bootstrap,Testing,Graphic Design,React.js,Search Engine Optimization (SEO),Web performance optimization(WPO),Front-end Developer
Javascript,Jquery,HTML5,CSS3,Java,Bootstrap,UI ToolKits and Frameworks,Typescript,Ajax,Git,Web performance optimization(WPO),Graphic Design,Search Engine Optimization (SEO),Testing,React.js,Front-end Developer
Git,HTML5,UI ToolKits and Frameworks,CSS3,Jquery,Swift,Java,Angular.js,Kotlin,React.js,Bootstrap,UI/ UX Design,Web performance optimization(WPO),Flutter,Search Engine Optimization (SEO),Mobile front-end developer
Jquery,Javascript,CSS3,Java,HTML5,UI ToolKits and Frameworks,Bootstrap,Ajax,Git,Typescript,Graphic Design,Web performance optimization(WPO),Testing,React.js,Search Engine Optimization (SEO),Front-end Developer
UI ToolKits and Frameworks,Git,CSS3,Jquery,HTML5,Angular.js,Swift,Kotlin,React.js,Java,Web performance optimization(WPO),Bootstrap,Flutter,Search Engine Optimization (SEO),UI/ UX Design,Mobile front-end developer
HTML5,Jquery,UI ToolKits and Frameworks,CSS3,Git,Java,React.js,Angular.js,Kotlin,Swift,UI/ UX Design,Search Engine Optimization (SEO),Web performance optimization(WPO),Flutter,Bootstrap,Mobile front-end developer
CSS3,HTML5,Java,Jquery,Javascript,Ajax,Typescript,Git,UI ToolKits and Frameworks,Bootstrap,Testing,Search Engine Optimization (SEO),React.js,Graphic Design,Web performance optimization(WPO),Front-end Developer
Java,Jquery,HTML5,Javascript,CSS3,Git,UI ToolKits and Frameworks,Typescript,Bootstrap,Ajax,React.js,Graphic Design,Search Engine Optimization (SEO),Web performance optimization(WPO),Testing,Front-end Developer
HTML5,Git,Jquery,CSS3,UI ToolKits and Frameworks,Java,Swift,React.js,Kotlin,Angular.js,UI/ UX Design,Bootstrap,Search Engine Optimization (SEO),Flutter,Web performance optimization(WPO),Mobile front-end developer
CSS3,Java,Javascript,Jquery,HTML5,Ajax,Git,Bootstrap,UI ToolKits and Frameworks,Typescript,Testing,React.js,Web performance optimization(WPO),Graphic Design,Search Engine Optimization (SEO),Front-end Developer
CSS3,Jquery,Git,UI ToolKits and Frameworks,HTML5,Kotlin,React.js,Swift,Angular.js,Java,Flutter,Search Engine Optimization (SEO),Bootstrap,Web performance optimization(WPO),UI/ UX Design,Mobile front-end developer
HTML5,CSS3,Jquery,Git,UI ToolKits and Frameworks,Java,Kotlin,React.js,Swift,Angular.js,UI/ UX Design,Flutter,Search Engine Optimization (SEO),Bootstrap,Web performance optimization(WPO),Mobile front-end developer
Jquery,UI ToolKits and Frameworks,HTML5,CSS3,Git,React.js,Angular.js,Java,Kotlin,Swift,Search Engine Optimization (SEO),Web performance optimization(WPO),UI/ UX Design,Flutter,Bootstrap,Mobile front-end developer
Jquery,CSS3,UI ToolKits and Frameworks,HTML5,Git,React.js,Kotlin,Angular.js,Java,Swift,Search Engine Optimization (SEO),Flutter,Web performance optimization(WPO),UI/ UX Design,Bootstrap,Mobile front-end developer
UI ToolKits and Frameworks,CSS3,Git,Jquery,HTML5,Angular.js,Kotlin,Swift,React.js,Java,Web performance optimization(WPO),Flutter,Bootstrap,Search Engine Optimization (SEO),UI/ UX Design,Mobile front-end developer
CSS3,UI ToolKits and Frameworks,Jquery,HTML5,Git,Kotlin,Angular.js,React.js,Java,Swift,Flutter,Web performance optimization(WPO),Search Engine Optimization (SEO),UI/ UX Design,Bootstrap,Mobile front-end developer
Javascript,Java,Jquery,HTML5,CSS3,Bootstrap,Git,UI ToolKits and Frameworks,Typescript,Ajax,Web performance optimization(WPO),React.js,Graphic Design,Search Engine Optimization (SEO),Testing,Front-end Developer
CSS3,Git,HTML5,Jquery,UI ToolKits and Frameworks,Kotlin,Swift,Java,React.js,Angular.js,Flutter,Bootstrap,UI/ UX Design,Search Engine Optimization (SEO),Web performance optimization(WPO),Mobile front-end developer
CSS3,Git,UI ToolKits and Frameworks,Jquery,HTML5,Kotlin,Swift,Angular.js,React.js,Java,Flutter,Bootstrap,Web performance optimization(WPO),Search Engine Optimization (SEO),UI/ UX Design,Mobile front-end developer
UI ToolKits and Frameworks,HTML5,CSS3,Jquery,Git,Angular.js,Java,Kotlin,React.js,Swift,Web performance optimization(WPO),UI/ UX Design,Flutter,Search Engine Optimization (SEO),Bootstrap,Mobile front-end developer
Git,Jquery,UI ToolKits and Frameworks,CSS3,HTML5,Swift,React.js,Angular.js,Kotlin,Java,Bootstrap,Search Engine Optimization (SEO),Web performance optimization(WPO),Flutter,UI/ UX Design,Mobile front-end developer
HTML5,CSS3,Java,Jquery,Javascript,Typescript,Ajax,Git,UI ToolKits and Frameworks,Bootstrap,Search Engine Optimization (SEO),Testing,React.js,Graphic Design,Web performance optimization(WPO),Front-end Developer
HTML5,CSS3,Javascript,Java,Jquery,Typescript,Ajax,Bootstrap,Git,UI ToolKits and Frameworks,Search Engine Optimization (SEO),Testing,Web performance optimization(WPO),React.js,Graphic Design,Front-end Developer
CSS3,HTML5,Jquery,Javascript,Java,Ajax,Typescript,UI ToolKits and Frameworks,Bootstrap,Git,Testing,Search Engine Optimization (SEO),Graphic Design,Web performance optimization(WPO),React.js,Front-end Developer
HTML5,UI ToolKits and Frameworks,Jquery,Git,CSS3,Java,Angular.js,React.js,Swift,Kotlin,UI/ UX Design,Web performance optimization(WPO),Search Engine Optimization (SEO),Bootstrap,Flutter,Mobile front-end developer
HTML5,Java,Jquery,CSS3,Javascript,Typescript,Git,UI ToolKits and Frameworks,Ajax,Bootstrap,Search Engine Optimization (SEO),React.js,Graphic Design,Testing,Web performance optimization(WPO),Front-end Developer
Git,CSS3,Jquery,HTML5,UI ToolKits and Frameworks,Swift,Kotlin,React.js,Java,Angular.js,Bootstrap,Flutter,Search Engine Optimization (SEO),UI/ UX Design,Web performance optimization(WPO),Mobile front-end developer
Git,Jquery,CSS3,HTML5,UI ToolKits and Frameworks,Swift,React.js,Kotlin,Java,Angular.js,Bootstrap,Search Engine Optimization (SEO),Flutter,UI/ UX Design,Web performance optimization(WPO),Mobile front-end developer
Jquery,Git,UI ToolKits and Frameworks,CSS3,HTML5,React.js,Swift,Angular.js,Kotlin,Java,Search Engine Optimization (SEO),Bootstrap,Web performance optimization(WPO),Flutter,UI/ UX Design,Mobile front-end developer
Jquery,CSS3,HTML5,Git,UI ToolKits and Frameworks,React.js,Kotlin,Java,Swift,Angular.js,Search Engine Optimization (SEO),Flutter,UI/ UX Design,Bootstrap,Web performance optimization(WPO),Mobile front-end developer
HTML5,Javascript,Jquery,CSS3,Java,Typescript,Bootstrap,UI ToolKits and Frameworks,Ajax,Git,Search Engine Optimization (SEO),Web performance optimization(WPO),Graphic Design,Testing,React.js,Front-end Developer
Javascript,Jquery,HTML5,Java,CSS3,Bootstrap,UI ToolKits and Frameworks,Typescript,Git,Ajax,Web performance optimization(WPO),Graphic Design,Search Engine Optimization (SEO),React.js,Testing,Front-end Developer
Jquery,CSS3,Javascript,HTML5,Java,UI ToolKits and Frameworks,Ajax,Bootstrap,Typescript,Git,Graphic Design,Testing,Web performance optimization(WPO),Search Engine Optimization (SEO),React.js,Front-end Developer
Jquery,HTML5,CSS3,UI ToolKits and Frameworks,Git,React.js,Java,Kotlin,Angular.js,Swift,Search Engine Optimization (SEO),UI/ UX Design,Flutter,Web performance optimization(WPO),Bootstrap,Mobile front-end developer
Jquery,UI ToolKits and Frameworks,Git,HTML5,CSS3,React.js,Angular.js,Swift,Java,Kotlin,Search Engine Optimization (SEO),Web performance optimization(WPO),Bootstrap,UI/ UX Design,Flutter,Mobile front-end developer
Java,CSS3,Jquery,HTML5,Javascript,Git,Ajax,UI ToolKits and Frameworks,Typescript,Bootstrap,React.js,Testing,Graphic Design,Search Engine Optimization (SEO),Web performance optimization(WPO),Front-end Developer
HTML5,Java,Javascript,Jquery,CSS3,Typescript,Git,Bootstrap,UI ToolKits and Frameworks,Ajax,Search Engine Optimization (SEO),React.js,Web performance optimization(WPO),Graphic Design,Testing,Front-end Developer
HTML5,Jquery,CSS3,Javascript,Java,Typescript,UI ToolKits and Frameworks,Ajax,Bootstrap,Git,Search Engine Optimization (SEO),Graphic Design,Testing,Web performance optimization(WPO),React.js,Front-end Developer
CSS3,Git,HTML5,UI ToolKits and Frameworks,Jquery,Kotlin,Swift,Java,Angular.js,React.js,Flutter,Bootstrap,UI/ UX Design,Web performance optimization(WPO),Search Engine Optimization (SEO),Mobile front-end developer
CSS3,Java,Jquery,HTML5,Javascript,Ajax,Git,UI ToolKits and Frameworks,Typescript,Bootstrap,Testing,React.js,Graphic Design,Search Engine Optimization (SEO),Web performance optimization(WPO),Front-end Developer
HTML5,UI ToolKits and Frameworks,CSS3,Git,Jquery,Java,Angular.js,Kotlin,Swift,React.js,UI/ UX Design,Web performance optimization(WPO),Flutter,Bootstrap,Search Engine Optimization (SEO),Mobile front-end developer
Jquery,UI ToolKits and Frameworks,CSS3,Git,HTML5,React.js,Angular.js,Kotlin,Swift,Java,Search Engine Optimization (SEO),Web performance optimization(WPO),Flutter,Bootstrap,UI/ UX Design,Mobile front-end developer
HTML5,Jquery,Javascript,Java,CSS3,Typescript,UI ToolKits and Frameworks,Bootstrap,Git,Ajax,Search Engine Optimization (SEO),Graphic Design,Web performance optimization(WPO),React.js,Testing,Front-end Developer
HTML5,CSS3,Javascript,Jquery,Java,Typescript,Ajax,Bootstrap,UI ToolKits and Frameworks,Git,Search Engine Optimization (SEO),Testing,Web performance optimization(WPO),Graphic Design,React.js,Front-end Developer
HTML5,Jquery,UI ToolKits and Frameworks,Git,CSS3,Java,React.js,Angular.js,Swift,Kotlin,UI/ UX Design,Search Engine Optimization (SEO),Web performance optimization(WPO),Bootstrap,Flutter,Mobile front-end developer
CSS3,Jquery,UI ToolKits and Frameworks,HTML5,Git,Kotlin,React.js,Angular.js,Java,Swift,Flutter,Search Engine Optimization (SEO),Web performance optimization(WPO),UI/ UX Design,Bootstrap,Mobile front-end developer
Jquery,CSS3,HTML5,Java,Javascript,UI ToolKits and Frameworks,Ajax,Typescript,Git,Bootstrap,Graphic Design,Testing,Search Engine Optimization (SEO),React.js,Web performance optimization(WPO),Front-end Developer
Jquery,Git,UI ToolKits and Frameworks,HTML5,CSS3,React.js,Swift,Angular.js,Java,Kotlin,Search Engine Optimization (SEO),Bootstrap,Web performance optimization(WPO),UI/ UX Design,Flutter,Mobile front-end developer
Javascript,CSS3,HTML5,Jquery,Java,Bootstrap,Ajax,Typescript,UI ToolKits and Frameworks,Git,Web performance optimization(WPO),Testing,Search Engine Optimization (SEO),Graphic Design,React.js,Front-end Developer
Git,HTML5,Jquery,CSS3,UI ToolKits and Frameworks,Swift,Java,React.js,Kotlin,Angular.js,Bootstrap,UI/ UX Design,Search Engine Optimization (SEO),Flutter,Web performance optimization(WPO),Mobile front-end developer
Git,UI ToolKits and Frameworks,HTML5,Jquery,CSS3,Swift,Angular.js,Java,React.js,Kotlin,Bootstrap,Web performance optimization(WPO),UI/ UX Design,Search Engine Optimization (SEO),Flutter,Mobile front-end developer
Jquery,Javascript,HTML5,Java,CSS3,UI ToolKits and Frameworks,Bootstrap,Typescript,Git,Ajax,Graphic Design,Web performance optimization(WPO),Search Engine Optimization (SEO),React.js,Testing,Front-end Developer
Jquery,UI ToolKits and Frameworks,HTML5,Git,CSS3,React.js,Angular.js,Java,Swift,Kotlin,Search Engine Optimization (SEO),Web performance optimization(WPO),UI/ UX Design,Bootstrap,Flutter,Mobile front-end developer
Java,Jquery,HTML5,CSS3,Javascript,Git,UI ToolKits and Frameworks,Typescript,Ajax,Bootstrap,React.js,Graphic Design,Search Engine Optimization (SEO),Testing,Web performance optimization(WPO),Front-end Developer
CSS3,UI ToolKits and Frameworks,HTML5,Git,Jquery,Kotlin,Angular.js,Java,Swift,React.js,Flutter,Web performance optimization(WPO),UI/ UX Design,Bootstrap,Search Engine Optimization (SEO),Mobile front-end developer
Java,Jquery,CSS3,Javascript,HTML5,Git,UI ToolKits and Frameworks,Ajax,Bootstrap,Typescript,React.js,Graphic Design,Testing,Web performance optimization(WPO),Search Engine Optimization (SEO),Front-end Developer
Jquery,Javascript,Java,HTML5,CSS3,UI ToolKits and Frameworks,Bootstrap,Git,Typescript,Ajax,Graphic Design,Web performance optimization(WPO),React.js,Search Engine Optimization (SEO),Testing,Front-end Developer
HTML5,CSS3,Git,UI ToolKits and Frameworks,Jquery,Java,Kotlin,Swift,Angular.js,React.js,UI/ UX Design,Flutter,Bootstrap,Web performance optimization(WPO),Search Engine Optimization (SEO),Mobile front-end developer
Java,Javascript,CSS3,Jquery,HTML5,Git,Bootstrap,Ajax,UI ToolKits and Frameworks,Typescript,React.js,Web performance optimization(WPO),Testing,Graphic Design,Search Engine Optimization (SEO),Front-end Developer
HTML5,CSS3,UI ToolKits and Frameworks,Git,Jquery,Java,Kotlin,Angular.js,Swift,React.js,UI/ UX Design,Flutter,Web performance optimization(WPO),Bootstrap,Search Engine Optimization (SEO),Mobile front-end developer
CSS3,Java,HTML5,Jquery,Javascript,Ajax,Git,Typescript,UI ToolKits and Frameworks,Bootstrap,Testing,React.js,Search Engine Optimization (SEO),Graphic Design,Web performance optimization(WPO),Front-end Developer
Java,HTML5,Javascript,CSS3,Jquery,Git,Typescript,Bootstrap,Ajax,UI ToolKits and Frameworks,React.js,Search Engine Optimization (SEO),Web performance optimization(WPO),Testing,Graphic Design,Front-end Developer
Java,HTML5,Jquery,Javascript,CSS3,Git,Typescript,UI ToolKits and Frameworks,Bootstrap,Ajax,React.js,Search Engine Optimization (SEO),Graphic Design,Web performance optimization(WPO),Testing,Front-end Developer
Javascript,HTML5,Java,CSS3,Jquery,Bootstrap,Typescript,Git,Ajax,UI ToolKits and Frameworks,Web performance optimization(WPO),Search Engine Optimization (SEO),React.js,Testing,Graphic Design,Front-end Developer
UI ToolKits and Frameworks,Git,Jquery,CSS3,HTML5,Angular.js,Swift,React.js,Kotlin,Java,Web performance optimization(WPO),Bootstrap,Search Engine Optimization (SEO),Flutter,UI/ UX Design,Mobile front-end developer
CSS3,Javascript,HTML5,Java,Jquery,Ajax,Bootstrap,Typescript,Git,UI ToolKits and Frameworks,Testing,Web performance optimization(WPO),Search Engine Optimization (SEO),React.js,Graphic Design,Front-end Developer
UI ToolKits and Frameworks,Jquery,HTML5,Git,CSS3,Angular.js,React.js,Java,Swift,Kotlin,Web performance optimization(WPO),Search Engine Optimization (SEO),UI/ UX Design,Bootstrap,Flutter,Mobile front-end developer
CSS3,HTML5,UI ToolKits and Frameworks,Jquery,Git,Kotlin,Java,Angular.js,React.js,Swift,Flutter,UI/ UX Design,Web performance optimization(WPO),Search Engine Optimization (SEO),Bootstrap,Mobile front-end developer
Jquery,HTML5,UI ToolKits and Frameworks,Git,CSS3,React.js,Java,Angular.js,Swift,Kotlin,Search Engine Optimization (SEO),UI/ UX Design,Web performance optimization(WPO),Bootstrap,Flutter,Mobile front-end developer
CSS3,Git,Jquery,HTML5,UI ToolKits and Frameworks,Kotlin,Swift,React.js,Java,Angular.js,Flutter,Bootstrap,Search Engine Optimization (SEO),UI/ UX Design,Web performance optimization(WPO),Mobile front-end developer
Jquery,Javascript,HTML5,CSS3,Java,UI ToolKits and Frameworks,Bootstrap,Typescript,Ajax,Git,Graphic Design,Web performance optimization(WPO),Search Engine Optimization (SEO),Testing,React.js,Front-end Developer
UI ToolKits and Frameworks,HTML5,Git,Jquery,CSS3,Angular.js,Java,Swift,React.js,Kotlin,Web performance optimization(WPO),UI/ UX Design,Bootstrap,Search Engine Optimization (SEO),Flutter,Mobile front-end developer
Javascript,CSS3,Jquery,HTML5,Java,Bootstrap,Ajax,UI ToolKits and Frameworks,Typescript,Git,Web performance optimization(WPO),Testing,Graphic Design,Search Engine Optimization (SEO),React.js,Front-end Developer
Jquery,Git,HTML5,UI ToolKits and Frameworks,CSS3,React.js,Swift,Java,Angular.js,Kotlin,Search Engine Optimization (SEO),Bootstrap,UI/ UX Design,Web performance optimization(WPO),Flutter,Mobile front-end developer
Javascript,Jquery,CSS3,HTML5,Java,Bootstrap,UI ToolKits and Frameworks,Ajax,Typescript,Git,Web performance optimization(WPO),Graphic Design,Testing,Search Engine Optimization (SEO),React.js,Front-end Developer
HTML5,Jquery,CSS3,UI ToolKits and Frameworks,Git,Java,React.js,Kotlin,Angular.js,Swift,UI/ UX Design,Search Engine Optimization (SEO),Flutter,Web performance optimization(WPO),Bootstrap,Mobile front-end developer
Java,HTML5,CSS3,Jquery,Javascript,Git,Typescript,Ajax,UI ToolKits and Frameworks,Bootstrap,React.js,Search Engine Optimization (SEO),Testing,Graphic Design,Web performance optimization(WPO),Front-end Developer
Java,HTML5,Jquery,CSS3,Javascript,Git,Typescript,UI ToolKits and Frameworks,Ajax,Bootstrap,React.js,Search Engine Optimization (SEO),Graphic Design,Testing,Web performance optimization(WPO),Front-end Developer
Jquery,Git,CSS3,HTML5,UI ToolKits and Frameworks,React.js,Swift,Kotlin,Java,Angular.js,Search Engine Optimization (SEO),Bootstrap,Flutter,UI/ UX Design,Web performance optimization(WPO),Mobile front-end developer
Git,Jquery,CSS3,UI ToolKits and Frameworks,HTML5,Swift,React.js,Kotlin,Angular.js,Java,Bootstrap,Search Engine Optimization (SEO),Flutter,Web performance optimization(WPO),UI/ UX Design,Mobile front-end developer
Javascript,Java,HTML5,Jquery,CSS3,Bootstrap,Git,Typescript,UI ToolKits and Frameworks,Ajax,Web performance optimization(WPO),React.js,Search Engine Optimization (SEO),Graphic Design,Testing,Front-end Developer
UI ToolKits and Frameworks,CSS3,Jquery,Git,HTML5,Angular.js,Kotlin,React.js,Swift,Java,Web performance optimization(WPO),Flutter,Search Engine Optimization (SEO),Bootstrap,UI/ UX Design,Mobile front-end developer
CSS3,HTML5,Java,Javascript,Jquery,Ajax,Typescript,Git,Bootstrap,UI ToolKits and Frameworks,Testing,Search Engine Optimization (SEO),React.js,Web performance optimization(WPO),Graphic Design,Front-end Developer
CSS3,Git,UI ToolKits and Frameworks,HTML5,Jquery,Kotlin,Swift,Angular.js,Java,React.js,Flutter,Bootstrap,Web performance optimization(WPO),UI/ UX Design,Search Engine Optimization (SEO),Mobile front-end developer
Git,UI ToolKits and Frameworks,CSS3,HTML5,Jquery,Swift,Angular.js,Kotlin,Java,React.js,Bootstrap,Web performance optimization(WPO),Flutter,UI/ UX Design,Search Engine Optimization (SEO),Mobile front-end developer
HTML5,UI ToolKits and Frameworks,Git,CSS3,Jquery,Java,Angular.js,Swift,Kotlin,React.js,UI/ UX Design,Web performance optimization(WPO),Bootstrap,Flutter,Search Engine Optimization (SEO),Mobile front-end developer
HTML5,CSS3,Jquery,Javascript,Java,Typescript,Ajax,UI ToolKits and Frameworks,Bootstrap,Git,Search Engine Optimization (SEO),Testing,Graphic Design,Web performance optimization(WPO),React.js,Front-end Developer
HTML5,Jquery,Git,UI ToolKits and Frameworks,CSS3,Java,React.js,Swift,Angular.js,Kotlin,UI/ UX Design,Search Engine Optimization (SEO),Bootstrap,Web performance optimization(WPO),Flutter,Mobile front-end developer
HTML5,Git,Jquery,UI ToolKits and Frameworks,CSS3,Java,Swift,React.js,Angular.js,Kotlin,UI/ UX Design,Bootstrap,Search Engine Optimization (SEO),Web performance optimization(WPO),Flutter,Mobile front-end developer
HTML5,Git,CSS3,Jquery,UI ToolKits and Frameworks,Java,Swift,Kotlin,React.js,Angular.js,UI/ UX Design,Bootstrap,Flutter,Search Engine Optimization (SEO),Web performance optimization(WPO),Mobile front-end developer
HTML5,CSS3,Jquery,UI ToolKits and Frameworks,Git,Java,Kotlin,React.js,Angular.js,Swift,UI/ UX Design,Flutter,Search Engine Optimization (SEO),Web performance optimization(WPO),Bootstrap,Mobile front-end developer
CSS3,HTML5,UI ToolKits and Frameworks,Git,Jquery,Kotlin,Java,Angular.js,Swift,React.js,Flutter,UI/ UX Design,Web performance optimization(WPO),Bootstrap,Search Engine Optimization (SEO),Mobile front-end developer
HTML5,Java,Jquery,Javascript,CSS3,Typescript,Git,UI ToolKits and Frameworks,Bootstrap,Ajax,Search Engine Optimization (SEO),React.js,Graphic Design,Web performance optimization(WPO),Testing,Front-end Developer
CSS3,Jquery,HTML5,Java,Javascript,Ajax,UI ToolKits and Frameworks,Typescript,Git,Bootstrap,Testing,Graphic Design,Search Engine Optimization (SEO),React.js,Web performance optimization(WPO),Front-end Developer
CSS3,HTML5,Jquery,Git,UI ToolKits and Frameworks,Kotlin,Java,React.js,Swift,Angular.js,Flutter,UI/ UX Design,Search Engine Optimization (SEO),Bootstrap,Web performance optimization(WPO),Mobile front-end developer
Jquery,CSS3,UI ToolKits and Frameworks,Git,HTML5,React.js,Kotlin,Angular.js,Swift,Java,Search Engine Optimization (SEO),Flutter,Web performance optimization(WPO),Bootstrap,UI/ UX Design,Mobile front-end developer
HTML5,Jquery,CSS3,Java,Javascript,Typescript,UI ToolKits and Frameworks,Ajax,Git,Bootstrap,Search Engine Optimization (SEO),Graphic Design,Testing,React.js,Web performance optimization(WPO),Front-end Developer
HTML5,Java,CSS3,Jquery,Javascript,Typescript,Git,Ajax,UI ToolKits and Frameworks,Bootstrap,Search Engine Optimization (SEO),React.js,Testing,Graphic Design,Web performance optimization(WPO),Front-end Developer
Java,HTML5,CSS3,Javascript,Jquery,Git,Typescript,Ajax,Bootstrap,UI ToolKits and Frameworks,React.js,Search Engine Optimization (SEO),Testing,Web performance optimization(WPO),Graphic Design,Front-end Developer
CSS3,Jquery,HTML5,Git,UI ToolKits and Frameworks,Kotlin,React.js,Java,Swift,Angular.js,Flutter,Search Engine Optimization (SEO),UI/ UX Design,Bootstrap,Web performance optimization(WPO),Mobile front-end developer
HTML5,Java,Javascript,CSS3,Jquery,Typescript,Git,Bootstrap,Ajax,UI ToolKits and Frameworks,Search Engine Optimization (SEO),React.js,Web performance optimization(WPO),Testing,Graphic Design,Front-end Developer
HTML5,Jquery,Git,CSS3,UI ToolKits and Frameworks,Java,React.js,Swift,Kotlin,Angular.js,UI/ UX Design,Search Engine Optimization (SEO),Bootstrap,Flutter,Web performance optimization(WPO),Mobile front-end developer
