Java,Unity,Nuke,C++,C,Linux,UnrealEngine,ZBrush,Maya,Adobe Photoshop,C#,,,,,Video game Programmer
Halo,Java,Game Engine,C++,Unity,C#,Bugfixes,Javascript,,,,,,,,Game Tester
Java,Halo,Unity,Game Engine,C++,C#,Javascript,Bugfixes,,,,,,,,Game Tester
Unreal Engine,C++,Unity,Nuke,Python,Adobe Photoshop,CAD,Quixel,Maya,ZBrush,VFX,IOS,Graphic Design,Game Engine,,Game Artist
Unity,C++,Nuke,Python,Unreal Engine,Quixel,CAD,Maya,ZBrush,Adobe Photoshop,IOS,Game Engine,VFX,Graphic Design,,Game Artist
Java,Unity,Game Engine,Halo,C++,Javascript,Bugfixes,C#,,,,,,,,Game Tester
Java,Unity,Halo,Game Engine,C++,C#,Bugfixes,Javascript,,,,,,,,Game Tester
C,C++,Unity,Java,Nuke,Adobe Photoshop,Maya,UnrealEngine,Linux,ZBrush,C#,,,,,Video game Programmer
C,Java,Nuke,C++,Unity,Adobe Photoshop,Linux,ZBrush,Maya,UnrealEngine,C#,,,,,Video game Programmer
Unreal Engine,Unity,Nuke,Python,C++,Adobe Photoshop,Quixel,Maya,ZBrush,CAD,IOS,VFX,Graphic Design,Game Engine,,Game Artist
C,Unity,C++,Nuke,Java,Adobe Photoshop,UnrealEngine,Maya,ZBrush,Linux,C#,,,,,Video game Programmer
Python,Unreal Engine,Nuke,C++,Unity,ZBrush,Adobe Photoshop,Maya,CAD,Quixel,VFX,Game Engine,IOS,Graphic Design,,Game Artist
Unity,Unreal Engine,Python,Nuke,C++,Quixel,Adobe Photoshop,ZBrush,Maya,CAD,VFX,IOS,Game Engine,Graphic Design,,Game Artist
Unreal Engine,Unity,C++,Python,Nuke,Adobe Photoshop,Quixel,CAD,ZBrush,Maya,Graphic Design,Game Engine,VFX,IOS,,Game Artist
C++,Unreal Engine,Python,Unity,Nuke,CAD,Adobe Photoshop,ZBrush,Quixel,Maya,VFX,Graphic Design,IOS,Game Engine,,Game Artist
Java,C,C++,Unity,Nuke,Linux,Adobe Photoshop,Maya,UnrealEngine,ZBrush,C#,,,,,Video game Programmer
Unity,C,C++,Nuke,Java,UnrealEngine,Adobe Photoshop,Maya,ZBrush,Linux,C#,,,,,Video game Programmer
Unity,C,Java,C++,Nuke,UnrealEngine,Adobe Photoshop,Linux,Maya,ZBrush,C#,,,,,Video game Programmer
Game Engine,C++,Halo,Java,Unity,Bugfixes,Javascript,C#,,,,,,,,Game Tester
Game Engine,Java,Unity,Halo,C++,C#,Javascript,Bugfixes,,,,,,,,Game Tester
Game Engine,C++,Java,Unity,Halo,Javascript,C#,Bugfixes,,,,,,,,Game Tester
C,Nuke,Unity,Java,C++,Adobe Photoshop,ZBrush,UnrealEngine,Linux,Maya,C#,,,,,Video game Programmer
Unity,Java,Game Engine,Halo,C++,Bugfixes,Javascript,C#,,,,,,,,Game Tester
C,Unity,C++,Java,Nuke,Adobe Photoshop,UnrealEngine,Maya,Linux,ZBrush,C#,,,,,Video game Programmer
Python,Unity,Unreal Engine,C++,Nuke,ZBrush,Quixel,Adobe Photoshop,CAD,Maya,IOS,Game Engine,Graphic Design,VFX,,Game Artist
C++,Python,Unity,Nuke,Unreal Engine,CAD,ZBrush,Quixel,Maya,Adobe Photoshop,Game Engine,Graphic Design,IOS,VFX,,Game Artist
Unity,Nuke,C,C++,Java,UnrealEngine,ZBrush,Adobe Photoshop,Maya,Linux,C#,,,,,Video game Programmer
Halo,Unity,Java,Game Engine,C++,Javascript,Bugfixes,C#,,,,,,,,Game Tester
Nuke,C,C++,Unity,Java,ZBrush,Adobe Photoshop,Maya,UnrealEngine,Linux,C#,,,,,Video game Programmer
Halo,C++,Game Engine,Unity,Java,C#,Bugfixes,Javascript,,,,,,,,Game Tester
Unreal Engine,Python,Unity,C++,Nuke,Adobe Photoshop,ZBrush,Quixel,CAD,Maya,Graphic Design,IOS,Game Engine,VFX,,Game Artist
Halo,Unity,C++,Java,Game Engine,Bugfixes,C#,Javascript,,,,,,,,Game Tester
C++,Game Engine,Halo,Java,Unity,Javascript,Bugfixes,C#,,,,,,,,Game Tester
Game Engine,Halo,C++,Java,Unity,Bugfixes,C#,Javascript,,,,,,,,Game Tester
Unity,Game Engine,Java,C++,Halo,Javascript,C#,Bugfixes,,,,,,,,Game Tester
C++,Java,C,Unity,Nuke,Maya,Linux,Adobe Photoshop,UnrealEngine,ZBrush,C#,,,,,Video game Programmer
Unity,Nuke,C++,Python,Unreal Engine,Quixel,Maya,CAD,ZBrush,Adobe Photoshop,IOS,VFX,Game Engine,Graphic Design,,Game Artist
C++,Game Engine,Unity,Java,Halo,Javascript,C#,Bugfixes,,,,,,,,Game Tester
C++,Halo,Game Engine,Unity,Jav,Bugfixes,C#,Javascript,,,,,,,,Game Tester
Java,C++,Nuke,Unity,C,Linux,Maya,ZBrush,UnrealEngine,Adobe Photoshop,C#,,,,,Video game Programmer
C++,Java,Halo,Unity,Game Engine,Bugfixes,C#,Javascript,,,,,,,,Game Tester
C++,Java,Game Engine,Halo,Unity,C#,Javascript,Bugfixes,,,,,,,,Game Tester
Unity,Java,Halo,C++,Game Engine,Javascript,C#,Bugfixes,,,,,,,,Game Tester
Nuke,C++,Python,Unreal Engine,Unity,Maya,CAD,ZBrush,Adobe Photoshop,Quixel,IOS,Graphic Design,VFX,Game Engine,,Game Artist
Unity,Python,Nuke,Unreal Engine,C++,Quixel,ZBrush,Maya,Adobe Photoshop,CAD,VFX,Game Engine,Graphic Design,IOS,,Game Artist
Java,Unity,Nuke,C,C++,Linux,UnrealEngine,ZBrush,Adobe Photoshop,Maya,C#,,,,,Video game Programmer
C++,Unity,Nuke,Python,Unreal Engine,CAD,Quixel,Maya,ZBrush,Adobe Photoshop,Game Engine,IOS,VFX,Graphic Design,,Game Artist
Halo,Unity,Java,C++,Game Engine,Bugfixes,Javascript,C#,,,,,,,,Game Tester
Unreal Engine,Unity,Python,Nuke,C++,Adobe Photoshop,Quixel,ZBrush,Maya,CAD,IOS,VFX,Game Engine,Graphic Design,,Game Artist
Unity,Nuke,C++,Unreal Engine,Python,Quixel,Maya,CAD,Adobe Photoshop,ZBrush,Graphic Design,Game Engine,IOS,VFX,,Game Artist
C++,Game Engine,Java,Halo,Unity,C#,Bugfixes,Javascript,,,,,,,,Game Tester
C++,C,Unity,Java,Nuke,Maya,Adobe Photoshop,UnrealEngine,Linux,ZBrush,C#,,,,,Video game Programmer
Nuke,Unreal Engine,Unity,C++,Python,Maya,Adobe Photoshop,Quixel,CAD,ZBrush,Game Engine,VFX,Graphic Design,IOS,,Game Artist
Java,Halo,C++,Unity,Game Engine,C#,Javascript,Bugfixes,,,,,,,,Game Tester
Nuke,C,Java,Unity,C++,ZBrush,Adobe Photoshop,Linux,UnrealEngine,Maya,C#,,,,,Video game Programmer
C,Nuke,Java,C++,Unity,Adobe Photoshop,ZBrush,Linux,Maya,UnrealEngine,C#,,,,,Video game Programmer
C++,Python,Unity,Unreal Engine,Nuke,CAD,ZBrush,Quixel,Adobe Photoshop,Maya,VFX,IOS,Game Engine,Graphic Design,,Game Artist
Game Engine,Java,Halo,Unity,C++,Javascript,C#,Bugfixes,,,,,,,,Game Tester
Nuke,C,Java,C++,Unity,ZBrush,Adobe Photoshop,Linux,Maya,UnrealEngine,C#,,,,,Video game Programmer
C++,Nuke,Java,C,Unity,Maya,ZBrush,Linux,Adobe Photoshop,UnrealEngine,C#,,,,,Video game Programmer
Nuke,C++,Unity,Unreal Engine,Python,Maya,CAD,Quixel,Adobe Photoshop,ZBrush,Game Engine,IOS,Graphic Design,VFX,,Game Artist
Unity,Unreal Engine,C++,Python,Nuke,Quixel,Adobe Photoshop,CAD,ZBrush,Maya,Game Engine,Graphic Design,VFX,IOS,,Game Artist
Unity,C++,Python,Nuke,Unreal Engine,Quixel,CAD,ZBrush,Maya,Adobe Photoshop,IOS,Game Engine,Graphic Design,VFX,,Game Artist
Game Engine,Unity,Java,C++,Halo,C#,Javascript,Bugfixes,,,,,,,,Game Tester
Unity,Java,Nuke,C++,C,UnrealEngine,Linux,ZBrush,Maya,Adobe Photoshop,C#,,,,,Video game Programmer
Java,Nuke,Unity,C,C++,Linux,ZBrush,UnrealEngine,Adobe Photoshop,Maya,C#,,,,,Video game Programmer
Java,Game Engine,C++,Halo,Unity,Javascript,Bugfixes,C#,,,,,,,,Game Tester
Unity,Halo,C++,Game Engine,Java,C#,Javascript,Bugfixes,,,,,,,,Game Tester
Nuke,Unity,Python,C++,Unreal Engine,Maya,Quixel,ZBrush,CAD,Adobe Photoshop,VFX,IOS,Graphic Design,Game Engine,,Game Artist
Java,Unity,C,Nuke,C++,Linux,UnrealEngine,Adobe Photoshop,ZBrush,Maya,C#,,,,,Video game Programmer
Nuke,Unity,Java,C,C++,ZBrush,UnrealEngine,Linux,Adobe Photoshop,Maya,C#,,,,,Video game Programmer
Nuke,Unity,Unreal Engine,C++,Python,Maya,Quixel,Adobe Photoshop,CAD,ZBrush,Game Engine,Graphic Design,VFX,IOS,,Game Artist
Game Engine,C++,Unity,Halo,Java,Bugfixes,Javascript,C#,,,,,,,,Game Tester
Game Engine,C++,Unity,Java,Halo,C#,Javascript,Bugfixes,,,,,,,,Game Tester
Unity,Java,Halo,Game Engine,C++,Bugfixes,C#,Javascript,,,,,,,,Game Tester
Java,Unity,C++,C,Nuke,Linux,UnrealEngine,Maya,Adobe Photoshop,ZBrush,C#,,,,,Video game Programmer
Java,C++,Halo,Game Engine,Unity,Bugfixes,C#,Javascript,,,,,,,,Game Tester
Unity,Java,C,Nuke,C++,UnrealEngine,Linux,Adobe Photoshop,ZBrush,Maya,C#,,,,,Video game Programmer
C++,Java,Game Engine,Unity,Halo,C#,Bugfixes,Javascript,,,,,,,,Game Tester
C++,Nuke,C,Java,Unity,Maya,ZBrush,Adobe Photoshop,Linux,UnrealEngine,C#,,,,,Video game Programmer
C++,Game Engine,Unity,Halo,Java,Javascript,Bugfixes,C#,,,,,,,,Game Tester
Unity,C++,Java,Halo,Game Engine,C#,Bugfixes,Javascript,,,,,,,,Game Tester
Java,C,Unity,Nuke,C++,Linux,Adobe Photoshop,UnrealEngine,ZBrush,Maya,C#,,,,,Video game Programmer
C++,Unity,Nuke,Unreal Engine,Python,CAD,Quixel,Maya,Adobe Photoshop,ZBrush,IOS,Graphic Design,Game Engine,VFX,,Game Artist
C++,Unity,Game Engine,Halo,Java,Javascript,C#,Bugfixes,,,,,,,,Game Tester
Java,Nuke,C,C++,Unity,Linux,ZBrush,Adobe Photoshop,Maya,UnrealEngine,C#,,,,,Video game Programmer
C++,Nuke,Python,Unreal Engine,Unity,CAD,Maya,ZBrush,Adobe Photoshop,Quixel,Graphic Design,IOS,VFX,Game Engine,,Game Artist
Nuke,C,Unity,C++,Java,ZBrush,Adobe Photoshop,UnrealEngine,Maya,Linux,C#,,,,,Video game Programmer
Halo,Java,C++,Unity,Game Engine,Javascript,C#,Bugfixes,,,,,,,,Game Tester
Game Engine,Halo,Unity,C++,Java,Bugfixes,C#,Javascript,,,,,,,,Game Tester
C,C++,Nuke,Unity,Java,Adobe Photoshop,Maya,ZBrush,UnrealEngine,Linux,C#,,,,,Video game Programmer
Python,C++,Unreal Engine,Nuke,Unity,ZBrush,CAD,Adobe Photoshop,Maya,Quixel,VFX,Graphic Design,Game Engine,IOS,,Game Artist
C++,Unity,Game Engine,Java,Halo,Javascript,Bugfixes,C#,,,,,,,,Game Tester
Java,C++,Game Engine,Halo,Unity,Javascript,C#,Bugfixes,,,,,,,,Game Tester
Unity,C++,Java,Nuke,C,UnrealEngine,Maya,Linux,ZBrush,Adobe Photoshop,C#,,,,,Video game Programmer
Unity,Halo,Java,C++,Game Engine,Javascript,Bugfixes,C#,,,,,,,,Game Tester
Halo,Game Engine,Java,Unity,C++,Bugfixes,Javascript,C#,,,,,,,,Game Tester
Nuke,Unreal Engine,Unity,Python,C++,Maya,Adobe Photoshop,Quixel,ZBrush,CAD,Graphic Design,IOS,VFX,Game Engine,,Game Artist
Unreal Engine,Nuke,Unity,Python,C++,Adobe Photoshop,Maya,Quixel,ZBrush,CAD,IOS,Graphic Design,VFX,Game Engine,,Game Artist
Java,Game Engine,Halo,Unity,C++,C#,Javascript,Bugfixes,,,,,,,,Game Tester
Unity,C++,Halo,Java,Game Engine,C#,Javascript,Bugfixes,,,,,,,,Game Tester
Unity,C++,C,Nuke,Java,UnrealEngine,Maya,Adobe Photoshop,ZBrush,Linux,C#,,,,,Video game Programmer
Python,Unity,Nuke,Unreal Engine,C++,ZBrush,Quixel,Maya,Adobe Photoshop,CAD,Game Engine,VFX,Graphic Design,IOS,,Game Artist
Java,C++,Nuke,C,Unity,Linux,Maya,ZBrush,Adobe Photoshop,UnrealEngine,C#,,,,,Video game Programmer
Unity,Unreal Engine,Python,C++,Nuke,Quixel,Adobe Photoshop,ZBrush,CAD,Maya,Game Engine,Graphic Design,IOS,VFX,,Game Artist
Halo,Game Engine,Unity,Java,C++,Bugfixes,C#,Javascript,,,,,,,,Game Tester
Java,C,Unity,C++,Nuke,Linux,Adobe Photoshop,UnrealEngine,Maya,ZBrush,C#,,,,,Video game Programmer
Unity,Nuke,Python,Unreal Engine,C++,Quixel,Maya,ZBrush,Adobe Photoshop,CAD,VFX,Graphic Design,Game Engine,IOS,,Game Artist
Nuke,C++,Python,Unity,Unreal Engine,Maya,CAD,ZBrush,Quixel,Adobe Photoshop,VFX,Game Engine,Graphic Design,IOS,,Game Artist
C++,C,Java,Nuke,Unity,Maya,Adobe Photoshop,Linux,ZBrush,UnrealEngine,C#,,,,,Video game Programmer
Unity,C++,C,Java,Nuke,UnrealEngine,Maya,Adobe Photoshop,Linux,ZBrush,C#,,,,,Video game Programmer
Python,Unity,C++,Nuke,Unreal Engine,ZBrush,Quixel,CAD,Maya,Adobe Photoshop,Graphic Design,IOS,Game Engine,VFX,,Game Artist
Halo,Java,C++,Game Engine,Unity,Javascript,Bugfixes,C#,,,,,,,,Game Tester
Java,Nuke,C++,Unity,C,Linux,ZBrush,Maya,UnrealEngine,Adobe Photoshop,C#,,,,,Video game Programmer
Unity,C++,Unreal Engine,Python,Nuke,Quixel,CAD,Adobe Photoshop,ZBrush,Maya,Game Engine,VFX,Graphic Design,IOS,,Game Artist
Nuke,Unity,C,C++,Java,ZBrush,UnrealEngine,Adobe Photoshop,Maya,Linux,C#,,,,,Video game Programmer
Java,C++,Unity,Nuke,C,Linux,Maya,UnrealEngine,ZBrush,Adobe Photoshop,C#,,,,,Video game Programmer
Python,Unreal Engine,Unity,C++,Nuke,ZBrush,Adobe Photoshop,Quixel,CAD,Maya,IOS,Graphic Design,Game Engine,VFX,,Game Artist
Unity,Java,Nuke,C,C++,UnrealEngine,Linux,ZBrush,Adobe Photoshop,Maya,C#,,,,,Video game Programmer
Nuke,C++,Unity,C,Java,ZBrush,Maya,UnrealEngine,Adobe Photoshop,Linux,C#,,,,,Video game Programmer
C++,Unity,Java,C,Nuke,Maya,UnrealEngine,Linux,Adobe Photoshop,ZBrush,C#,,,,,Video game Programmer
Python,Nuke,C++,Unity,Unreal Engine,ZBrush,Maya,CAD,Quixel,Adobe Photoshop,Graphic Design,VFX,Game Engine,IOS,,Game Artist
Nuke,Python,Unreal Engine,Unity,C++,Maya,ZBrush,Adobe Photoshop,Quixel,CAD,Graphic Design,Game Engine,IOS,VFX,,Game Artist
C++,Java,Halo,Game Engine,Unity,C#,Bugfixes,Javascript,,,,,,,,Game Tester
Java,Game Engine,Unity,Halo,C++,Javascript,C#,Bugfixes,,,,,,,,Game Tester
Halo,Unity,C++,Game Engine,Java,Javascript,C#,Bugfixes,,,,,,,,Game Tester
C,C++,Nuke,Java,Unity,Adobe Photoshop,Maya,ZBrush,Linux,UnrealEngine,C#,,,,,Video game Programmer
Unreal Engine,Python,Unity,Nuke,C++,Adobe Photoshop,ZBrush,Quixel,Maya,CAD,IOS,Game Engine,VFX,Graphic Design,,Game Artist
Java,Halo,Game Engine,C++,Unity,Bugfixes,C#,Javascript,,,,,,,,Game Tester
Unity,Java,C++,C,Nuke,UnrealEngine,Linux,Maya,Adobe Photoshop,ZBrush,C#,,,,,Video game Programmer
Halo,Game Engine,Unity,C++,Java,C#,Bugfixes,Javascript,,,,,,,,Game Tester
Unity,Java,C++,Game Engine,Halo,Bugfixes,Javascript,C#,,,,,,,,Game Tester
Java,Unity,Halo,C++,Game Engine,C#,Javascript,Bugfixes,,,,,,,,Game Tester
Python,C++,Nuke,Unity,Unreal Engine,ZBrush,CAD,Maya,Quixel,Adobe Photoshop,Graphic Design,Game Engine,VFX,IOS,,Game Artist
Unity,Game Engine,C++,Java,Halo,Bugfixes,C#,Javascript,,,,,,,,Game Tester
Java,C++,Halo,Unity,Game Engine,C#,Bugfixes,Javascript,,,,,,,,Game Tester
C++,Python,Nuke,Unreal Engine,Unity,CAD,ZBrush,Maya,Adobe Photoshop,Quixel,Graphic Design,VFX,IOS,Game Engine,,Game Artist
Unity,Halo,C++,Java,Game Engine,C#,Bugfixes,Javascript,,,,,,,,Game Tester
Unity,C++,Unreal Engine,Nuke,Python,Quixel,CAD,Adobe Photoshop,Maya,ZBrush,Graphic Design,IOS,VFX,Game Engine,,Game Artist
C++,Unreal Engine,Nuke,Unity,Python,CAD,Adobe Photoshop,Maya,Quixel,ZBrush,IOS,VFX,Game Engine,Graphic Design,,Game Artist
Game Engine,Halo,C++,Unity,Java,Javascript,C#,Bugfixes,,,,,,,,Game Tester
Unreal Engine,C++,Python,Nuke,Unity,Adobe Photoshop,CAD,ZBrush,Maya,Quixel,Game Engine,Graphic Design,VFX,IOS,,Game Artist
Nuke,C++,Unity,Java,C,ZBrush,Maya,UnrealEngine,Linux,Adobe Photoshop,C#,,,,,Video game Programmer
Python,C++,Nuke,Unreal Engine,Unity,ZBrush,CAD,Maya,Adobe Photoshop,Quixel,VFX,Graphic Design,IOS,Game Engine,,Game Artist
Unity,Python,Nuke,C++,Unreal Engine,Quixel,ZBrush,Maya,CAD,Adobe Photoshop,IOS,Graphic Design,VFX,Game Engine,,Game Artist
C++,Unreal Engine,Nuke,Python,Unity,CAD,Adobe Photoshop,Maya,ZBrush,Quixel,Graphic Design,Game Engine,IOS,VFX,,Game Artist
Game Engine,C++,Java,Halo,Unity,Bugfixes,C#,Javascript,,,,,,,,Game Tester
Unity,C,Java,Nuke,C++,UnrealEngine,Adobe Photoshop,Linux,ZBrush,Maya,C#,,,,,Video game Programmer
Nuke,Unreal Engine,C++,Unity,Python,Maya,Adobe Photoshop,CAD,Quixel,ZBrush,Game Engine,VFX,IOS,Graphic Design,,Game Artist
Nuke,Java,C++,Unity,C,ZBrush,Linux,Maya,UnrealEngine,Adobe Photoshop,C#,,,,,Video game Programmer
C++,Unity,Halo,Java,Game Engine,Javascript,C#,Bugfixes,,,,,,,,Game Tester
Java,Halo,Unity,C++,Game Engine,C#,Bugfixes,Javascript,,,,,,,,Game Tester
Unreal Engine,C++,Python,Unity,Nuke,Adobe Photoshop,CAD,ZBrush,Quixel,Maya,Graphic Design,VFX,IOS,Game Engine,,Game Artist
Nuke,Unreal Engine,C++,Python,Unity,Maya,Adobe Photoshop,CAD,ZBrush,Quixel,IOS,Game Engine,Graphic Design,VFX,,Game Artist
Unity,C++,Halo,Game Engine,Java,C#,Bugfixes,Javascript,,,,,,,,Game Tester
C++,Nuke,Java,Unity,C,Maya,ZBrush,Linux,UnrealEngine,Adobe Photoshop,C#,,,,,Video game Programmer
C++,Unity,Halo,Game Engine,Java,Bugfixes,C#,Javascript,,,,,,,,Game Tester
C++,Java,C,Nuke,Unity,Maya,Linux,Adobe Photoshop,ZBrush,UnrealEngine,C#,,,,,Video game Programmer
Java,C,C++,Nuke,Unity,Linux,Adobe Photoshop,Maya,ZBrush,UnrealEngine,C#,,,,,Video game Programmer
Unity,Python,C++,Nuke,Unreal Engine,Quixel,ZBrush,CAD,Maya,Adobe Photoshop,IOS,Graphic Design,Game Engine,VFX,,Game Artist
Nuke,C,Unity,Java,C++,ZBrush,Adobe Photoshop,UnrealEngine,Linux,Maya,C#,,,,,Video game Programmer
C++,Nuke,Unreal Engine,Unity,Python,CAD,Maya,Adobe Photoshop,Quixel,ZBrush,IOS,Game Engine,VFX,Graphic Design,,Game Artist
Unity,C++,Game Engine,Halo,Java,C#,Javascript,Bugfixes,,,,,,,,Game Tester
Java,C++,C,Nuke,Unity,Linux,Maya,Adobe Photoshop,ZBrush,UnrealEngine,C#,,,,,Video game Programmer
Unreal Engine,Python,C++,Unity,Nuke,Adobe Photoshop,ZBrush,CAD,Quixel,Maya,Graphic Design,IOS,VFX,Game Engine,,Game Artist
Nuke,C++,C,Unity,Java,ZBrush,Maya,Adobe Photoshop,UnrealEngine,Linux,C#,,,,,Video game Programmer
C++,C,Nuke,Java,Unity,Maya,Adobe Photoshop,ZBrush,Linux,UnrealEngine,C#,,,,,Video game Programmer
Game Engine,Halo,Unity,Java,C++,C#,Bugfixes,Javascript,,,,,,,,Game Tester
C++,Unreal Engine,Python,Nuke,Unity,CAD,Adobe Photoshop,ZBrush,Maya,Quixel,Graphic Design,Game Engine,VFX,IOS,,Game Artist
Halo,C++,Unity,Game Engine,Java,Javascript,Bugfixes,C#,,,,,,,,Game Tester
C++,Python,Unreal Engine,Nuke,Unity,CAD,ZBrush,Adobe Photoshop,Maya,Quixel,Graphic Design,VFX,Game Engine,IOS,,Game Artist
Unreal Engine,Unity,C++,Nuke,Python,Adobe Photoshop,Quixel,CAD,Maya,ZBrush,VFX,Graphic Design,IOS,Game Engine,,Game Artist
Python,Nuke,Unreal Engine,C++,Unity,ZBrush,Maya,Adobe Photoshop,CAD,Quixel,VFX,IOS,Game Engine,Graphic Design,,Game Artist
Python,Unity,Unreal Engine,Nuke,C++,ZBrush,Quixel,Adobe Photoshop,Maya,CAD,Game Engine,VFX,IOS,Graphic Design,,Game Artist
Java,Unity,C++,Game Engine,Halo,Javascript,Bugfixes,C#,,,,,,,,Game Tester
Python,Nuke,C++,Unreal Engine,Unity,ZBrush,Maya,CAD,Adobe Photoshop,Quixel,VFX,IOS,Graphic Design,Game Engine,,Game Artist
Unity,C++,Nuke,Java,C,UnrealEngine,Maya,ZBrush,Linux,Adobe Photoshop,C#,,,,,Video game Programmer
C++,Java,Unity,Halo,Game Engine,Bugfixes,Javascript,C#,,,,,,,,Game Tester
Game Engine,Java,C++,Unity,Halo,Javascript,Bugfixes,C#,,,,,,,,Game Tester
C++,Java,Nuke,Unity,C,Maya,Linux,ZBrush,UnrealEngine,Adobe Photoshop,C#,,,,,Video game Programmer
Halo,Java,Unity,C++,Game Engine,Bugfixes,C#,Javascript,,,,,,,,Game Tester
Unity,Game Engine,C++,Halo,Java,C#,Bugfixes,Javascript,,,,,,,,Game Tester
C,C++,Java,Nuke,Unity,Adobe Photoshop,Maya,Linux,ZBrush,UnrealEngine,C#,,,,,Video game Programmer
Game Engine,Java,Halo,C++,Unity,Javascript,Bugfixes,C#,,,,,,,,Game Tester
C++,Unity,Nuke,Java,C,Maya,UnrealEngine,ZBrush,Linux,Adobe Photoshop,C#,,,,,Video game Programmer
Java,Nuke,C,Unity,C++,Linux,ZBrush,Adobe Photoshop,UnrealEngine,Maya,C#,,,,,Video game Programmer
Halo,C++,Java,Unity,Game Engine,Javascript,Bugfixes,C#,,,,,,,,Game Tester
Unity,Python,Unreal Engine,Nuke,C++,Quixel,ZBrush,Adobe Photoshop,Maya,CAD,VFX,Game Engine,IOS,Graphic Design,,Game Artist
Halo,Java,Unity,Game Engine,C++,Javascript,C#,Bugfixes,,,,,,,,Game Tester
C,Nuke,C++,Java,Unity,Adobe Photoshop,ZBrush,Maya,Linux,UnrealEngine,C#,,,,,Video game Programmer
C,Java,Unity,C++,Nuke,Adobe Photoshop,Linux,UnrealEngine,Maya,ZBrush,C#,,,,,Video game Programmer
Nuke,C++,Java,Unity,C,ZBrush,Maya,Linux,UnrealEngine,Adobe Photoshop,C#,,,,,Video game Programmer
Unity,Nuke,Unreal Engine,C++,Python,Quixel,Maya,Adobe Photoshop,CAD,ZBrush,Graphic Design,Game Engine,VFX,IOS,,Game Artist
Java,Halo,Game Engine,Unity,C++,C#,Bugfixes,Javascript,,,,,,,,Game Tester
Python,C++,Unity,Nuke,Unreal Engine,ZBrush,CAD,Quixel,Maya,Adobe Photoshop,Graphic Design,Game Engine,IOS,VFX,,Game Artist
C,Java,C++,Nuke,Unity,Adobe Photoshop,Linux,Maya,ZBrush,UnrealEngine,C#,,,,,Video game Programmer
C++,Java,Unity,C,Nuke,Maya,Linux,UnrealEngine,Adobe Photoshop,ZBrush,C#,,,,,Video game Programmer
Unity,Halo,Java,Game Engine,C++,Bugfixes,Javascript,C#,,,,,,,,Game Tester
Unity,C++,Nuke,C,Java,UnrealEngine,Maya,ZBrush,Adobe Photoshop,Linux,C#,,,,,Video game Programmer
Nuke,C,C++,Java,Unity,ZBrush,Adobe Photoshop,Maya,Linux,UnrealEngine,C#,,,,,Video game Programmer
Python,Unreal Engine,C++,Unity,Nuke,ZBrush,Adobe Photoshop,CAD,Quixel,Maya,IOS,Graphic Design,VFX,Game Engine,,Game Artist
Unity,C++,Java,Game Engine,Halo,Bugfixes,C#,Javascript,,,,,,,,Game Tester
C++,C,Unity,Nuke,Java,Maya,Adobe Photoshop,UnrealEngine,ZBrush,Linux,C#,,,,,Video game Programmer
Nuke,C++,Unreal Engine,Unity,Python,Maya,CAD,Adobe Photoshop,Quixel,ZBrush,Game Engine,IOS,VFX,Graphic Design,,Game Artist
Nuke,C++,Java,C,Unity,ZBrush,Maya,Linux,Adobe Photoshop,UnrealEngine,C#,,,,,Video game Programmer
Unity,Nuke,C,Java,C++,UnrealEngine,ZBrush,Adobe Photoshop,Linux,Maya,C#,,,,,Video game Programmer
C++,Nuke,Unity,Unreal Engine,Python,CAD,Maya,Quixel,Adobe Photoshop,ZBrush,IOS,Game Engine,Graphic Design,VFX,,Game Artist
Nuke,C++,Unreal Engine,Python,Unity,Maya,CAD,Adobe Photoshop,ZBrush,Quixel,IOS,Graphic Design,Game Engine,VFX,,Game Artist
Java,Game Engine,Unity,C++,Halo,Bugfixes,C#,Javascript,,,,,,,,Game Tester
Java,Unity,C++,Nuke,C,Linux,UnrealEngine,Maya,ZBrush,Adobe Photoshop,C#,,,,,Video game Programmer
Halo,C++,Java,Game Engine,Unity,Javascript,C#,Bugfixes,,,,,,,,Game Tester
C++,Unity,Nuke,C,Java,Maya,UnrealEngine,ZBrush,Adobe Photoshop,Linux,C#,,,,,Video game Programmer
Nuke,Unity,Unreal Engine,Python,C++,Maya,Quixel,Adobe Photoshop,ZBrush,CAD,Graphic Design,VFX,IOS,Game Engine,,Game Artist
C++,Unity,Python,Unreal Engine,Nuke,CAD,Quixel,ZBrush,Adobe Photoshop,Maya,VFX,Game Engine,IOS,Graphic Design,,Game Artist
Nuke,Python,Unity,C++,Unreal Engine,Maya,ZBrush,Quixel,CAD,Adobe Photoshop,VFX,Graphic Design,IOS,Game Engine,,Game Artist
C++,Python,Nuke,Unity,Unreal Engine,CAD,ZBrush,Maya,Quixel,Adobe Photoshop,Game Engine,Graphic Design,VFX,IOS,,Game Artist
Unity,Game Engine,Halo,C++,Java,Javascript,Bugfixes,C#,,,,,,,,Game Tester
Halo,C++,Unity,Java,Game Engine,Bugfixes,Javascript,C#,,,,,,,,Game Tester
Unity,C++,Java,C,Nuke,UnrealEngine,Maya,Linux,Adobe Photoshop,ZBrush,C#,,,,,Video game Programmer
Unity,Unreal Engine,C++,Nuke,Python,Quixel,Adobe Photoshop,CAD,Maya,ZBrush,Graphic Design,VFX,IOS,Game Engine,,Game Artist
Unity,Halo,Game Engine,Java,C++,Javascript,Bugfixes,C#,,,,,,,,Game Tester
Unity,C++,Python,Unreal Engine,Nuke,Quixel,CAD,ZBrush,Adobe Photoshop,Maya,Game Engine,VFX,IOS,Graphic Design,,Game Artist
Unreal Engine,Python,C++,Nuke,Unity,Adobe Photoshop,ZBrush,CAD,Maya,Quixel,Game Engine,VFX,Graphic Design,IOS,,Game Artist
Java,C,Nuke,C++,Unity,Linux,Adobe Photoshop,ZBrush,Maya,UnrealEngine,C#,,,,,Video game Programmer
Unreal Engine,C++,Unity,Python,Nuke,Adobe Photoshop,CAD,Quixel,ZBrush,Maya,Graphic Design,VFX,Game Engine,IOS,,Game Artist
Java,C++,C,Unity,Nuke,Linux,Maya,Adobe Photoshop,UnrealEngine,ZBrush,C#,,,,,Video game Programmer
C,Java,C++,Unity,Nuke,Adobe Photoshop,Linux,Maya,UnrealEngine,ZBrush,C#,,,,,Video game Programmer
C,Nuke,Java,Unity,C++,Adobe Photoshop,ZBrush,Linux,UnrealEngine,Maya,C#,,,,,Video game Programmer
Nuke,Python,Unity,Unreal Engine,C++,Maya,ZBrush,Quixel,Adobe Photoshop,CAD,Graphic Design,Game Engine,VFX,IOS,,Game Artist
Unity,Game Engine,Java,Halo,C++,Bugfixes,C#,Javascript,,,,,,,,Game Tester
Java,C++,Unity,Game Engine,Halo,Javascript,C#,Bugfixes,,,,,,,,Game Tester
Java,Game Engine,Halo,C++,Unity,Bugfixes,Javascript,C#,,,,,,,,Game Tester
C++,Unity,Java,Nuke,C,Maya,UnrealEngine,Linux,ZBrush,Adobe Photoshop,C#,,,,,Video game Programmer
Python,Unity,C++,Unreal Engine,Nuke,ZBrush,Quixel,CAD,Adobe Photoshop,Maya,IOS,Game Engine,VFX,Graphic Design,,Game Artist
C++,Halo,Unity,Java,Game Engine,Javascript,Bugfixes,C#,,,,,,,,Game Tester
C,C++,Java,Unity,Nuke,Adobe Photoshop,Maya,Linux,UnrealEngine,ZBrush,C#,,,,,Video game Programmer
C++,Nuke,C,Unity,Java,Maya,ZBrush,Adobe Photoshop,UnrealEngine,Linux,C#,,,,,Video game Programmer
C++,Java,Unity,Nuke,C,Maya,Linux,UnrealEngine,ZBrush,Adobe Photoshop,C#,,,,,Video game Programmer
Nuke,Unity,C++,C,Java,ZBrush,UnrealEngine,Maya,Adobe Photoshop,Linux,C#,,,,,Video game Programmer
Unity,C,C++,Java,Nuke,UnrealEngine,Adobe Photoshop,Maya,Linux,ZBrush,C#,,,,,Video game Programmer
C,C++,Unity,Nuke,Java,Adobe Photoshop,Maya,UnrealEngine,ZBrush,Linux,C#,,,,,Video game Programmer
Game Engine,Java,Unity,C++,Halo,C#,Bugfixes,Javascript,,,,,,,,Game Tester
C,Unity,Nuke,Java,C++,Adobe Photoshop,UnrealEngine,ZBrush,Linux,Maya,C#,,,,,Video game Programmer
Unreal Engine,Nuke,C++,Python,Unity,Adobe Photoshop,Maya,CAD,ZBrush,Quixel,Game Engine,IOS,Graphic Design,VFX,,Game Artist
C++,Python,Unreal Engine,Unity,Nuke,CAD,ZBrush,Adobe Photoshop,Quixel,Maya,VFX,IOS,Graphic Design,Game Engine,,Game Artist
Unreal Engine,Python,Nuke,C++,Unity,Adobe Photoshop,ZBrush,Maya,CAD,Quixel,Game Engine,VFX,IOS,Graphic Design,,Game Artist
C++,Unreal Engine,Unity,Nuke,Python,CAD,Adobe Photoshop,Quixel,Maya,ZBrush,IOS,VFX,Graphic Design,Game Engine,,Game Artist
Nuke,Unity,Java,C++,C,ZBrush,UnrealEngine,Linux,Maya,Adobe Photoshop,C#,,,,,Video game Programmer
Unity,Nuke,C++,Java,C,UnrealEngine,ZBrush,Maya,Linux,Adobe Photoshop,C#,,,,,Video game Programmer
Java,Halo,C++,Game Engine,Unity,Bugfixes,Javascript,C#,,,,,,,,Game Tester
Unity,Java,C++,Nuke,C,UnrealEngine,Linux,Maya,ZBrush,Adobe Photoshop,C#,,,,,Video game Programmer
C++,Nuke,Unreal Engine,Python,Unity,CAD,Maya,Adobe Photoshop,ZBrush,Quixel,Graphic Design,IOS,Game Engine,VFX,,Game Artist
Halo,Game Engine,Java,C++,Unity,C#,Javascript,Bugfixes,,,,,,,,Game Tester
Game Engine,Unity,Java,Halo,C++,C#,Bugfixes,Javascript,,,,,,,,Game Tester
Game Engine,C++,Halo,Unity,Java,Javascript,Bugfixes,C#,,,,,,,,Game Tester
Nuke,Java,Unity,C,C++,ZBrush,Linux,UnrealEngine,Adobe Photoshop,Maya,C#,,,,,Video game Programmer
Unreal Engine,C++,Nuke,Unity,Python,Adobe Photoshop,CAD,Maya,Quixel,ZBrush,VFX,IOS,Game Engine,Graphic Design,,Game Artist
Nuke,Java,C,Unity,C++,ZBrush,Linux,Adobe Photoshop,UnrealEngine,Maya,C#,,,,,Video game Programmer
Unity,Nuke,Unreal Engine,Python,C++,Quixel,Maya,Adobe Photoshop,ZBrush,CAD,VFX,Graphic Design,IOS,Game Engine,,Game Artist
C,Java,Unity,Nuke,C++,Adobe Photoshop,Linux,UnrealEngine,ZBrush,Maya,C#,,,,,Video game Programmer
Halo,Game Engine,C++,Unity,Java,C#,Javascript,Bugfixes,,,,,,,,Game Tester
C++,Nuke,Unity,Python,Unreal Engine,CAD,Maya,Quixel,ZBrush,Adobe Photoshop,Game Engine,VFX,IOS,Graphic Design,,Game Artist
Unreal Engine,Python,Nuke,Unity,C++,Adobe Photoshop,ZBrush,Maya,Quixel,CAD,IOS,Game Engine,Graphic Design,VFX,,Game Artist
C++,C,Java,Unity,Nuke,Maya,Adobe Photoshop,Linux,UnrealEngine,ZBrush,C#,,,,,Video game Programmer
Halo,Game Engine,C++,Java,Unity,C#,Bugfixes,Javascript,,,,,,,,Game Tester
C,Unity,Java,Nuke,C++,Adobe Photoshop,UnrealEngine,Linux,ZBrush,Maya,C#,,,,,Video game Programmer
Unity,Python,Unreal Engine,C++,Nuke,Quixel,ZBrush,Adobe Photoshop,CAD,Maya,Game Engine,IOS,Graphic Design,VFX,,Game Artist
Nuke,Unity,C,Java,C++,ZBrush,UnrealEngine,Adobe Photoshop,Linux,Maya,C#,,,,,Video game Programmer
Halo,Java,Game Engine,Unity,C++,Bugfixes,C#,Javascript,,,,,,,,Game Tester
Nuke,Java,Unity,C++,C,ZBrush,Linux,UnrealEngine,Maya,Adobe Photoshop,C#,,,,,Video game Programmer
C++,Game Engine,Java,Unity,Halo,C#,Javascript,Bugfixes,,,,,,,,Game Tester
Python,Unreal Engine,Nuke,Unity,C++,ZBrush,Adobe Photoshop,Maya,Quixel,CAD,Game Engine,IOS,Graphic Design,VFX,,Game Artist
Game Engine,Unity,Halo,Java,C++,C#,Javascript,Bugfixes,,,,,,,,Game Tester
Python,Nuke,Unity,Unreal Engine,C++,ZBrush,Maya,Quixel,Adobe Photoshop,CAD,Game Engine,Graphic Design,VFX,IOS,,Game Artist
C,Java,Nuke,Unity,C++,Adobe Photoshop,Linux,ZBrush,UnrealEngine,Maya,C#,,,,,Video game Programmer
C++,Halo,Java,Unity,Game Engine,Bugfixes,Javascript,C#,,,,,,,,Game Tester
Unreal Engine,Nuke,C++,Unity,Python,Adobe Photoshop,Maya,CAD,Quixel,ZBrush,VFX,Game Engine,IOS,Graphic Design,,Game Artist
Unity,C++,Nuke,Unreal Engine,Python,Quixel,CAD,Maya,Adobe Photoshop,ZBrush,Graphic Design,IOS,Game Engine,VFX,,Game Artist
C++,Unity,Java,Game Engine,Halo,C#,Bugfixes,Javascript,,,,,,,,Game Tester
C++,Unreal Engine,Unity,Python,Nuke,CAD,Adobe Photoshop,Quixel,ZBrush,Maya,VFX,Graphic Design,Game Engine,IOS,,Game Artist
C++,Unity,C,Java,Nuke,Maya,UnrealEngine,Adobe Photoshop,Linux,ZBrush,C#,,,,,Video game Programmer
C,Nuke,C++,Unity,Java,Adobe Photoshop,ZBrush,Maya,UnrealEngine,Linux,C#,,,,,Video game Programmer
C++,Nuke,Python,Unity,Unreal Engine,CAD,Maya,ZBrush,Quixel,Adobe Photoshop,Game Engine,VFX,Graphic Design,IOS,,Game Artist
Python,Nuke,Unreal Engine,Unity,C++,ZBrush,Maya,Adobe Photoshop,Quixel,CAD,Game Engine,Graphic Design,IOS,VFX,,Game Artist
C++,Unity,Unreal Engine,Nuke,Python,CAD,Quixel,Adobe Photoshop,Maya,ZBrush,IOS,Graphic Design,VFX,Game Engine,,Game Artist
Halo,Unity,Game Engine,Java,C++,Bugfixes,Javascript,C#,,,,,,,,Game Tester
C,Nuke,Unity,C++,Java,Adobe Photoshop,ZBrush,UnrealEngine,Maya,Linux,C#,,,,,Video game Programmer
Nuke,Python,Unreal Engine,C++,Unity,Maya,ZBrush,Adobe Photoshop,CAD,Quixel,IOS,VFX,Game Engine,Graphic Design,,Game Artist
Unity,Nuke,Python,C++,Unreal Engine,Quixel,Maya,ZBrush,CAD,Adobe Photoshop,IOS,VFX,Graphic Design,Game Engine,,Game Artist
Game Engine,Unity,C++,Halo,Java,Bugfixes,C#,Javascript,,,,,,,,Game Tester
Nuke,Python,C++,Unreal Engine,Unity,Maya,ZBrush,CAD,Adobe Photoshop,Quixel,IOS,VFX,Graphic Design,Game Engine,,Game Artist
Unity,C++,Game Engine,Java,Halo,Bugfixes,Javascript,C#,,,,,,,,Game Tester
Unreal Engine,Nuke,Python,Unity,C++,Adobe Photoshop,Maya,ZBrush,Quixel,CAD,IOS,Graphic Design,Game Engine,VFX,,Game Artist
Python,Unity,Nuke,C++,Unreal Engine,ZBrush,Quixel,Maya,CAD,Adobe Photoshop,Graphic Design,IOS,VFX,Game Engine,,Game Artist
Java,C,Nuke,Unity,C++,Linux,Adobe Photoshop,ZBrush,UnrealEngine,Maya,C#,,,,,Video game Programmer
Unreal Engine,Nuke,Unity,C++,Python,Adobe Photoshop,Maya,Quixel,CAD,ZBrush,VFX,Game Engine,Graphic Design,IOS,,Game Artist
Python,Unreal Engine,Unity,Nuke,C++,ZBrush,Adobe Photoshop,Quixel,Maya,CAD,Game Engine,IOS,VFX,Graphic Design,,Game Artist
Nuke,Unity,C++,Java,C,ZBrush,UnrealEngine,Maya,Linux,Adobe Photoshop,C#,,,,,Video game Programmer
Halo,Unity,Game Engine,C++,Java,C#,Javascript,Bugfixes,,,,,,,,Game Tester
Java,C++,Unity,C,Nuke,Linux,Maya,UnrealEngine,Adobe Photoshop,ZBrush,C#,,,,,Video game Programmer
Python,Unreal Engine,C++,Nuke,Unity,ZBrush,Adobe Photoshop,CAD,Maya,Quixel,VFX,Game Engine,Graphic Design,IOS,,Game Artist
Unity,Game Engine,Halo,Java,C++,Javascript,C#,Bugfixes,,,,,,,,Game Tester
Halo,C++,Game Engine,Java,Unity,C#,Javascript,Bugfixes,,,,,,,,Game Tester
Python,C++,Unreal Engine,Unity,Nuke,ZBrush,CAD,Adobe Photoshop,Quixel,Maya,IOS,VFX,Graphic Design,Game Engine,,Game Artist
C++,Java,Nuke,C,Unity,Maya,Linux,ZBrush,Adobe Photoshop,UnrealEngine,C#,,,,,Video game Programmer
Unity,Python,C++,Unreal Engine,Nuke,Quixel,ZBrush,CAD,Adobe Photoshop,Maya,Game Engine,IOS,VFX,Graphic Design,,Game Artist
Python,Nuke,Unity,C++,Unreal Engine,ZBrush,Maya,Quixel,CAD,Adobe Photoshop,Graphic Design,VFX,IOS,Game Engine,,Game Artist
C++,C,Nuke,Unity,Java,Maya,Adobe Photoshop,ZBrush,UnrealEngine,Linux,C#,,,,,Video game Programmer
Unity,Nuke,C++,C,Java,UnrealEngine,ZBrush,Maya,Adobe Photoshop,Linux,C#,,,,,Video game Programmer
Unity,Java,C,C++,Nuke,UnrealEngine,Linux,Adobe Photoshop,Maya,ZBrush,C#,,,,,Video game Programmer
Nuke,Unity,C++,Python,Unreal Engine,Maya,Quixel,CAD,ZBrush,Adobe Photoshop,VFX,IOS,Game Engine,Graphic Design,,Game Artist
Game Engine,Halo,Java,C++,Unity,Javascript,C#,Bugfixes,,,,,,,,Game Tester
Game Engine,Halo,Java,Unity,C++,Javascript,Bugfixes,C#,,,,,,,,Game Tester
Unity,Nuke,Java,C++,C,UnrealEngine,ZBrush,Linux,Maya,Adobe Photoshop,C#,,,,,Video game Programmer
Game Engine,Unity,C++,Java,Halo,C#,Bugfixes,Javascript,,,,,,,,Game Tester
C++,Unity,Unreal Engine,Python,Nuke,CAD,Quixel,Adobe Photoshop,ZBrush,Maya,VFX,Game Engine,Graphic Design,IOS,,Game Artist
Nuke,Java,C,C++,Unity,ZBrush,Linux,Adobe Photoshop,Maya,UnrealEngine,C#,,,,,Video game Programmer
C++,Halo,Java,Game Engine,Unity,C#,Javascript,Bugfixes,,,,,,,,Game Tester
Unreal Engine,Unity,Python,C++,Nuke,Adobe Photoshop,Quixel,ZBrush,CAD,Maya,Graphic Design,Game Engine,IOS,VFX,,Game Artist
C++,Nuke,Unity,C,Java,Maya,ZBrush,UnrealEngine,Adobe Photoshop,Linux,C#,,,,,Video game Programmer
Nuke,Unity,Python,Unreal Engine,C++,Maya,Quixel,ZBrush,Adobe Photoshop,CAD,Graphic Design,VFX,Game Engine,IOS,,Game Artist
Java,C++,Unity,Halo,Game Engine,Javascript,Bugfixes,C#,,,,,,,,Game Tester
Unity,Nuke,Java,C,C++,UnrealEngine,ZBrush,Linux,Adobe Photoshop,Maya,C#,,,,,Video game Programmer
Java,C++,Game Engine,Unity,Halo,Bugfixes,C#,Javascript,,,,,,,,Game Tester
Nuke,Python,C++,Unity,Unreal Engine,Maya,ZBrush,CAD,Quixel,Adobe Photoshop,VFX,Graphic Design,Game Engine,IOS,,Game Artist
Nuke,Java,C++,C,Unity,ZBrush,Linux,Maya,Adobe Photoshop,UnrealEngine,C#,,,,,Video game Programmer
Unity,Java,Game Engine,C++,Halo,Javascript,Bugfixes,C#,,,,,,,,Game Tester
Java,Unity,Game Engine,C++,Halo,Bugfixes,Javascript,C#,,,,,,,,Game Tester
C++,Halo,Unity,Game Engine,Java,Bugfixes,Javascript,C#,,,,,,,,Game Tester
C++,Unity,C,Nuke,Java,Maya,UnrealEngine,Adobe Photoshop,ZBrush,Linux,C#,,,,,Video game Programmer
C++,Nuke,Unity,Java,C,Maya,ZBrush,UnrealEngine,Linux,Adobe Photoshop,C#,,,,,Video game Programmer
Unity,C,Nuke,C++,Java,UnrealEngine,Adobe Photoshop,ZBrush,Maya,Linux,C#,,,,,Video game Programmer
C++,Game Engine,Halo,Unity,Java,Bugfixes,Javascript,C#,,,,,,,,Game Tester
Nuke,Unity,C++,Unreal Engine,Python,Maya,Quixel,CAD,Adobe Photoshop,ZBrush,Game Engine,Graphic Design,IOS,VFX,,Game Artist
Game Engine,Java,C++,Halo,Unity,Bugfixes,Javascript,C#,,,,,,,,Game Tester
Unity,Halo,Game Engine,C++,Java,Javascript,C#,Bugfixes,,,,,,,,Game Tester
Unity,Java,C++,Halo,Game Engine,C#,Javascript,Bugfixes,,,,,,,,Game Tester
C++,Unity,Python,Nuke,Unreal Engine,CAD,Quixel,ZBrush,Maya,Adobe Photoshop,Game Engine,IOS,Graphic Design,VFX,,Game Artist
C++,Java,Unity,Game Engine,Halo,C#,Javascript,Bugfixes,,,,,,,,Game Tester
Java,Game Engine,C++,Unity,Halo,Bugfixes,Javascript,C#,,,,,,,,Game Tester
Nuke,C++,C,Java,Unity,ZBrush,Maya,Adobe Photoshop,Linux,UnrealEngine,C#,,,,,Video game Programmer
C,Unity,Java,C++,Nuke,Adobe Photoshop,UnrealEngine,Linux,Maya,ZBrush,C#,,,,,Video game Programmer
Nuke,C++,Unity,Python,Unreal Engine,Maya,CAD,Quixel,ZBrush,Adobe Photoshop,VFX,Game Engine,IOS,Graphic Design,,Game Artist
Java,Nuke,Unity,C++,C,Linux,ZBrush,UnrealEngine,Maya,Adobe Photoshop,C#,,,,,Video game Programmer
Game Engine,Unity,Halo,C++,Java,Bugfixes,Javascript,C#,,,,,,,,Game Tester
Unreal Engine,Nuke,Python,C++,Unity,Adobe Photoshop,Maya,ZBrush,CAD,Quixel,Game Engine,IOS,VFX,Graphic Design,,Game Artist
C++,Halo,Game Engine,Java,Unity,Javascript,C#,Bugfixes,,,,,,,,Game Tester
Unity,Unreal Engine,Nuke,Python,C++,Quixel,Adobe Photoshop,Maya,ZBrush,CAD,VFX,IOS,Graphic Design,Game Engine,,Game Artist
Python,C++,Unity,Unreal Engine,Nuke,ZBrush,CAD,Quixel,Adobe Photoshop,Maya,IOS,VFX,Game Engine,Graphic Design,,Game Artist
C,Unity,Nuke,C++,Java,Adobe Photoshop,UnrealEngine,ZBrush,Maya,Linux,C#,,,,,Video game Programmer
Unreal Engine,Unity,Nuke,C++,Python,Adobe Photoshop,Quixel,Maya,CAD,ZBrush,VFX,Graphic Design,Game Engine,IOS,,Game Artist
Unity,C,Nuke,Java,C++,UnrealEngine,Adobe Photoshop,ZBrush,Linux,Maya,C#,,,,,Video game Programmer
Java,Nuke,C++,C,Unity,Linux,ZBrush,Maya,Adobe Photoshop,UnrealEngine,C#,,,,,Video game Programmer
Unreal Engine,C++,Nuke,Python,Unity,Adobe Photoshop,CAD,Maya,ZBrush,Quixel,Game Engine,Graphic Design,IOS,VFX,,Game Artist
Java,Unity,C,C++,Nuke,Linux,UnrealEngine,Adobe Photoshop,Maya,ZBrush,C#,,,,,Video game Programmer
Nuke,Unreal Engine,Python,Unity,C++,Maya,Adobe Photoshop,ZBrush,Quixel,CAD,Graphic Design,IOS,Game Engine,VFX,,Game Artist
Java,Unity,C++,Halo,Game Engine,Javascript,C#,Bugfixes,,,,,,,,Game Tester
Nuke,Unreal Engine,Python,C++,Unity,Maya,Adobe Photoshop,ZBrush,CAD,Quixel,IOS,Game Engine,VFX,Graphic Design,,Game Artist
C++,Unity,Java,Halo,Game Engine,Bugfixes,C#,Javascript,,,,,,,,Game Tester
Unity,Unreal Engine,Nuke,C++,Python,Quixel,Adobe Photoshop,Maya,CAD,ZBrush,Graphic Design,VFX,Game Engine,IOS,,Game Artist
