C,C++,Game Development,Adobe XD,3D Modelling,Visual Studio,Graphic Design,Artificial Intelligence,Software Engineering,Lead designer,,,,,,Game Designer
C++,C,Game Development,Adobe XD,3D Modelling,Graphic Design,Visual Studio,Artificial Intelligence,Software Engineering,Lead designer,,,,,,Game Designer
Game Development,C,C++,Adobe XD,3D Modelling,Artificial Intelligence,Visual Studio,Graphic Design,Software Engineering,Lead designer,,,,,,Game Designer
C,Game Development,C++,Adobe XD,3D Modelling,Visual Studio,Artificial Intelligence,Graphic Design,Software Engineering,Lead designer,,,,,,Game Designer
C++,Game Development,C,Adobe XD,3D Modelling,Graphic Design,Artificial Intelligence,Visual Studio,Software Engineering,Lead designer,,,,,,Game Designer
Game Development,C++,C,Adobe XD,3D Modelling,Artificial Intelligence,Graphic Design,Visual Studio,Software Engineering,Lead designer,,,,,,Game Designer
Game Development,C++,Adobe XD,C,3D Modelling,Artificial Intelligence,Graphic Design,Software Engineering,Visual Studio,Lead designer,,,,,,Game Designer
C++,Game Development,Adobe XD,C,3D Modelling,Graphic Design,Artificial Intelligence,Software Engineering,Visual Studio,Lead designer,,,,,,Game Designer
Adobe XD,Game Development,C++,C,3D Modelling,Software Engineering,Artificial Intelligence,Graphic Design,Visual Studio,Lead designer,,,,,,Game Designer
Game Development,Adobe XD,C++,C,3D Modelling,Artificial Intelligence,Software Engineering,Graphic Design,Visual Studio,Lead designer,,,,,,Game Designer
C++,Adobe XD,Game Development,C,3D Modelling,Graphic Design,Software Engineering,Artificial Intelligence,Visual Studio,Lead designer,,,,,,Game Designer
Adobe XD,C++,Game Development,C,3D Modelling,Software Engineering,Graphic Design,Artificial Intelligence,Visual Studio,Lead designer,,,,,,Game Designer
Adobe XD,C,Game Development,C++,3D Modelling,Software Engineering,Visual Studio,Artificial Intelligence,Graphic Design,Lead designer,,,,,,Game Designer
C,Adobe XD,Game Development,C++,3D Modelling,Visual Studio,Software Engineering,Artificial Intelligence,Graphic Design,Lead designer,,,,,,Game Designer
Game Development,Adobe XD,C,C++,3D Modelling,Artificial Intelligence,Software Engineering,Visual Studio,Graphic Design,Lead designer,,,,,,Game Designer
Adobe XD,Game Development,C,C++,3D Modelling,Software Engineering,Artificial Intelligence,Visual Studio,Graphic Design,Lead designer,,,,,,Game Designer
C,Game Development,Adobe XD,C++,3D Modelling,Visual Studio,Artificial Intelligence,Software Engineering,Graphic Design,Lead designer,,,,,,Game Designer
Game Development,C,Adobe XD,C++,3D Modelling,Artificial Intelligence,Visual Studio,Software Engineering,Graphic Design,Lead designer,,,,,,Game Designer
C++,C,Adobe XD,Game Development,3D Modelling,Graphic Design,Visual Studio,Software Engineering,Artificial Intelligence,Lead designer,,,,,,Game Designer
C,C++,Adobe XD,Game Development,3D Modelling,Visual Studio,Graphic Design,Software Engineering,Artificial Intelligence,Lead designer,,,,,,Game Designer
Adobe XD,C++,C,Game Development,3D Modelling,Software Engineering,Graphic Design,Visual Studio,Artificial Intelligence,Lead designer,,,,,,Game Designer
C++,Adobe XD,C,Game Development,3D Modelling,Graphic Design,Software Engineering,Visual Studio,Artificial Intelligence,Lead designer,,,,,,Game Designer
C,Adobe XD,C++,Game Development,3D Modelling,Visual Studio,Software Engineering,Graphic Design,Artificial Intelligence,Lead designer,,,,,,Game Designer
Adobe XD,C,C++,Game Development,3D Modelling,Software Engineering,Visual Studio,Graphic Design,Artificial Intelligence,Lead designer,,,,,,Game Designer
3D Modelling,C,C++,Game Development,Adobe XD,Lead designer,Visual Studio,Graphic Design,Artificial Intelligence,Software Engineering,,,,,,Game Designer
C,3D Modelling,C++,Game Development,Adobe XD,Visual Studio,Lead designer,Graphic Design,Artificial Intelligence,Software Engineering,,,,,,Game Designer
C++,3D Modelling,C,Game Development,Adobe XD,Graphic Design,Lead designer,Visual Studio,Artificial Intelligence,Software Engineering,,,,,,Game Designer
3D Modelling,C++,C,Game Development,Adobe XD,Lead designer,Graphic Design,Visual Studio,Artificial Intelligence,Software Engineering,,,,,,Game Designer
C,C++,3D Modelling,Game Development,Adobe XD,Visual Studio,Graphic Design,Lead designer,Artificial Intelligence,Software Engineering,,,,,,Game Designer
C++,C,3D Modelling,Game Development,Adobe XD,Graphic Design,Visual Studio,Lead designer,Artificial Intelligence,Software Engineering,,,,,,Game Designer
C++,C,Game Development,3D Modelling,Adobe XD,Graphic Design,Visual Studio,Artificial Intelligence,Lead designer,Software Engineering,,,,,,Game Designer
C,C++,Game Development,3D Modelling,Adobe XD,Visual Studio,Graphic Design,Artificial Intelligence,Lead designer,Software Engineering,,,,,,Game Designer
Game Development,C++,C,3D Modelling,Adobe XD,Artificial Intelligence,Graphic Design,Visual Studio,Lead designer,Software Engineering,,,,,,Game Designer
C++,Game Development,C,3D Modelling,Adobe XD,Graphic Design,Artificial Intelligence,Visual Studio,Lead designer,Software Engineering,,,,,,Game Designer
C,Game Development,C++,3D Modelling,Adobe XD,Visual Studio,Artificial Intelligence,Graphic Design,Lead designer,Software Engineering,,,,,,Game Designer
Game Development,C,C++,3D Modelling,Adobe XD,Artificial Intelligence,Visual Studio,Graphic Design,Lead designer,Software Engineering,,,,,,Game Designer
Game Development,3D Modelling,C++,C,Adobe XD,Artificial Intelligence,Lead designer,Graphic Design,Visual Studio,Software Engineering,,,,,,Game Designer
3D Modelling,Game Development,C++,C,Adobe XD,Lead designer,Artificial Intelligence,Graphic Design,Visual Studio,Software Engineering,,,,,,Game Designer
C++,Game Development,3D Modelling,C,Adobe XD,Graphic Design,Artificial Intelligence,Lead designer,Visual Studio,Software Engineering,,,,,,Game Designer
Game Development,C++,3D Modelling,C,Adobe XD,Artificial Intelligence,Graphic Design,Lead designer,Visual Studio,Software Engineering,,,,,,Game Designer
3D Modelling,C++,Game Development,C,Adobe XD,Lead designer,Graphic Design,Artificial Intelligence,Visual Studio,Software Engineering,,,,,,Game Designer
C++,3D Modelling,Game Development,C,Adobe XD,Graphic Design,Lead designer,Artificial Intelligence,Visual Studio,Software Engineering,,,,,,Game Designer
C,3D Modelling,Game Development,C++,Adobe XD,Visual Studio,Lead designer,Artificial Intelligence,Graphic Design,Software Engineering,,,,,,Game Designer
3D Modelling,C,Game Development,C++,Adobe XD,Lead designer,Visual Studio,Artificial Intelligence,Graphic Design,Software Engineering,,,,,,Game Designer
Game Development,C,3D Modelling,C++,Adobe XD,Artificial Intelligence,Visual Studio,Lead designer,Graphic Design,Software Engineering,,,,,,Game Designer
C,Game Development,3D Modelling,C++,Adobe XD,Visual Studio,Artificial Intelligence,Lead designer,Graphic Design,Software Engineering,,,,,,Game Designer
3D Modelling,Game Development,C,C++,Adobe XD,Lead designer,Artificial Intelligence,Visual Studio,Graphic Design,Software Engineering,,,,,,Game Designer
Game Development,3D Modelling,C,C++,Adobe XD,Artificial Intelligence,Lead designer,Visual Studio,Graphic Design,Software Engineering,,,,,,Game Designer
Adobe XD,3D Modelling,C,C++,Game Development,Software Engineering,Lead designer,Visual Studio,Graphic Design,Artificial Intelligence,,,,,,Game Designer
3D Modelling,Adobe XD,C,C++,Game Development,Lead designer,Software Engineering,Visual Studio,Graphic Design,Artificial Intelligence,,,,,,Game Designer
C,Adobe XD,3D Modelling,C++,Game Development,Visual Studio,Software Engineering,Lead designer,Graphic Design,Artificial Intelligence,,,,,,Game Designer
Adobe XD,C,3D Modelling,C++,Game Development,Software Engineering,Visual Studio,Lead designer,Graphic Design,Artificial Intelligence,,,,,,Game Designer
3D Modelling,C,Adobe XD,C++,Game Development,Lead designer,Visual Studio,Software Engineering,Graphic Design,Artificial Intelligence,,,,,,Game Designer
C,3D Modelling,Adobe XD,C++,Game Development,Visual Studio,Lead designer,Software Engineering,Graphic Design,Artificial Intelligence,,,,,,Game Designer
C,3D Modelling,C++,Adobe XD,Game Development,Visual Studio,Lead designer,Graphic Design,Software Engineering,Artificial Intelligence,,,,,,Game Designer
3D Modelling,C,C++,Adobe XD,Game Development,Lead designer,Visual Studio,Graphic Design,Software Engineering,Artificial Intelligence,,,,,,Game Designer
C++,C,3D Modelling,Adobe XD,Game Development,Graphic Design,Visual Studio,Lead designer,Software Engineering,Artificial Intelligence,,,,,,Game Designer
C,C++,3D Modelling,Adobe XD,Game Development,Visual Studio,Graphic Design,Lead designer,Software Engineering,Artificial Intelligence,,,,,,Game Designer
3D Modelling,C++,C,Adobe XD,Game Development,Lead designer,Graphic Design,Visual Studio,Software Engineering,Artificial Intelligence,,,,,,Game Designer
C++,3D Modelling,C,Adobe XD,Game Development,Graphic Design,Lead designer,Visual Studio,Software Engineering,Artificial Intelligence,,,,,,Game Designer
C++,Adobe XD,C,3D Modelling,Game Development,Graphic Design,Software Engineering,Visual Studio,Lead designer,Artificial Intelligence,,,,,,Game Designer
Adobe XD,C++,C,3D Modelling,Game Development,Software Engineering,Graphic Design,Visual Studio,Lead designer,Artificial Intelligence,,,,,,Game Designer
C,C++,Adobe XD,3D Modelling,Game Development,Visual Studio,Graphic Design,Software Engineering,Lead designer,Artificial Intelligence,,,,,,Game Designer
C++,C,Adobe XD,3D Modelling,Game Development,Graphic Design,Visual Studio,Software Engineering,Lead designer,Artificial Intelligence,,,,,,Game Designer
Adobe XD,C,C++,3D Modelling,Game Development,Software Engineering,Visual Studio,Graphic Design,Lead designer,Artificial Intelligence,,,,,,Game Designer
C,Adobe XD,C++,3D Modelling,Game Development,Visual Studio,Software Engineering,Graphic Design,Lead designer,Artificial Intelligence,,,,,,Game Designer
3D Modelling,Adobe XD,C++,C,Game Development,Lead designer,Software Engineering,Graphic Design,Visual Studio,Artificial Intelligence,,,,,,Game Designer
Adobe XD,3D Modelling,C++,C,Game Development,Software Engineering,Lead designer,Graphic Design,Visual Studio,Artificial Intelligence,,,,,,Game Designer
C++,3D Modelling,Adobe XD,C,Game Development,Graphic Design,Lead designer,Software Engineering,Visual Studio,Artificial Intelligence,,,,,,Game Designer
3D Modelling,C++,Adobe XD,C,Game Development,Lead designer,Graphic Design,Software Engineering,Visual Studio,Artificial Intelligence,,,,,,Game Designer
Adobe XD,C++,3D Modelling,C,Game Development,Software Engineering,Graphic Design,Lead designer,Visual Studio,Artificial Intelligence,,,,,,Game Designer
C++,Adobe XD,3D Modelling,C,Game Development,Graphic Design,Software Engineering,Lead designer,Visual Studio,Artificial Intelligence,,,,,,Game Designer
Game Development,Adobe XD,3D Modelling,C,C++,Artificial Intelligence,Software Engineering,Lead designer,Visual Studio,Graphic Design,,,,,,Game Designer
Adobe XD,Game Development,3D Modelling,C,C++,Software Engineering,Artificial Intelligence,Lead designer,Visual Studio,Graphic Design,,,,,,Game Designer
3D Modelling,Game Development,Adobe XD,C,C++,Lead designer,Artificial Intelligence,Software Engineering,Visual Studio,Graphic Design,,,,,,Game Designer
Game Development,3D Modelling,Adobe XD,C,C++,Artificial Intelligence,Lead designer,Software Engineering,Visual Studio,Graphic Design,,,,,,Game Designer
Adobe XD,3D Modelling,Game Development,C,C++,Software Engineering,Lead designer,Artificial Intelligence,Visual Studio,Graphic Design,,,,,,Game Designer
3D Modelling,Adobe XD,Game Development,C,C++,Lead designer,Software Engineering,Artificial Intelligence,Visual Studio,Graphic Design,,,,,,Game Designer
3D Modelling,Adobe XD,C,Game Development,C++,Lead designer,Software Engineering,Visual Studio,Artificial Intelligence,Graphic Design,,,,,,Game Designer
Adobe XD,3D Modelling,C,Game Development,C++,Software Engineering,Lead designer,Visual Studio,Artificial Intelligence,Graphic Design,,,,,,Game Designer
C,3D Modelling,Adobe XD,Game Development,C++,Visual Studio,Lead designer,Software Engineering,Artificial Intelligence,Graphic Design,,,,,,Game Designer
3D Modelling,C,Adobe XD,Game Development,C++,Lead designer,Visual Studio,Software Engineering,Artificial Intelligence,Graphic Design,,,,,,Game Designer
Adobe XD,C,3D Modelling,Game Development,C++,Software Engineering,Visual Studio,Lead designer,Artificial Intelligence,Graphic Design,,,,,,Game Designer
C,Adobe XD,3D Modelling,Game Development,C++,Visual Studio,Software Engineering,Lead designer,Artificial Intelligence,Graphic Design,,,,,,Game Designer
C,Game Development,3D Modelling,Adobe XD,C++,Visual Studio,Artificial Intelligence,Lead designer,Software Engineering,Graphic Design,,,,,,Game Designer
Game Development,C,3D Modelling,Adobe XD,C++,Artificial Intelligence,Visual Studio,Lead designer,Software Engineering,Graphic Design,,,,,,Game Designer
3D Modelling,C,Game Development,Adobe XD,C++,Lead designer,Visual Studio,Artificial Intelligence,Software Engineering,Graphic Design,,,,,,Game Designer
C,3D Modelling,Game Development,Adobe XD,C++,Visual Studio,Lead designer,Artificial Intelligence,Software Engineering,Graphic Design,,,,,,Game Designer
Game Development,3D Modelling,C,Adobe XD,C++,Artificial Intelligence,Lead designer,Visual Studio,Software Engineering,Graphic Design,,,,,,Game Designer
3D Modelling,Game Development,C,Adobe XD,C++,Lead designer,Artificial Intelligence,Visual Studio,Software Engineering,Graphic Design,,,,,,Game Designer
Adobe XD,Game Development,C,3D Modelling,C++,Software Engineering,Artificial Intelligence,Visual Studio,Lead designer,Graphic Design,,,,,,Game Designer
Game Development,Adobe XD,C,3D Modelling,C++,Artificial Intelligence,Software Engineering,Visual Studio,Lead designer,Graphic Design,,,,,,Game Designer
C,Adobe XD,Game Development,3D Modelling,C++,Visual Studio,Software Engineering,Artificial Intelligence,Lead designer,Graphic Design,,,,,,Game Designer
Adobe XD,C,Game Development,3D Modelling,C++,Software Engineering,Visual Studio,Artificial Intelligence,Lead designer,Graphic Design,,,,,,Game Designer
Game Development,C,Adobe XD,3D Modelling,C++,Artificial Intelligence,Visual Studio,Software Engineering,Lead designer,Graphic Design,,,,,,Game Designer
C,Game Development,Adobe XD,3D Modelling,C++,Visual Studio,Artificial Intelligence,Software Engineering,Lead designer,Graphic Design,,,,,,Game Designer
C++,Game Development,Adobe XD,3D Modelling,C,Graphic Design,Artificial Intelligence,Software Engineering,Lead designer,Visual Studio,,,,,,Game Designer
Game Development,C++,Adobe XD,3D Modelling,C,Artificial Intelligence,Graphic Design,Software Engineering,Lead designer,Visual Studio,,,,,,Game Designer
Adobe XD,C++,Game Development,3D Modelling,C,Software Engineering,Graphic Design,Artificial Intelligence,Lead designer,Visual Studio,,,,,,Game Designer
C++,Adobe XD,Game Development,3D Modelling,C,Graphic Design,Software Engineering,Artificial Intelligence,Lead designer,Visual Studio,,,,,,Game Designer
Game Development,Adobe XD,C++,3D Modelling,C,Artificial Intelligence,Software Engineering,Graphic Design,Lead designer,Visual Studio,,,,,,Game Designer
Adobe XD,Game Development,C++,3D Modelling,C,Software Engineering,Artificial Intelligence,Graphic Design,Lead designer,Visual Studio,,,,,,Game Designer
Adobe XD,Game Development,3D Modelling,C++,C,Software Engineering,Artificial Intelligence,Lead designer,Graphic Design,Visual Studio,,,,,,Game Designer
Game Development,Adobe XD,3D Modelling,C++,C,Artificial Intelligence,Software Engineering,Lead designer,Graphic Design,Visual Studio,,,,,,Game Designer
3D Modelling,Adobe XD,Game Development,C++,C,Lead designer,Software Engineering,Artificial Intelligence,Graphic Design,Visual Studio,,,,,,Game Designer
Adobe XD,3D Modelling,Game Development,C++,C,Software Engineering,Lead designer,Artificial Intelligence,Graphic Design,Visual Studio,,,,,,Game Designer
Game Development,3D Modelling,Adobe XD,C++,C,Artificial Intelligence,Lead designer,Software Engineering,Graphic Design,Visual Studio,,,,,,Game Designer
3D Modelling,Game Development,Adobe XD,C++,C,Lead designer,Artificial Intelligence,Software Engineering,Graphic Design,Visual Studio,,,,,,Game Designer
3D Modelling,C++,Adobe XD,Game Development,C,Lead designer,Graphic Design,Software Engineering,Artificial Intelligence,Visual Studio,,,,,,Game Designer
C++,3D Modelling,Adobe XD,Game Development,C,Graphic Design,Lead designer,Software Engineering,Artificial Intelligence,Visual Studio,,,,,,Game Designer
Adobe XD,3D Modelling,C++,Game Development,C,Software Engineering,Lead designer,Graphic Design,Artificial Intelligence,Visual Studio,,,,,,Game Designer
3D Modelling,Adobe XD,C++,Game Development,C,Lead designer,Software Engineering,Graphic Design,Artificial Intelligence,Visual Studio,,,,,,Game Designer
C++,Adobe XD,3D Modelling,Game Development,C,Graphic Design,Software Engineering,Lead designer,Artificial Intelligence,Visual Studio,,,,,,Game Designer
Adobe XD,C++,3D Modelling,Game Development,C,Software Engineering,Graphic Design,Lead designer,Artificial Intelligence,Visual Studio,,,,,,Game Designer
Game Development,C++,3D Modelling,Adobe XD,C,Artificial Intelligence,Graphic Design,Lead designer,Software Engineering,Visual Studio,,,,,,Game Designer
C++,Game Development,3D Modelling,Adobe XD,C,Graphic Design,Artificial Intelligence,Lead designer,Software Engineering,Visual Studio,,,,,,Game Designer
3D Modelling,Game Development,C++,Adobe XD,C,Lead designer,Artificial Intelligence,Graphic Design,Software Engineering,Visual Studio,,,,,,Game Designer
Game Development,3D Modelling,C++,Adobe XD,C,Artificial Intelligence,Lead designer,Graphic Design,Software Engineering,Visual Studio,,,,,,Game Designer
C++,3D Modelling,Game Development,Adobe XD,C,Graphic Design,Lead designer,Artificial Intelligence,Software Engineering,Visual Studio,,,,,,Game Designer
3D Modelling,C++,Game Development,Adobe XD,C,Lead designer,Graphic Design,Artificial Intelligence,Software Engineering,Visual Studio,,,,,,Game Designer
