Intelligent Business Process Management Suites (iBPMS),Machine Learning,Artificial Intelligence,Natural Language Processing (NLP),RPA,User Experience ,Digital Ops,,,,,,,,,AI/ Ml Engineer in Hyperautomation
Machine Learning,Natural Language Processing (NLP),RPA,Artificial Intelligence,Intelligent Business Process Management Suites (iBPMS),User Experience ,Digital Ops,,,,,,,,,AI/ Ml Engineer in Hyperautomation
RPA,Intelligent Business Process Management Suites (iBPMS),Data Science,Machine Learning,Artificial Intelligence,,,,,,,,,,,Hyperautomation Architect
RPA,Process Design,Database,Python,C,Artificial Intelligence,VB Script,Javascript,ASP.NET,Web Development,Analytics,Machine Learning,Java,Troubleshooting,Project Management Skills,RPA Developer
Intelligent Business Process Management Suites (iBPMS),Data Science,Artificial Intelligence,Machine Learning,RPA,,,,,,,,,,,Hyperautomation Architect
Process Design,Python,C,Database,RPA,VB Script,ASP.NET,Web Development,Javascript,Artificial Intelligence,Machine Learning,Troubleshooting,Project Management Skills,Java,Analytics,RPA Developer
Process Design,RPA,C,Python,Database,VB Script,Artificial Intelligence,Web Development,ASP.NET,Javascript,Machine Learning,Analytics,Project Management Skills,Troubleshooting,Java,RPA Developer
Database,C,Python,RPA,Process Design,Javascript,Web Development,ASP.NET,Artificial Intelligence,VB Script,Java,Project Management Skills,Troubleshooting,Analytics,Machine Learning,RPA Developer
Process Design,Database,Python,RPA,C,VB Script,Javascript,ASP.NET,Artificial Intelligence,Web Development,Machine Learning,Java,Troubleshooting,Analytics,Project Management Skills,RPA Developer
Python,Database,C,RPA,Process Design,ASP.NET,Javascript,Web Development,Artificial Intelligence,VB Script,Troubleshooting,Java,Project Management Skills,Analytics,Machine Learning,RPA Developer
Intelligent Business Process Management Suites (iBPMS),Data Science,Machine Learning,RPA,Artificial Intelligence,,,,,,,,,,,Hyperautomation Architect
Machine Learning,Natural Language Processing (NLP),Artificial Intelligence,RPA,Intelligent Business Process Management Suites (iBPMS),DigitalOps,User Experience,,,,,,,,,AI/ Ml Engineer in Hyperautomation
Artificial Intelligence,RPA,Intelligent Business Process Management Suites (iBPMS),Data Science,Machine Learning,,,,,,,,,,,Hyperautomation Architect
Data Science,Intelligent Business Process Management Suites (iBPMS),Artificial Intelligence,Machine Learning,RPA,,,,,,,,,,,Hyperautomation Architect
Machine Learning,Artificial Intelligence,Data Science,RPA,Intelligent Business Process Management Suites (iBPMS),,,,,,,,,,,Hyperautomation Architect
Database,Process Design,RPA,Python,C,Javascript,VB Script,Artificial Intelligence,ASP.NET,Web Development,Java,Machine Learning,Analytics,Troubleshooting,Project Management Skills,RPA Developer
Artificial Intelligence,RPA,Intelligent Business Process Management Suites (iBPMS),Machine Learning,Natural Language Processing (NLP),DigitalOps,User Experience,,,,,,,,,AI/ Ml Engineer in Hyperautomation
Intelligent Business Process Management Suites (iBPMS),Natural Language Processing (NLP),Artificial Intelligence,RPA,Machine Learning,User Experience ,Digital Ops,,,,,,,,,AI/ Ml Engineer in Hyperautomation
Artificial Intelligence,Intelligent Business Process Management Suites (iBPMS),RPA,Machine Learning,Natural Language Processing (NLP),User Experience ,Digital Ops,,,,,,,,,AI/ Ml Engineer in Hyperautomation
Python,Process Design,RPA,Database,C,ASP.NET,VB Script,Artificial Intelligence,Javascript,Web Development,Troubleshooting,Machine Learning,Analytics,Java,Project Management Skills,RPA Developer
Natural Language Processing (NLP),Intelligent Business Process Management Suites (iBPMS),RPA,Artificial Intelligence,Machine Learning,User Experience ,Digital Ops,,,,,,,,,AI/ Ml Engineer in Hyperautomation
Process Design,Database,Python,C,RPA,VB Script,Javascript,ASP.NET,Web Development,Artificial Intelligence,Machine Learning,Java,Troubleshooting,Project Management Skills,Analytics,RPA Developer
Intelligent Business Process Management Suites (iBPMS),Machine Learning,RPA,Artificial Intelligence,Natural Language Processing (NLP),User Experience ,Digital Ops,,,,,,,,,AI/ Ml Engineer in Hyperautomation
Python,Database,Process Design,RPA,C,ASP.NET,Javascript,VB Script,Artificial Intelligence,Web Development,Troubleshooting,Java,Machine Learning,Analytics,Project Management Skills,RPA Developer
Intelligent Business Process Management Suites (iBPMS),Data Science,RPA,Artificial Intelligence,Machine Learning,,,,,,,,,,,Hyperautomation Architect
Machine Learning,Natural Language Processing (NLP),Artificial Intelligence,Intelligent Business Process Management Suites (iBPMS),RPA,User Experience ,Digital Ops,,,,,,,,,AI/ Ml Engineer in Hyperautomation
Artificial Intelligence,RPA,Machine Learning,Intelligent Business Process Management Suites (iBPMS),Natural Language Processing (NLP),User Experience ,Digital Ops,,,,,,,,,AI/ Ml Engineer in Hyperautomation
Database,Python,C,Process Design,RPA,Javascript,ASP.NET,Web Development,VB Script,Artificial Intelligence,Java,Troubleshooting,Project Management Skills,Machine Learning,Analytics,RPA Developer
RPA,Machine Learning,Intelligent Business Process Management Suites (iBPMS),Artificial Intelligence,Natural Language Processing (NLP),DigitalOps,User Experience,,,,,,,,,AI/ Ml Engineer in Hyperautomation
Intelligent Business Process Management Suites (iBPMS),Artificial Intelligence,RPA,Data Science,Machine Learning,,,,,,,,,,,Hyperautomation Architect
RPA,Intelligent Business Process Management Suites (iBPMS),Artificial Intelligence,Machine Learning,Data Science,,,,,,,,,,,Hyperautomation Architect
Python,Database,Process Design,C,RPA,ASP.NET,Javascript,VB Script,Web Development,Artificial Intelligence,Troubleshooting,Java,Machine Learning,Project Management Skills,Analytics,RPA Developer
RPA,Artificial Intelligence,Intelligent Business Process Management Suites (iBPMS),Data Science,Machine Learning,,,,,,,,,,,Hyperautomation Architect
Intelligent Business Process Management Suites (iBPMS),Data Science,RPA,Machine Learning,Artificial Intelligence,,,,,,,,,,,Hyperautomation Architect
Natural Language Processing (NLP),Artificial Intelligence,Intelligent Business Process Management Suites (iBPMS),Machine Learning,RPA,DigitalOps,User Experience,,,,,,,,,AI/ Ml Engineer in Hyperautomation
Python,C,RPA,Process Design,Database,ASP.NET,Web Development,Artificial Intelligence,VB Script,Javascript,Troubleshooting,Project Management Skills,Analytics,Machine Learning,Java,RPA Developer
Machine Learning,Data Science,RPA,Artificial Intelligence,Intelligent Business Process Management Suites (iBPMS),,,,,,,,,,,Hyperautomation Architect
Machine Learning,Artificial Intelligence,Intelligent Business Process Management Suites (iBPMS),RPA,Natural Language Processing (NLP),DigitalOps,User Experience,,,,,,,,,AI/ Ml Engineer in Hyperautomation
Natural Language Processing (NLP),Artificial Intelligence,RPA,Machine Learning,Intelligent Business Process Management Suites (iBPMS),User Experience ,Digital Ops,,,,,,,,,AI/ Ml Engineer in Hyperautomation
Database,RPA,Python,Process Design,C,Javascript,Artificial Intelligence,ASP.NET,VB Script,Web Development,Java,Analytics,Troubleshooting,Machine Learning,Project Management Skills,RPA Developer
C,Process Design,Python,RPA,Database,Web Development,VB Script,ASP.NET,Artificial Intelligence,Javascript,Project Management Skills,Machine Learning,Troubleshooting,Analytics,Java,RPA Developer
RPA,Artificial Intelligence,Natural Language Processing (NLP),Machine Learning,Intelligent Business Process Management Suites (iBPMS),DigitalOps,User Experience,,,,,,,,,AI/ Ml Engineer in Hyperautomation
Intelligent Business Process Management Suites (iBPMS),Machine Learning,Data Science,RPA,Artificial Intelligence,,,,,,,,,,,Hyperautomation Architect
Machine Learning,RPA,Data Science,Intelligent Business Process Management Suites (iBPMS),Artificial Intelligence,,,,,,,,,,,Hyperautomation Architect
C,RPA,Process Design,Python,Database,Web Development,Artificial Intelligence,VB Script,ASP.NET,Javascript,Project Management Skills,Analytics,Machine Learning,Troubleshooting,Java,RPA Developer
RPA,Data Science,Machine Learning,Artificial Intelligence,Intelligent Business Process Management Suites (iBPMS),,,,,,,,,,,Hyperautomation Architect
Artificial Intelligence,Data Science,RPA,Machine Learning,Intelligent Business Process Management Suites (iBPMS),,,,,,,,,,,Hyperautomation Architect
Python,Database,C,Process Design,RPA,ASP.NET,Javascript,Web Development,VB Script,Artificial Intelligence,Troubleshooting,Java,Project Management Skills,Machine Learning,Analytics,RPA Developer
RPA,Artificial Intelligence,Intelligent Business Process Management Suites (iBPMS),Machine Learning,Data Science,,,,,,,,,,,Hyperautomation Architect
Process Design,Database,C,Python,RPA,VB Script,Javascript,Web Development,ASP.NET,Artificial Intelligence,Machine Learning,Java,Project Management Skills,Troubleshooting,Analytics,RPA Developer
Data Science,Machine Learning,Intelligent Business Process Management Suites (iBPMS),Artificial Intelligence,RPA,,,,,,,,,,,Hyperautomation Architect
Database,RPA,C,Process Design,Python,Javascript,Artificial Intelligence,Web Development,VB Script,ASP.NET,Java,Analytics,Project Management Skills,Machine Learning,Troubleshooting,RPA Developer
Data Science,Artificial Intelligence,Machine Learning,Intelligent Business Process Management Suites (iBPMS),RPA,,,,,,,,,,,Hyperautomation Architect
C,RPA,Python,Database,Process Design,Web Development,Artificial Intelligence,ASP.NET,Javascript,VB Script,Project Management Skills,Analytics,Troubleshooting,Java,Machine Learning,RPA Developer
Database,Process Design,C,RPA,Python,Javascript,VB Script,Web Development,Artificial Intelligence,ASP.NET,Java,Machine Learning,Project Management Skills,Analytics,Troubleshooting,RPA Developer
Machine Learning,Intelligent Business Process Management Suites (iBPMS),RPA,Artificial Intelligence,Data Science,,,,,,,,,,,Hyperautomation Architect
Artificial Intelligence,Natural Language Processing (NLP),Intelligent Business Process Management Suites (iBPMS),RPA,Machine Learning,DigitalOps,User Experience,,,,,,,,,AI/ Ml Engineer in Hyperautomation
Natural Language Processing (NLP),RPA,Artificial Intelligence,Intelligent Business Process Management Suites (iBPMS),Machine Learning,User Experience ,Digital Ops,,,,,,,,,AI/ Ml Engineer in Hyperautomation
Artificial Intelligence,Machine Learning,Data Science,RPA,Intelligent Business Process Management Suites (iBPMS),,,,,,,,,,,Hyperautomation Architect
RPA,Database,Python,Process Design,C,Artificial Intelligence,Javascript,ASP.NET,VB Script,Web Development,Analytics,Java,Troubleshooting,Machine Learning,Project Management Skills,RPA Developer
Artificial Intelligence,RPA,Intelligent Business Process Management Suites (iBPMS),Natural Language Processing (NLP),Machine Learning,User Experience ,Digital Ops,,,,,,,,,AI/ Ml Engineer in Hyperautomation
Intelligent Business Process Management Suites (iBPMS),Artificial Intelligence,RPA,Natural Language Processing (NLP),Machine Learning,User Experience ,Digital Ops,,,,,,,,,AI/ Ml Engineer in Hyperautomation
Intelligent Business Process Management Suites (iBPMS),RPA,Machine Learning,Artificial Intelligence,Data Science,,,,,,,,,,,Hyperautomation Architect
Process Design,RPA,C,Database,Python,VB Script,Artificial Intelligence,Web Development,Javascript,ASP.NET,Machine Learning,Analytics,Project Management Skills,Java,Troubleshooting,RPA Developer
Machine Learning,Intelligent Business Process Management Suites (iBPMS),Artificial Intelligence,RPA,Natural Language Processing (NLP),User Experience ,Digital Ops,,,,,,,,,AI/ Ml Engineer in Hyperautomation
Natural Language Processing (NLP),RPA,Machine Learning,Artificial Intelligence,Intelligent Business Process Management Suites (iBPMS),User Experience ,Digital Ops,,,,,,,,,AI/ Ml Engineer in Hyperautomation
Data Science,Intelligent Business Process Management Suites (iBPMS),Machine Learning,Artificial Intelligence,RPA,,,,,,,,,,,Hyperautomation Architect
Data Science,RPA,Intelligent Business Process Management Suites (iBPMS),Machine Learning,Artificial Intelligence,,,,,,,,,,,Hyperautomation Architect
Intelligent Business Process Management Suites (iBPMS),RPA,Artificial Intelligence,Natural Language Processing (NLP),Machine Learning,DigitalOps,User Experience,,,,,,,,,AI/ Ml Engineer in Hyperautomation
Artificial Intelligence,RPA,Intelligent Business Process Management Suites (iBPMS),Machine Learning,Data Science,,,,,,,,,,,Hyperautomation Architect
Natural Language Processing (NLP),Machine Learning,RPA,Intelligent Business Process Management Suites (iBPMS),Artificial Intelligence,User Experience ,Digital Ops,,,,,,,,,AI/ Ml Engineer in Hyperautomation
C,Python,Process Design,Database,RPA,Web Development,ASP.NET,VB Script,Javascript,Artificial Intelligence,Project Management Skills,Troubleshooting,Machine Learning,Java,Analytics,RPA Developer
Process Design,C,Database,Python,RPA,VB Script,Web Development,Javascript,ASP.NET,Artificial Intelligence,Machine Learning,Project Management Skills,Java,Troubleshooting,Analytics,RPA Developer
RPA,C,Process Design,Python,Database,Artificial Intelligence,Web Development,VB Script,ASP.NET,Javascript,Analytics,Project Management Skills,Machine Learning,Troubleshooting,Java,RPA Developer
C,Process Design,Database,RPA,Python,Web Development,VB Script,Javascript,Artificial Intelligence,ASP.NET,Project Management Skills,Machine Learning,Java,Analytics,Troubleshooting,RPA Developer
RPA,Artificial Intelligence,Machine Learning,Data Science,Intelligent Business Process Management Suites (iBPMS),,,,,,,,,,,Hyperautomation Architect
RPA,Process Design,Database,C,Python,Artificial Intelligence,VB Script,Javascript,Web Development,ASP.NET,Analytics,Machine Learning,Java,Project Management Skills,Troubleshooting,RPA Developer
C,Database,Python,Process Design,RPA,Web Development,Javascript,ASP.NET,VB Script,Artificial Intelligence,Project Management Skills,Java,Troubleshooting,Machine Learning,Analytics,RPA Developer
Python,C,Process Design,Database,RPA,ASP.NET,Web Development,VB Script,Javascript,Artificial Intelligence,Troubleshooting,Project Management Skills,Machine Learning,Java,Analytics,RPA Developer
Natural Language Processing (NLP),Intelligent Business Process Management Suites (iBPMS),RPA,Machine Learning,Artificial Intelligence,DigitalOps,User Experience,,,,,,,,,AI/ Ml Engineer in Hyperautomation
Data Science,Intelligent Business Process Management Suites (iBPMS),Machine Learning,RPA,Artificial Intelligence,,,,,,,,,,,Hyperautomation Architect
Artificial Intelligence,Machine Learning,Intelligent Business Process Management Suites (iBPMS),RPA,Data Science,,,,,,,,,,,Hyperautomation Architect
Artificial Intelligence,RPA,Machine Learning,Data Science,Intelligent Business Process Management Suites (iBPMS),,,,,,,,,,,Hyperautomation Architect
Intelligent Business Process Management Suites (iBPMS),Machine Learning,Natural Language Processing (NLP),Artificial Intelligence,RPA,DigitalOps,User Experience,,,,,,,,,AI/ Ml Engineer in Hyperautomation
RPA,Data Science,Intelligent Business Process Management Suites (iBPMS),Artificial Intelligence,Machine Learning,,,,,,,,,,,Hyperautomation Architect
Python,RPA,Process Design,C,Database,ASP.NET,Artificial Intelligence,VB Script,Web Development,Javascript,Troubleshooting,Analytics,Machine Learning,Project Management Skills,Java,RPA Developer
Intelligent Business Process Management Suites (iBPMS),RPA,Artificial Intelligence,Machine Learning,Data Science,,,,,,,,,,,Hyperautomation Architect
Artificial Intelligence,RPA,Data Science,Intelligent Business Process Management Suites (iBPMS),Machine Learning,,,,,,,,,,,Hyperautomation Architect
RPA,Python,Database,Process Design,C,Artificial Intelligence,ASP.NET,Javascript,VB Script,Web Development,Analytics,Troubleshooting,Java,Machine Learning,Project Management Skills,RPA Developer
Natural Language Processing (NLP),RPA,Artificial Intelligence,Machine Learning,Intelligent Business Process Management Suites (iBPMS),DigitalOps,User Experience,,,,,,,,,AI/ Ml Engineer in Hyperautomation
Machine Learning,Data Science,Intelligent Business Process Management Suites (iBPMS),RPA,Artificial Intelligence,,,,,,,,,,,Hyperautomation Architect
Machine Learning,Data Science,Artificial Intelligence,Intelligent Business Process Management Suites (iBPMS),RPA,,,,,,,,,,,Hyperautomation Architect
Data Science,Machine Learning,Artificial Intelligence,RPA,Intelligent Business Process Management Suites (iBPMS),,,,,,,,,,,Hyperautomation Architect
RPA,Intelligent Business Process Management Suites (iBPMS),Artificial Intelligence,Machine Learning,Natural Language Processing (NLP),DigitalOps,User Experience,,,,,,,,,AI/ Ml Engineer in Hyperautomation
Intelligent Business Process Management Suites (iBPMS),Machine Learning,Natural Language Processing (NLP),RPA,Artificial Intelligence,User Experience ,Digital Ops,,,,,,,,,AI/ Ml Engineer in Hyperautomation
Intelligent Business Process Management Suites (iBPMS),RPA,Machine Learning,Data Science,Artificial Intelligence,,,,,,,,,,,Hyperautomation Architect
C,Python,RPA,Database,Process Design,Web Development,ASP.NET,Artificial Intelligence,Javascript,VB Script,Project Management Skills,Troubleshooting,Analytics,Java,Machine Learning,RPA Developer
Machine Learning,RPA,Artificial Intelligence,Data Science,Intelligent Business Process Management Suites (iBPMS),,,,,,,,,,,Hyperautomation Architect
Python,C,Database,RPA,Process Design,ASP.NET,Web Development,Javascript,Artificial Intelligence,VB Script,Troubleshooting,Project Management Skills,Java,Analytics,Machine Learning,RPA Developer
Machine Learning,Artificial Intelligence,RPA,Data Science,Intelligent Business Process Management Suites (iBPMS),,,,,,,,,,,Hyperautomation Architect
C,Database,RPA,Process Design,Python,Web Development,Javascript,Artificial Intelligence,VB Script,ASP.NET,Project Management Skills,Java,Analytics,Machine Learning,Troubleshooting,RPA Developer
Data Science,Intelligent Business Process Management Suites (iBPMS),RPA,Machine Learning,Artificial Intelligence,,,,,,,,,,,Hyperautomation Architect
RPA,Artificial Intelligence,Data Science,Intelligent Business Process Management Suites (iBPMS),Machine Learning,,,,,,,,,,,Hyperautomation Architect
Process Design,C,RPA,Python,Database,VB Script,Web Development,Artificial Intelligence,ASP.NET,Javascript,Machine Learning,Project Management Skills,Analytics,Troubleshooting,Java,RPA Developer
Process Design,C,Database,RPA,Python,VB Script,Web Development,Javascript,Artificial Intelligence,ASP.NET,Machine Learning,Project Management Skills,Java,Analytics,Troubleshooting,RPA Developer
Data Science,RPA,Artificial Intelligence,Intelligent Business Process Management Suites (iBPMS),Machine Learning,,,,,,,,,,,Hyperautomation Architect
Natural Language Processing (NLP),Machine Learning,RPA,Artificial Intelligence,Intelligent Business Process Management Suites (iBPMS),DigitalOps,User Experience,,,,,,,,,AI/ Ml Engineer in Hyperautomation
RPA,Machine Learning,Natural Language Processing (NLP),Intelligent Business Process Management Suites (iBPMS),Artificial Intelligence,DigitalOps,User Experience,,,,,,,,,AI/ Ml Engineer in Hyperautomation
RPA,Data Science,Machine Learning,Intelligent Business Process Management Suites (iBPMS),Artificial Intelligence,,,,,,,,,,,Hyperautomation Architect
Process Design,RPA,Python,Database,C,VB Script,Artificial Intelligence,ASP.NET,Javascript,Web Development,Machine Learning,Analytics,Troubleshooting,Java,Project Management Skills,RPA Developer
Machine Learning,RPA,Intelligent Business Process Management Suites (iBPMS),Artificial Intelligence,Natural Language Processing (NLP),User Experience ,Digital Ops,,,,,,,,,AI/ Ml Engineer in Hyperautomation
Artificial Intelligence,Machine Learning,Natural Language Processing (NLP),RPA,Intelligent Business Process Management Suites (iBPMS),DigitalOps,User Experience,,,,,,,,,AI/ Ml Engineer in Hyperautomation
Process Design,C,Python,RPA,Database,VB Script,Web Development,ASP.NET,Artificial Intelligence,Javascript,Machine Learning,Project Management Skills,Troubleshooting,Analytics,Java,RPA Developer
Process Design,Python,Database,C,RPA,VB Script,ASP.NET,Javascript,Web Development,Artificial Intelligence,Machine Learning,Troubleshooting,Java,Project Management Skills,Analytics,RPA Developer
RPA,Intelligent Business Process Management Suites (iBPMS),Machine Learning,Data Science,Artificial Intelligence,,,,,,,,,,,Hyperautomation Architect
Machine Learning,Intelligent Business Process Management Suites (iBPMS),Natural Language Processing (NLP),RPA,Artificial Intelligence,DigitalOps,User Experience,,,,,,,,,AI/ Ml Engineer in Hyperautomation
Artificial Intelligence,Intelligent Business Process Management Suites (iBPMS),RPA,Machine Learning,Data Science,,,,,,,,,,,Hyperautomation Architect
C,Database,RPA,Python,Process Design,Web Development,Javascript,Artificial Intelligence,ASP.NET,VB Script,Project Management Skills,Java,Analytics,Troubleshooting,Machine Learning,RPA Developer
Machine Learning,RPA,Artificial Intelligence,Natural Language Processing (NLP),Intelligent Business Process Management Suites (iBPMS),User Experience ,Digital Ops,,,,,,,,,AI/ Ml Engineer in Hyperautomation
Python,Process Design,C,RPA,Database,ASP.NET,VB Script,Web Development,Artificial Intelligence,Javascript,Troubleshooting,Machine Learning,Project Management Skills,Analytics,Java,RPA Developer
Natural Language Processing (NLP),Artificial Intelligence,Machine Learning,Intelligent Business Process Management Suites (iBPMS),RPA,User Experience ,Digital Ops,,,,,,,,,AI/ Ml Engineer in Hyperautomation
RPA,Machine Learning,Artificial Intelligence,Data Science,Intelligent Business Process Management Suites (iBPMS),,,,,,,,,,,Hyperautomation Architect
Process Design,Database,RPA,C,Python,VB Script,Javascript,Artificial Intelligence,Web Development,ASP.NET,Machine Learning,Java,Analytics,Project Management Skills,Troubleshooting,RPA Developer
Machine Learning,Artificial Intelligence,Data Science,Intelligent Business Process Management Suites (iBPMS),RPA,,,,,,,,,,,Hyperautomation Architect
Data Science,Artificial Intelligence,Intelligent Business Process Management Suites (iBPMS),RPA,Machine Learning,,,,,,,,,,,Hyperautomation Architect
Database,Process Design,Python,C,RPA,Javascript,VB Script,ASP.NET,Web Development,Artificial Intelligence,Java,Machine Learning,Troubleshooting,Project Management Skills,Analytics,RPA Developer
Python,RPA,Process Design,Database,C,ASP.NET,Artificial Intelligence,VB Script,Javascript,Web Development,Troubleshooting,Analytics,Machine Learning,Java,Project Management Skills,RPA Developer
C,Database,Process Design,Python,RPA,Web Development,Javascript,VB Script,ASP.NET,Artificial Intelligence,Project Management Skills,Java,Machine Learning,Troubleshooting,Analytics,RPA Developer
Database,RPA,Python,C,Process Design,Javascript,Artificial Intelligence,ASP.NET,Web Development,VB Script,Java,Analytics,Troubleshooting,Project Management Skills,Machine Learning,RPA Developer
RPA,Machine Learning,Data Science,Intelligent Business Process Management Suites (iBPMS),Artificial Intelligence,,,,,,,,,,,Hyperautomation Architect
RPA,Artificial Intelligence,Intelligent Business Process Management Suites (iBPMS),Natural Language Processing (NLP),Machine Learning,DigitalOps,User Experience,,,,,,,,,AI/ Ml Engineer in Hyperautomation
Machine Learning,RPA,Natural Language Processing (NLP),Artificial Intelligence,Intelligent Business Process Management Suites (iBPMS),DigitalOps,User Experience,,,,,,,,,AI/ Ml Engineer in Hyperautomation
C,RPA,Process Design,Database,Python,Web Development,Artificial Intelligence,VB Script,Javascript,ASP.NET,Project Management Skills,Analytics,Machine Learning,Java,Troubleshooting,RPA Developer
Intelligent Business Process Management Suites (iBPMS),Artificial Intelligence,Data Science,RPA,Machine Learning,,,,,,,,,,,Hyperautomation Architect
RPA,C,Database,Python,Process Design,Artificial Intelligence,Web Development,Javascript,ASP.NET,VB Script,Analytics,Project Management Skills,Java,Troubleshooting,Machine Learning,RPA Developer
Machine Learning,Intelligent Business Process Management Suites (iBPMS),Natural Language Processing (NLP),Artificial Intelligence,RPA,User Experience ,Digital Ops,,,,,,,,,AI/ Ml Engineer in Hyperautomation
Machine Learning,RPA,Artificial Intelligence,Intelligent Business Process Management Suites (iBPMS),Data Science,,,,,,,,,,,Hyperautomation Architect
Artificial Intelligence,RPA,Data Science,Machine Learning,Intelligent Business Process Management Suites (iBPMS),,,,,,,,,,,Hyperautomation Architect
Python,C,RPA,Database,Process Design,ASP.NET,Web Development,Artificial Intelligence,Javascript,VB Script,Troubleshooting,Project Management Skills,Analytics,Java,Machine Learning,RPA Developer
Machine Learning,Artificial Intelligence,Intelligent Business Process Management Suites (iBPMS),RPA,Data Science,,,,,,,,,,,Hyperautomation Architect
Data Science,Machine Learning,RPA,Intelligent Business Process Management Suites (iBPMS),Artificial Intelligence,,,,,,,,,,,Hyperautomation Architect
Artificial Intelligence,Machine Learning,RPA,Natural Language Processing (NLP),Intelligent Business Process Management Suites (iBPMS),User Experience ,Digital Ops,,,,,,,,,AI/ Ml Engineer in Hyperautomation
RPA,Database,Python,C,Process Design,Artificial Intelligence,Javascript,ASP.NET,Web Development,VB Script,Analytics,Java,Troubleshooting,Project Management Skills,Machine Learning,RPA Developer
Natural Language Processing (NLP),RPA,Intelligent Business Process Management Suites (iBPMS),Artificial Intelligence,Machine Learning,DigitalOps,User Experience,,,,,,,,,AI/ Ml Engineer in Hyperautomation
RPA,Process Design,C,Database,Python,Artificial Intelligence,VB Script,Web Development,Javascript,ASP.NET,Analytics,Machine Learning,Project Management Skills,Java,Troubleshooting,RPA Developer
RPA,Machine Learning,Natural Language Processing (NLP),Artificial Intelligence,Intelligent Business Process Management Suites (iBPMS),User Experience ,Digital Ops,,,,,,,,,AI/ Ml Engineer in Hyperautomation
Machine Learning,RPA,Natural Language Processing (NLP),Intelligent Business Process Management Suites (iBPMS),Artificial Intelligence,User Experience ,Digital Ops,,,,,,,,,AI/ Ml Engineer in Hyperautomation
Intelligent Business Process Management Suites (iBPMS),Artificial Intelligence,RPA,Machine Learning,Natural Language Processing (NLP),DigitalOps,User Experience,,,,,,,,,AI/ Ml Engineer in Hyperautomation
Intelligent Business Process Management Suites (iBPMS),Machine Learning,RPA,Natural Language Processing (NLP),Artificial Intelligence,DigitalOps,User Experience,,,,,,,,,AI/ Ml Engineer in Hyperautomation
RPA,Natural Language Processing (NLP),Artificial Intelligence,Intelligent Business Process Management Suites (iBPMS),Machine Learning,DigitalOps,User Experience,,,,,,,,,AI/ Ml Engineer in Hyperautomation
Artificial Intelligence,RPA,Natural Language Processing (NLP),Machine Learning,Intelligent Business Process Management Suites (iBPMS),User Experience ,Digital Ops,,,,,,,,,AI/ Ml Engineer in Hyperautomation
Machine Learning,RPA,Intelligent Business Process Management Suites (iBPMS),Natural Language Processing (NLP),Artificial Intelligence,DigitalOps,User Experience,,,,,,,,,AI/ Ml Engineer in Hyperautomation
Data Science,Machine Learning,RPA,Artificial Intelligence,Intelligent Business Process Management Suites (iBPMS),,,,,,,,,,,Hyperautomation Architect
Natural Language Processing (NLP),Artificial Intelligence,Machine Learning,RPA,Intelligent Business Process Management Suites (iBPMS),DigitalOps,User Experience,,,,,,,,,AI/ Ml Engineer in Hyperautomation
Intelligent Business Process Management Suites (iBPMS),Machine Learning,RPA,Data Science,Artificial Intelligence,,,,,,,,,,,Hyperautomation Architect
Process Design,Python,Database,RPA,C,VB Script,ASP.NET,Javascript,Artificial Intelligence,Web Development,Machine Learning,Troubleshooting,Java,Analytics,Project Management Skills,RPA Developer
RPA,Intelligent Business Process Management Suites (iBPMS),Machine Learning,Artificial Intelligence,Data Science,,,,,,,,,,,Hyperautomation Architect
Machine Learning,Artificial Intelligence,RPA,Natural Language Processing (NLP),Intelligent Business Process Management Suites (iBPMS),DigitalOps,User Experience,,,,,,,,,AI/ Ml Engineer in Hyperautomation
Process Design,Python,RPA,Database,C,VB Script,ASP.NET,Artificial Intelligence,Javascript,Web Development,Machine Learning,Troubleshooting,Analytics,Java,Project Management Skills,RPA Developer
RPA,Intelligent Business Process Management Suites (iBPMS),Natural Language Processing (NLP),Machine Learning,Artificial Intelligence,User Experience ,Digital Ops,,,,,,,,,AI/ Ml Engineer in Hyperautomation
RPA,Machine Learning,Artificial Intelligence,Intelligent Business Process Management Suites (iBPMS),Natural Language Processing (NLP),User Experience ,Digital Ops,,,,,,,,,AI/ Ml Engineer in Hyperautomation
Artificial Intelligence,Intelligent Business Process Management Suites (iBPMS),Machine Learning,Data Science,RPA,,,,,,,,,,,Hyperautomation Architect
Intelligent Business Process Management Suites (iBPMS),Data Science,Artificial Intelligence,RPA,Machine Learning,,,,,,,,,,,Hyperautomation Architect
Artificial Intelligence,Natural Language Processing (NLP),RPA,Intelligent Business Process Management Suites (iBPMS),Machine Learning,User Experience ,Digital Ops,,,,,,,,,AI/ Ml Engineer in Hyperautomation
C,RPA,Database,Process Design,Python,Web Development,Artificial Intelligence,Javascript,VB Script,ASP.NET,Project Management Skills,Analytics,Java,Machine Learning,Troubleshooting,RPA Developer
Python,RPA,C,Database,Process Design,ASP.NET,Artificial Intelligence,Web Development,Javascript,VB Script,Troubleshooting,Analytics,Project Management Skills,Java,Machine Learning,RPA Developer
Python,RPA,C,Process Design,Database,ASP.NET,Artificial Intelligence,Web Development,VB Script,Javascript,Troubleshooting,Analytics,Project Management Skills,Machine Learning,Java,RPA Developer
RPA,Intelligent Business Process Management Suites (iBPMS),Data Science,Artificial Intelligence,Machine Learning,,,,,,,,,,,Hyperautomation Architect
Intelligent Business Process Management Suites (iBPMS),Natural Language Processing (NLP),RPA,Machine Learning,Artificial Intelligence,User Experience ,Digital Ops,,,,,,,,,AI/ Ml Engineer in Hyperautomation
Machine Learning,Data Science,Intelligent Business Process Management Suites (iBPMS),Artificial Intelligence,RPA,,,,,,,,,,,Hyperautomation Architect
Intelligent Business Process Management Suites (iBPMS),RPA,Artificial Intelligence,Machine Learning,Natural Language Processing (NLP),User Experience ,Digital Ops,,,,,,,,,AI/ Ml Engineer in Hyperautomation
Data Science,RPA,Artificial Intelligence,Machine Learning,Intelligent Business Process Management Suites (iBPMS),,,,,,,,,,,Hyperautomation Architect
Process Design,C,Python,Database,RPA,VB Script,Web Development,ASP.NET,Javascript,Artificial Intelligence,Machine Learning,Project Management Skills,Troubleshooting,Java,Analytics,RPA Developer
Database,C,Process Design,Python,RPA,Javascript,Web Development,VB Script,ASP.NET,Artificial Intelligence,Java,Project Management Skills,Machine Learning,Troubleshooting,Analytics,RPA Developer
RPA,Python,Process Design,C,Database,Artificial Intelligence,ASP.NET,VB Script,Web Development,Javascript,Analytics,Troubleshooting,Machine Learning,Project Management Skills,Java,RPA Developer
Python,C,Database,Process Design,RPA,ASP.NET,Web Development,Javascript,VB Script,Artificial Intelligence,Troubleshooting,Project Management Skills,Java,Machine Learning,Analytics,RPA Developer
Database,Python,Process Design,C,RPA,Javascript,ASP.NET,VB Script,Web Development,Artificial Intelligence,Java,Troubleshooting,Machine Learning,Project Management Skills,Analytics,RPA Developer
C,Process Design,RPA,Database,Python,Web Development,VB Script,Artificial Intelligence,Javascript,ASP.NET,Project Management Skills,Machine Learning,Analytics,Java,Troubleshooting,RPA Developer
Data Science,Intelligent Business Process Management Suites (iBPMS),RPA,Artificial Intelligence,Machine Learning,,,,,,,,,,,Hyperautomation Architect
C,Python,Database,Process Design,RPA,Web Development,ASP.NET,Javascript,VB Script,Artificial Intelligence,Project Management Skills,Troubleshooting,Java,Machine Learning,Analytics,RPA Developer
Process Design,Python,RPA,C,Database,VB Script,ASP.NET,Artificial Intelligence,Web Development,Javascript,Machine Learning,Troubleshooting,Analytics,Project Management Skills,Java,RPA Developer
C,Process Design,Database,Python,RPA,Web Development,VB Script,Javascript,ASP.NET,Artificial Intelligence,Project Management Skills,Machine Learning,Java,Troubleshooting,Analytics,RPA Developer
RPA,Machine Learning,Intelligent Business Process Management Suites (iBPMS),Natural Language Processing (NLP),Artificial Intelligence,User Experience ,Digital Ops,,,,,,,,,AI/ Ml Engineer in Hyperautomation
Process Design,RPA,Database,Python,C,VB Script,Artificial Intelligence,Javascript,ASP.NET,Web Development,Machine Learning,Analytics,Java,Troubleshooting,Project Management Skills,RPA Developer
Machine Learning,RPA,Artificial Intelligence,Intelligent Business Process Management Suites (iBPMS),Natural Language Processing (NLP),DigitalOps,User Experience,,,,,,,,,AI/ Ml Engineer in Hyperautomation
RPA,Data Science,Intelligent Business Process Management Suites (iBPMS),Machine Learning,Artificial Intelligence,,,,,,,,,,,Hyperautomation Architect
RPA,Data Science,Artificial Intelligence,Machine Learning,Intelligent Business Process Management Suites (iBPMS),,,,,,,,,,,Hyperautomation Architect
Python,RPA,Database,C,Process Design,ASP.NET,Artificial Intelligence,Javascript,Web Development,VB Script,Troubleshooting,Analytics,Java,Project Management Skills,Machine Learning,RPA Developer
RPA,Intelligent Business Process Management Suites (iBPMS),Machine Learning,Artificial Intelligence,Natural Language Processing (NLP),User Experience ,Digital Ops,,,,,,,,,AI/ Ml Engineer in Hyperautomation
RPA,Artificial Intelligence,Intelligent Business Process Management Suites (iBPMS),Machine Learning,Natural Language Processing (NLP),User Experience ,Digital Ops,,,,,,,,,AI/ Ml Engineer in Hyperautomation
Database,RPA,Process Design,Python,C,Javascript,Artificial Intelligence,VB Script,ASP.NET,Web Development,Java,Analytics,Machine Learning,Troubleshooting,Project Management Skills,RPA Developer
Intelligent Business Process Management Suites (iBPMS),Machine Learning,Artificial Intelligence,RPA,Data Science,,,,,,,,,,,Hyperautomation Architect
Data Science,Artificial Intelligence,Intelligent Business Process Management Suites (iBPMS),Machine Learning,RPA,,,,,,,,,,,Hyperautomation Architect
Database,C,Process Design,RPA,Python,Javascript,Web Development,VB Script,Artificial Intelligence,ASP.NET,Java,Project Management Skills,Machine Learning,Analytics,Troubleshooting,RPA Developer
Intelligent Business Process Management Suites (iBPMS),Artificial Intelligence,Machine Learning,Natural Language Processing (NLP),RPA,DigitalOps,User Experience,,,,,,,,,AI/ Ml Engineer in Hyperautomation
Machine Learning,Artificial Intelligence,Intelligent Business Process Management Suites (iBPMS),Natural Language Processing (NLP),RPA,User Experience ,Digital Ops,,,,,,,,,AI/ Ml Engineer in Hyperautomation
RPA,Intelligent Business Process Management Suites (iBPMS),Natural Language Processing (NLP),Artificial Intelligence,Machine Learning,DigitalOps,User Experience,,,,,,,,,AI/ Ml Engineer in Hyperautomation
Data Science,Machine Learning,Intelligent Business Process Management Suites (iBPMS),RPA,Artificial Intelligence,,,,,,,,,,,Hyperautomation Architect
Process Design,RPA,Database,C,Python,VB Script,Artificial Intelligence,Javascript,Web Development,ASP.NET,Machine Learning,Analytics,Java,Project Management Skills,Troubleshooting,RPA Developer
Machine Learning,Natural Language Processing (NLP),Intelligent Business Process Management Suites (iBPMS),Artificial Intelligence,RPA,DigitalOps,User Experience,,,,,,,,,AI/ Ml Engineer in Hyperautomation
Database,Process Design,RPA,C,Python,Javascript,VB Script,Artificial Intelligence,Web Development,ASP.NET,Java,Machine Learning,Analytics,Project Management Skills,Troubleshooting,RPA Developer
C,RPA,Python,Process Design,Database,Web Development,Artificial Intelligence,ASP.NET,VB Script,Javascript,Project Management Skills,Analytics,Troubleshooting,Machine Learning,Java,RPA Developer
RPA,Database,Process Design,C,Python,Artificial Intelligence,Javascript,VB Script,Web Development,ASP.NET,Analytics,Java,Machine Learning,Project Management Skills,Troubleshooting,RPA Developer
C,Process Design,Python,Database,RPA,Web Development,VB Script,ASP.NET,Javascript,Artificial Intelligence,Project Management Skills,Machine Learning,Troubleshooting,Java,Analytics,RPA Developer
Artificial Intelligence,Intelligent Business Process Management Suites (iBPMS),Data Science,Machine Learning,RPA,,,,,,,,,,,Hyperautomation Architect
Database,RPA,Process Design,C,Python,Javascript,Artificial Intelligence,VB Script,Web Development,ASP.NET,Java,Analytics,Machine Learning,Project Management Skills,Troubleshooting,RPA Developer
Artificial Intelligence,Machine Learning,Intelligent Business Process Management Suites (iBPMS),RPA,Natural Language Processing (NLP),User Experience ,Digital Ops,,,,,,,,,AI/ Ml Engineer in Hyperautomation
Process Design,C,RPA,Database,Python,VB Script,Web Development,Artificial Intelligence,Javascript,ASP.NET,Machine Learning,Project Management Skills,Analytics,Java,Troubleshooting,RPA Developer
Artificial Intelligence,Natural Language Processing (NLP),RPA,Machine Learning,Intelligent Business Process Management Suites (iBPMS),DigitalOps,User Experience,,,,,,,,,AI/ Ml Engineer in Hyperautomation
Python,Process Design,RPA,C,Database,ASP.NET,VB Script,Artificial Intelligence,Web Development,Javascript,Troubleshooting,Machine Learning,Analytics,Project Management Skills,Java,RPA Developer
Machine Learning,Data Science,Artificial Intelligence,RPA,Intelligent Business Process Management Suites (iBPMS),,,,,,,,,,,Hyperautomation Architect
Data Science,RPA,Machine Learning,Intelligent Business Process Management Suites (iBPMS),Artificial Intelligence,,,,,,,,,,,Hyperautomation Architect
Intelligent Business Process Management Suites (iBPMS),RPA,Machine Learning,Natural Language Processing (NLP),Artificial Intelligence,User Experience ,Digital Ops,,,,,,,,,AI/ Ml Engineer in Hyperautomation
Artificial Intelligence,Machine Learning,Natural Language Processing (NLP),Intelligent Business Process Management Suites (iBPMS),RPA,User Experience ,Digital Ops,,,,,,,,,AI/ Ml Engineer in Hyperautomation
RPA,Process Design,Python,Database,C,Artificial Intelligence,VB Script,ASP.NET,Javascript,Web Development,Analytics,Machine Learning,Troubleshooting,Java,Project Management Skills,RPA Developer
RPA,Natural Language Processing (NLP),Machine Learning,Intelligent Business Process Management Suites (iBPMS),Artificial Intelligence,User Experience ,Digital Ops,,,,,,,,,AI/ Ml Engineer in Hyperautomation
RPA,Machine Learning,Data Science,Artificial Intelligence,Intelligent Business Process Management Suites (iBPMS),,,,,,,,,,,Hyperautomation Architect
RPA,Artificial Intelligence,Machine Learning,Intelligent Business Process Management Suites (iBPMS),Data Science,,,,,,,,,,,Hyperautomation Architect
RPA,Database,C,Process Design,Python,Artificial Intelligence,Javascript,Web Development,VB Script,ASP.NET,Analytics,Java,Project Management Skills,Machine Learning,Troubleshooting,RPA Developer
Database,Python,RPA,C,Process Design,Javascript,ASP.NET,Artificial Intelligence,Web Development,VB Script,Java,Troubleshooting,Analytics,Project Management Skills,Machine Learning,RPA Developer
Intelligent Business Process Management Suites (iBPMS),Machine Learning,Artificial Intelligence,Data Science,RPA,,,,,,,,,,,Hyperautomation Architect
C,Database,Python,RPA,Process Design,Web Development,Javascript,ASP.NET,Artificial Intelligence,VB Script,Project Management Skills,Java,Troubleshooting,Analytics,Machine Learning,RPA Developer
Database,Python,RPA,Process Design,C,Javascript,ASP.NET,Artificial Intelligence,VB Script,Web Development,Java,Troubleshooting,Analytics,Machine Learning,Project Management Skills,RPA Developer
Natural Language Processing (NLP),RPA,Machine Learning,Intelligent Business Process Management Suites (iBPMS),Artificial Intelligence,DigitalOps,User Experience,,,,,,,,,AI/ Ml Engineer in Hyperautomation
Database,C,RPA,Python,Process Design,Javascript,Web Development,Artificial Intelligence,ASP.NET,VB Script,Java,Project Management Skills,Analytics,Troubleshooting,Machine Learning,RPA Developer
Natural Language Processing (NLP),Machine Learning,Artificial Intelligence,RPA,Intelligent Business Process Management Suites (iBPMS),User Experience ,Digital Ops,,,,,,,,,AI/ Ml Engineer in Hyperautomation
Intelligent Business Process Management Suites (iBPMS),Artificial Intelligence,RPA,Machine Learning,Data Science,,,,,,,,,,,Hyperautomation Architect
Intelligent Business Process Management Suites (iBPMS),RPA,Data Science,Artificial Intelligence,Machine Learning,,,,,,,,,,,Hyperautomation Architect
Artificial Intelligence,RPA,Machine Learning,Natural Language Processing (NLP),Intelligent Business Process Management Suites (iBPMS),DigitalOps,User Experience,,,,,,,,,AI/ Ml Engineer in Hyperautomation
Machine Learning,Artificial Intelligence,Natural Language Processing (NLP),Intelligent Business Process Management Suites (iBPMS),RPA,DigitalOps,User Experience,,,,,,,,,AI/ Ml Engineer in Hyperautomation
Artificial Intelligence,Natural Language Processing (NLP),Intelligent Business Process Management Suites (iBPMS),Machine Learning,RPA,User Experience ,Digital Ops,,,,,,,,,AI/ Ml Engineer in Hyperautomation
Machine Learning,RPA,Intelligent Business Process Management Suites (iBPMS),Data Science,Artificial Intelligence,,,,,,,,,,,Hyperautomation Architect
RPA,C,Python,Process Design,Database,Artificial Intelligence,Web Development,ASP.NET,VB Script,Javascript,Analytics,Project Management Skills,Troubleshooting,Machine Learning,Java,RPA Developer
Data Science,Machine Learning,Artificial Intelligence,Intelligent Business Process Management Suites (iBPMS),RPA,,,,,,,,,,,Hyperautomation Architect
RPA,Natural Language Processing (NLP),Artificial Intelligence,Machine Learning,Intelligent Business Process Management Suites (iBPMS),User Experience ,Digital Ops,,,,,,,,,AI/ Ml Engineer in Hyperautomation
RPA,Intelligent Business Process Management Suites (iBPMS),Artificial Intelligence,Natural Language Processing (NLP),Machine Learning,User Experience ,Digital Ops,,,,,,,,,AI/ Ml Engineer in Hyperautomation
Intelligent Business Process Management Suites (iBPMS),RPA,Natural Language Processing (NLP),Machine Learning,Artificial Intelligence,DigitalOps,User Experience,,,,,,,,,AI/ Ml Engineer in Hyperautomation
RPA,Intelligent Business Process Management Suites (iBPMS),Artificial Intelligence,Data Science,Machine Learning,,,,,,,,,,,Hyperautomation Architect
Natural Language Processing (NLP),Artificial Intelligence,Intelligent Business Process Management Suites (iBPMS),RPA,Machine Learning,User Experience ,Digital Ops,,,,,,,,,AI/ Ml Engineer in Hyperautomation
Data Science,Artificial Intelligence,RPA,Machine Learning,Intelligent Business Process Management Suites (iBPMS),,,,,,,,,,,Hyperautomation Architect
Artificial Intelligence,Natural Language Processing (NLP),Machine Learning,Intelligent Business Process Management Suites (iBPMS),RPA,DigitalOps,User Experience,,,,,,,,,AI/ Ml Engineer in Hyperautomation
Artificial Intelligence,Intelligent Business Process Management Suites (iBPMS),Data Science,RPA,Machine Learning,,,,,,,,,,,Hyperautomation Architect
Python,Process Design,Database,C,RPA,ASP.NET,VB Script,Javascript,Web Development,Artificial Intelligence,Troubleshooting,Machine Learning,Java,Project Management Skills,Analytics,RPA Developer
Process Design,Database,RPA,Python,C,VB Script,Javascript,Artificial Intelligence,ASP.NET,Web Development,Machine Learning,Java,Analytics,Troubleshooting,Project Management Skills,RPA Developer
RPA,Python,C,Database,Process Design,Artificial Intelligence,ASP.NET,Web Development,Javascript,VB Script,Analytics,Troubleshooting,Project Management Skills,Java,Machine Learning,RPA Developer
Intelligent Business Process Management Suites (iBPMS),Natural Language Processing (NLP),Machine Learning,RPA,Artificial Intelligence,DigitalOps,User Experience,,,,,,,,,AI/ Ml Engineer in Hyperautomation
Data Science,Artificial Intelligence,RPA,Intelligent Business Process Management Suites (iBPMS),Machine Learning,,,,,,,,,,,Hyperautomation Architect
C,Database,Process Design,RPA,Python,Web Development,Javascript,VB Script,Artificial Intelligence,ASP.NET,Project Management Skills,Java,Machine Learning,Analytics,Troubleshooting,RPA Developer
Artificial Intelligence,Data Science,Intelligent Business Process Management Suites (iBPMS),RPA,Machine Learning,,,,,,,,,,,Hyperautomation Architect
Natural Language Processing (NLP),Intelligent Business Process Management Suites (iBPMS),Artificial Intelligence,RPA,Machine Learning,DigitalOps,User Experience,,,,,,,,,AI/ Ml Engineer in Hyperautomation
Machine Learning,Natural Language Processing (NLP),Intelligent Business Process Management Suites (iBPMS),RPA,Artificial Intelligence,User Experience ,Digital Ops,,,,,,,,,AI/ Ml Engineer in Hyperautomation
Intelligent Business Process Management Suites (iBPMS),Artificial Intelligence,Natural Language Processing (NLP),RPA,Machine Learning,DigitalOps,User Experience,,,,,,,,,AI/ Ml Engineer in Hyperautomation
Process Design,Python,C,RPA,Database,VB Script,ASP.NET,Web Development,Artificial Intelligence,Javascript,Machine Learning,Troubleshooting,Project Management Skills,Analytics,Java,RPA Developer
Database,C,Python,Process Design,RPA,Javascript,Web Development,ASP.NET,VB Script,Artificial Intelligence,Java,Project Management Skills,Troubleshooting,Machine Learning,Analytics,RPA Developer
Machine Learning,Artificial Intelligence,RPA,Intelligent Business Process Management Suites (iBPMS),Data Science,,,,,,,,,,,Hyperautomation Architect
Artificial Intelligence,RPA,Machine Learning,Intelligent Business Process Management Suites (iBPMS),Data Science,,,,,,,,,,,Hyperautomation Architect
Intelligent Business Process Management Suites (iBPMS),RPA,Data Science,Machine Learning,Artificial Intelligence,,,,,,,,,,,Hyperautomation Architect
Intelligent Business Process Management Suites (iBPMS),RPA,Machine Learning,Artificial Intelligence,Natural Language Processing (NLP),DigitalOps,User Experience,,,,,,,,,AI/ Ml Engineer in Hyperautomation
Intelligent Business Process Management Suites (iBPMS),Artificial Intelligence,Natural Language Processing (NLP),Machine Learning,RPA,User Experience ,Digital Ops,,,,,,,,,AI/ Ml Engineer in Hyperautomation
Artificial Intelligence,Data Science,Machine Learning,Intelligent Business Process Management Suites (iBPMS),RPA,,,,,,,,,,,Hyperautomation Architect
Artificial Intelligence,Intelligent Business Process Management Suites (iBPMS),Machine Learning,Natural Language Processing (NLP),RPA,User Experience ,Digital Ops,,,,,,,,,AI/ Ml Engineer in Hyperautomation
Intelligent Business Process Management Suites (iBPMS),Artificial Intelligence,Data Science,Machine Learning,RPA,,,,,,,,,,,Hyperautomation Architect
Intelligent Business Process Management Suites (iBPMS),RPA,Artificial Intelligence,Data Science,Machine Learning,,,,,,,,,,,Hyperautomation Architect
Database,Process Design,Python,RPA,C,Javascript,VB Script,ASP.NET,Artificial Intelligence,Web Development,Java,Machine Learning,Troubleshooting,Analytics,Project Management Skills,RPA Developer
RPA,Natural Language Processing (NLP),Machine Learning,Artificial Intelligence,Intelligent Business Process Management Suites (iBPMS),DigitalOps,User Experience,,,,,,,,,AI/ Ml Engineer in Hyperautomation
Intelligent Business Process Management Suites (iBPMS),RPA,Natural Language Processing (NLP),Artificial Intelligence,Machine Learning,User Experience ,Digital Ops,,,,,,,,,AI/ Ml Engineer in Hyperautomation
Intelligent Business Process Management Suites (iBPMS),Natural Language Processing (NLP),RPA,Artificial Intelligence,Machine Learning,DigitalOps,User Experience,,,,,,,,,AI/ Ml Engineer in Hyperautomation
Data Science,RPA,Machine Learning,Artificial Intelligence,Intelligent Business Process Management Suites (iBPMS),,,,,,,,,,,Hyperautomation Architect
Data Science,Intelligent Business Process Management Suites (iBPMS),Artificial Intelligence,RPA,Machine Learning,,,,,,,,,,,Hyperautomation Architect
RPA,Python,Process Design,Database,C,Artificial Intelligence,ASP.NET,VB Script,Javascript,Web Development,Analytics,Troubleshooting,Machine Learning,Java,Project Management Skills,RPA Developer
Intelligent Business Process Management Suites (iBPMS),Machine Learning,RPA,Artificial Intelligence,Data Science,,,,,,,,,,,Hyperautomation Architect
Artificial Intelligence,Machine Learning,RPA,Data Science,Intelligent Business Process Management Suites (iBPMS),,,,,,,,,,,Hyperautomation Architect
Artificial Intelligence,Machine Learning,Data Science,Intelligent Business Process Management Suites (iBPMS),RPA,,,,,,,,,,,Hyperautomation Architect
Natural Language Processing (NLP),Intelligent Business Process Management Suites (iBPMS),Artificial Intelligence,Machine Learning,RPA,User Experience ,Digital Ops,,,,,,,,,AI/ Ml Engineer in Hyperautomation
Python,C,Process Design,RPA,Database,ASP.NET,Web Development,VB Script,Artificial Intelligence,Javascript,Troubleshooting,Project Management Skills,Machine Learning,Analytics,Java,RPA Developer
Intelligent Business Process Management Suites (iBPMS),Machine Learning,Artificial Intelligence,RPA,Natural Language Processing (NLP),DigitalOps,User Experience,,,,,,,,,AI/ Ml Engineer in Hyperautomation
Artificial Intelligence,Machine Learning,RPA,Intelligent Business Process Management Suites (iBPMS),Data Science,,,,,,,,,,,Hyperautomation Architect
C,Python,RPA,Process Design,Database,Web Development,ASP.NET,Artificial Intelligence,VB Script,Javascript,Project Management Skills,Troubleshooting,Analytics,Machine Learning,Java,RPA Developer
Python,Process Design,Database,RPA,C,ASP.NET,VB Script,Javascript,Artificial Intelligence,Web Development,Troubleshooting,Machine Learning,Java,Analytics,Project Management Skills,RPA Developer
Machine Learning,Intelligent Business Process Management Suites (iBPMS),Data Science,Artificial Intelligence,RPA,,,,,,,,,,,Hyperautomation Architect
Machine Learning,Natural Language Processing (NLP),RPA,Intelligent Business Process Management Suites (iBPMS),Artificial Intelligence,DigitalOps,User Experience,,,,,,,,,AI/ Ml Engineer in Hyperautomation
Artificial Intelligence,Intelligent Business Process Management Suites (iBPMS),Natural Language Processing (NLP),RPA,Machine Learning,User Experience ,Digital Ops,,,,,,,,,AI/ Ml Engineer in Hyperautomation
Natural Language Processing (NLP),RPA,Intelligent Business Process Management Suites (iBPMS),Machine Learning,Artificial Intelligence,User Experience ,Digital Ops,,,,,,,,,AI/ Ml Engineer in Hyperautomation
RPA,C,Process Design,Database,Python,Artificial Intelligence,Web Development,VB Script,Javascript,ASP.NET,Analytics,Project Management Skills,Machine Learning,Java,Troubleshooting,RPA Developer
RPA,Artificial Intelligence,Machine Learning,Natural Language Processing (NLP),Intelligent Business Process Management Suites (iBPMS),User Experience ,Digital Ops,,,,,,,,,AI/ Ml Engineer in Hyperautomation
RPA,Machine Learning,Intelligent Business Process Management Suites (iBPMS),Data Science,Artificial Intelligence,,,,,,,,,,,Hyperautomation Architect
C,Process Design,RPA,Python,Database,Web Development,VB Script,Artificial Intelligence,ASP.NET,Javascript,Project Management Skills,Machine Learning,Analytics,Troubleshooting,Java,RPA Developer
Machine Learning,Artificial Intelligence,Intelligent Business Process Management Suites (iBPMS),Data Science,RPA,,,,,,,,,,,Hyperautomation Architect
Intelligent Business Process Management Suites (iBPMS),Natural Language Processing (NLP),Machine Learning,Artificial Intelligence,RPA,User Experience ,Digital Ops,,,,,,,,,AI/ Ml Engineer in Hyperautomation
RPA,Python,Database,C,Process Design,Artificial Intelligence,ASP.NET,Javascript,Web Development,VB Script,Analytics,Troubleshooting,Java,Project Management Skills,Machine Learning,RPA Developer
Database,Python,C,RPA,Process Design,Javascript,ASP.NET,Web Development,Artificial Intelligence,VB Script,Java,Troubleshooting,Project Management Skills,Analytics,Machine Learning,RPA Developer
Artificial Intelligence,Natural Language Processing (NLP),Machine Learning,RPA,Intelligent Business Process Management Suites (iBPMS),User Experience ,Digital Ops,,,,,,,,,AI/ Ml Engineer in Hyperautomation
Machine Learning,Artificial Intelligence,Natural Language Processing (NLP),RPA,Intelligent Business Process Management Suites (iBPMS),User Experience ,Digital Ops,,,,,,,,,AI/ Ml Engineer in Hyperautomation
RPA,Artificial Intelligence,Natural Language Processing (NLP),Intelligent Business Process Management Suites (iBPMS),Machine Learning,User Experience ,Digital Ops,,,,,,,,,AI/ Ml Engineer in Hyperautomation
Intelligent Business Process Management Suites (iBPMS),Artificial Intelligence,Machine Learning,RPA,Data Science,,,,,,,,,,,Hyperautomation Architect
Natural Language Processing (NLP),Artificial Intelligence,RPA,Intelligent Business Process Management Suites (iBPMS),Machine Learning,DigitalOps,User Experience,,,,,,,,,AI/ Ml Engineer in Hyperautomation
Python,Database,RPA,C,Process Design,ASP.NET,Javascript,Artificial Intelligence,Web Development,VB Script,Troubleshooting,Java,Analytics,Project Management Skills,Machine Learning,RPA Developer
Data Science,Artificial Intelligence,Machine Learning,RPA,Intelligent Business Process Management Suites (iBPMS),,,,,,,,,,,Hyperautomation Architect
Artificial Intelligence,Machine Learning,Intelligent Business Process Management Suites (iBPMS),Natural Language Processing (NLP),RPA,DigitalOps,User Experience,,,,,,,,,AI/ Ml Engineer in Hyperautomation
Artificial Intelligence,Machine Learning,RPA,Intelligent Business Process Management Suites (iBPMS),Natural Language Processing (NLP),DigitalOps,User Experience,,,,,,,,,AI/ Ml Engineer in Hyperautomation
Artificial Intelligence,RPA,Natural Language Processing (NLP),Intelligent Business Process Management Suites (iBPMS),Machine Learning,DigitalOps,User Experience,,,,,,,,,AI/ Ml Engineer in Hyperautomation
Machine Learning,Intelligent Business Process Management Suites (iBPMS),RPA,Natural Language Processing (NLP),Artificial Intelligence,User Experience ,Digital Ops,,,,,,,,,AI/ Ml Engineer in Hyperautomation
Artificial Intelligence,Intelligent Business Process Management Suites (iBPMS),RPA,Data Science,Machine Learning,,,,,,,,,,,Hyperautomation Architect
Machine Learning,Intelligent Business Process Management Suites (iBPMS),Artificial Intelligence,RPA,Data Science,,,,,,,,,,,Hyperautomation Architect
Process Design,RPA,Python,C,Database,VB Script,Artificial Intelligence,ASP.NET,Web Development,Javascript,Machine Learning,Analytics,Troubleshooting,Project Management Skills,Java,RPA Developer
Artificial Intelligence,Machine Learning,Intelligent Business Process Management Suites (iBPMS),Data Science,RPA,,,,,,,,,,,Hyperautomation Architect
RPA,Machine Learning,Artificial Intelligence,Natural Language Processing (NLP),Intelligent Business Process Management Suites (iBPMS),DigitalOps,User Experience,,,,,,,,,AI/ Ml Engineer in Hyperautomation
Machine Learning,Intelligent Business Process Management Suites (iBPMS),Data Science,RPA,Artificial Intelligence,,,,,,,,,,,Hyperautomation Architect
C,Python,Database,RPA,Process Design,Web Development,ASP.NET,Javascript,Artificial Intelligence,VB Script,Project Management Skills,Troubleshooting,Java,Analytics,Machine Learning,RPA Developer
Artificial Intelligence,Data Science,Intelligent Business Process Management Suites (iBPMS),Machine Learning,RPA,,,,,,,,,,,Hyperautomation Architect
Artificial Intelligence,Intelligent Business Process Management Suites (iBPMS),RPA,Natural Language Processing (NLP),Machine Learning,DigitalOps,User Experience,,,,,,,,,AI/ Ml Engineer in Hyperautomation
Python,Database,RPA,Process Design,C,ASP.NET,Javascript,Artificial Intelligence,VB Script,Web Development,Troubleshooting,Java,Analytics,Machine Learning,Project Management Skills,RPA Developer
Process Design,Database,C,RPA,Python,VB Script,Javascript,Web Development,Artificial Intelligence,ASP.NET,Machine Learning,Java,Project Management Skills,Analytics,Troubleshooting,RPA Developer
RPA,Machine Learning,Intelligent Business Process Management Suites (iBPMS),Artificial Intelligence,Data Science,,,,,,,,,,,Hyperautomation Architect
RPA,C,Database,Process Design,Python,Artificial Intelligence,Web Development,Javascript,VB Script,ASP.NET,Analytics,Project Management Skills,Java,Machine Learning,Troubleshooting,RPA Developer
RPA,Artificial Intelligence,Machine Learning,Intelligent Business Process Management Suites (iBPMS),Natural Language Processing (NLP),DigitalOps,User Experience,,,,,,,,,AI/ Ml Engineer in Hyperautomation
Artificial Intelligence,Intelligent Business Process Management Suites (iBPMS),Natural Language Processing (NLP),Machine Learning,RPA,DigitalOps,User Experience,,,,,,,,,AI/ Ml Engineer in Hyperautomation
RPA,Natural Language Processing (NLP),Intelligent Business Process Management Suites (iBPMS),Machine Learning,Artificial Intelligence,DigitalOps,User Experience,,,,,,,,,AI/ Ml Engineer in Hyperautomation
Natural Language Processing (NLP),Intelligent Business Process Management Suites (iBPMS),Machine Learning,Artificial Intelligence,RPA,DigitalOps,User Experience,,,,,,,,,AI/ Ml Engineer in Hyperautomation
Data Science,RPA,Intelligent Business Process Management Suites (iBPMS),Artificial Intelligence,Machine Learning,,,,,,,,,,,Hyperautomation Architect
C,Python,Process Design,RPA,Database,Web Development,ASP.NET,VB Script,Artificial Intelligence,Javascript,Project Management Skills,Troubleshooting,Machine Learning,Analytics,Java,RPA Developer
C,RPA,Database,Python,Process Design,Web Development,Artificial Intelligence,Javascript,ASP.NET,VB Script,Project Management Skills,Analytics,Java,Troubleshooting,Machine Learning,RPA Developer
Natural Language Processing (NLP),Machine Learning,Artificial Intelligence,Intelligent Business Process Management Suites (iBPMS),RPA,DigitalOps,User Experience,,,,,,,,,AI/ Ml Engineer in Hyperautomation
Artificial Intelligence,Intelligent Business Process Management Suites (iBPMS),Machine Learning,RPA,Natural Language Processing (NLP),DigitalOps,User Experience,,,,,,,,,AI/ Ml Engineer in Hyperautomation
Intelligent Business Process Management Suites (iBPMS),Data Science,Machine Learning,Artificial Intelligence,RPA,,,,,,,,,,,Hyperautomation Architect
RPA,Natural Language Processing (NLP),Intelligent Business Process Management Suites (iBPMS),Artificial Intelligence,Machine Learning,User Experience ,Digital Ops,,,,,,,,,AI/ Ml Engineer in Hyperautomation
Artificial Intelligence,Data Science,RPA,Intelligent Business Process Management Suites (iBPMS),Machine Learning,,,,,,,,,,,Hyperautomation Architect
Machine Learning,Data Science,RPA,Intelligent Business Process Management Suites (iBPMS),Artificial Intelligence,,,,,,,,,,,Hyperautomation Architect
RPA,Process Design,Python,C,Database,Artificial Intelligence,VB Script,ASP.NET,Web Development,Javascript,Analytics,Machine Learning,Troubleshooting,Project Management Skills,Java,RPA Developer
Machine Learning,RPA,Intelligent Business Process Management Suites (iBPMS),Artificial Intelligence,Data Science,,,,,,,,,,,Hyperautomation Architect
RPA,Intelligent Business Process Management Suites (iBPMS),Machine Learning,Natural Language Processing (NLP),Artificial Intelligence,DigitalOps,User Experience,,,,,,,,,AI/ Ml Engineer in Hyperautomation
Machine Learning,Intelligent Business Process Management Suites (iBPMS),Artificial Intelligence,Natural Language Processing (NLP),RPA,DigitalOps,User Experience,,,,,,,,,AI/ Ml Engineer in Hyperautomation
Intelligent Business Process Management Suites (iBPMS),Machine Learning,Data Science,Artificial Intelligence,RPA,,,,,,,,,,,Hyperautomation Architect
Natural Language Processing (NLP),Intelligent Business Process Management Suites (iBPMS),Machine Learning,RPA,Artificial Intelligence,User Experience ,Digital Ops,,,,,,,,,AI/ Ml Engineer in Hyperautomation
RPA,Python,C,Process Design,Database,Artificial Intelligence,ASP.NET,Web Development,VB Script,Javascript,Analytics,Troubleshooting,Project Management Skills,Machine Learning,Java,RPA Developer
Database,Process Design,C,Python,RPA,Javascript,VB Script,Web Development,ASP.NET,Artificial Intelligence,Java,Machine Learning,Project Management Skills,Troubleshooting,Analytics,RPA Developer
RPA,Data Science,Artificial Intelligence,Intelligent Business Process Management Suites (iBPMS),Machine Learning,,,,,,,,,,,Hyperautomation Architect
Python,RPA,Database,Process Design,C,ASP.NET,Artificial Intelligence,Javascript,VB Script,Web Development,Troubleshooting,Analytics,Java,Machine Learning,Project Management Skills,RPA Developer
RPA,Database,C,Python,Process Design,Artificial Intelligence,Javascript,Web Development,ASP.NET,VB Script,Analytics,Java,Project Management Skills,Troubleshooting,Machine Learning,RPA Developer
Machine Learning,Intelligent Business Process Management Suites (iBPMS),Artificial Intelligence,Data Science,RPA,,,,,,,,,,,Hyperautomation Architect
Artificial Intelligence,Intelligent Business Process Management Suites (iBPMS),Machine Learning,RPA,Data Science,,,,,,,,,,,Hyperautomation Architect
RPA,Artificial Intelligence,Data Science,Machine Learning,Intelligent Business Process Management Suites (iBPMS),,,,,,,,,,,Hyperautomation Architect
Python,Process Design,C,Database,RPA,ASP.NET,VB Script,Web Development,Javascript,Artificial Intelligence,Troubleshooting,Machine Learning,Project Management Skills,Java,Analytics,RPA Developer
RPA,Machine Learning,Artificial Intelligence,Intelligent Business Process Management Suites (iBPMS),Data Science,,,,,,,,,,,Hyperautomation Architect
Intelligent Business Process Management Suites (iBPMS),Artificial Intelligence,Machine Learning,RPA,Natural Language Processing (NLP),User Experience ,Digital Ops,,,,,,,,,AI/ Ml Engineer in Hyperautomation
Natural Language Processing (NLP),Machine Learning,Intelligent Business Process Management Suites (iBPMS),RPA,Artificial Intelligence,DigitalOps,User Experience,,,,,,,,,AI/ Ml Engineer in Hyperautomation
Machine Learning,Intelligent Business Process Management Suites (iBPMS),RPA,Data Science,Artificial Intelligence,,,,,,,,,,,Hyperautomation Architect
Database,C,RPA,Process Design,Python,Javascript,Web Development,Artificial Intelligence,VB Script,ASP.NET,Java,Project Management Skills,Analytics,Machine Learning,Troubleshooting,RPA Developer
RPA,Process Design,C,Python,Database,Artificial Intelligence,VB Script,Web Development,ASP.NET,Javascript,Analytics,Machine Learning,Project Management Skills,Troubleshooting,Java,RPA Developer
Intelligent Business Process Management Suites (iBPMS),Artificial Intelligence,Machine Learning,Data Science,RPA,,,,,,,,,,,Hyperautomation Architect
Machine Learning,Intelligent Business Process Management Suites (iBPMS),RPA,Artificial Intelligence,Natural Language Processing (NLP),DigitalOps,User Experience,,,,,,,,,AI/ Ml Engineer in Hyperautomation
Machine Learning,Artificial Intelligence,RPA,Intelligent Business Process Management Suites (iBPMS),Natural Language Processing (NLP),User Experience ,Digital Ops,,,,,,,,,AI/ Ml Engineer in Hyperautomation
Database,RPA,C,Python,Process Design,Javascript,Artificial Intelligence,Web Development,ASP.NET,VB Script,Java,Analytics,Project Management Skills,Troubleshooting,Machine Learning,RPA Developer
Artificial Intelligence,Data Science,Machine Learning,RPA,Intelligent Business Process Management Suites (iBPMS),,,,,,,,,,,Hyperautomation Architect
Intelligent Business Process Management Suites (iBPMS),Natural Language Processing (NLP),Artificial Intelligence,Machine Learning,RPA,DigitalOps,User Experience,,,,,,,,,AI/ Ml Engineer in Hyperautomation
Natural Language Processing (NLP),Machine Learning,Intelligent Business Process Management Suites (iBPMS),Artificial Intelligence,RPA,User Experience ,Digital Ops,,,,,,,,,AI/ Ml Engineer in Hyperautomation
Machine Learning,RPA,Data Science,Artificial Intelligence,Intelligent Business Process Management Suites (iBPMS),,,,,,,,,,,Hyperautomation Architect
RPA,Database,Process Design,Python,C,Artificial Intelligence,Javascript,VB Script,ASP.NET,Web Development,Analytics,Java,Machine Learning,Troubleshooting,Project Management Skills,RPA Developer
Database,Python,Process Design,RPA,C,Javascript,ASP.NET,VB Script,Artificial Intelligence,Web Development,Java,Troubleshooting,Machine Learning,Analytics,Project Management Skills,RPA Developer
RPA,C,Python,Database,Process Design,Artificial Intelligence,Web Development,ASP.NET,Javascript,VB Script,Analytics,Project Management Skills,Troubleshooting,Java,Machine Learning,RPA Developer
