Python ,PowerShell,DevOps,Cloud Computing,Cyber Security,Operating systems,,,,,,,,,,Security Analyst
PowerShell,Python ,DevOps,Cloud Computing,Cyber Security,Operating systems,,,,,,,,,,Security Analyst
DevOps,Python ,PowerShell,Cloud Computing,Cyber Security,Operating systems,,,,,,,,,,Security Analyst
Python ,DevOps,PowerShell,Cloud Computing,Cyber Security,Operating systems,,,,,,,,,,Security Analyst
PowerShell,DevOps,Python ,Cloud Computing,Cyber Security,Operating systems,,,,,,,,,,Security Analyst
DevOps,PowerShell,Python ,Cloud Computing,Cyber Security,Operating systems,,,,,,,,,,Security Analyst
DevOps,PowerShell,Cloud Computing,Python ,Cyber Security,Operating systems,,,,,,,,,,Security Analyst
PowerShell,DevOps,Cloud Computing,Python ,Cyber Security,Operating systems,,,,,,,,,,Security Analyst
Cloud Computing,DevOps,PowerShell,Python ,Cyber Security,Operating systems,,,,,,,,,,Security Analyst
DevOps,Cloud Computing,PowerShell,Python ,Cyber Security,Operating systems,,,,,,,,,,Security Analyst
PowerShell,Cloud Computing,DevOps,Python ,Cyber Security,Operating systems,,,,,,,,,,Security Analyst
Cloud Computing,PowerShell,DevOps,Python ,Cyber Security,Operating systems,,,,,,,,,,Security Analyst
Cloud Computing,Python ,DevOps,PowerShell,Cyber Security,Operating systems,,,,,,,,,,Security Analyst
Python ,Cloud Computing,DevOps,PowerShell,Cyber Security,Operating systems,,,,,,,,,,Security Analyst
DevOps,Cloud Computing,Python ,PowerShell,Cyber Security,Operating systems,,,,,,,,,,Security Analyst
Cloud Computing,DevOps,Python ,PowerShell,Cyber Security,Operating systems,,,,,,,,,,Security Analyst
Python ,DevOps,Cloud Computing,PowerShell,Cyber Security,Operating systems,,,,,,,,,,Security Analyst
DevOps,Python ,Cloud Computing,PowerShell,Cyber Security,Operating systems,,,,,,,,,,Security Analyst
PowerShell,Python ,Cloud Computing,DevOps,Cyber Security,Operating systems,,,,,,,,,,Security Analyst
Python ,PowerShell,Cloud Computing,DevOps,Cyber Security,Operating systems,,,,,,,,,,Security Analyst
Cloud Computing,PowerShell,Python ,DevOps,Cyber Security,Operating systems,,,,,,,,,,Security Analyst
PowerShell,Cloud Computing,Python ,DevOps,Cyber Security,Operating systems,,,,,,,,,,Security Analyst
Python ,Cloud Computing,PowerShell,DevOps,Cyber Security,Operating systems,,,,,,,,,,Security Analyst
Cloud Computing,Python ,PowerShell,DevOps,Cyber Security,Operating systems,,,,,,,,,,Security Analyst
Cyber Security,Python ,PowerShell,DevOps,Cloud Computing,Operating systems,,,,,,,,,,Security Analyst
Python ,Cyber Security,PowerShell,DevOps,Cloud Computing,Operating systems,,,,,,,,,,Security Analyst
PowerShell,Cyber Security,Python ,DevOps,Cloud Computing,Operating systems,,,,,,,,,,Security Analyst
Cyber Security,PowerShell,Python ,DevOps,Cloud Computing,Operating systems,,,,,,,,,,Security Analyst
Python ,PowerShell,Cyber Security,DevOps,Cloud Computing,Operating systems,,,,,,,,,,Security Analyst
PowerShell,Python ,Cyber Security,DevOps,Cloud Computing,Operating systems,,,,,,,,,,Security Analyst
PowerShell,Python ,DevOps,Cyber Security,Cloud Computing,Operating systems,,,,,,,,,,Security Analyst
Python ,PowerShell,DevOps,Cyber Security,Cloud Computing,Operating systems,,,,,,,,,,Security Analyst
DevOps,PowerShell,Python ,Cyber Security,Cloud Computing,Operating systems,,,,,,,,,,Security Analyst
PowerShell,DevOps,Python ,Cyber Security,Cloud Computing,Operating systems,,,,,,,,,,Security Analyst
Python ,DevOps,PowerShell,Cyber Security,Cloud Computing,Operating systems,,,,,,,,,,Security Analyst
DevOps,Python ,PowerShell,Cyber Security,Cloud Computing,Operating systems,,,,,,,,,,Security Analyst
DevOps,Cyber Security,PowerShell,Python ,Cloud Computing,Operating systems,,,,,,,,,,Security Analyst
Cyber Security,DevOps,PowerShell,Python ,Cloud Computing,Operating systems,,,,,,,,,,Security Analyst
PowerShell,DevOps,Cyber Security,Python ,Cloud Computing,Operating systems,,,,,,,,,,Security Analyst
DevOps,PowerShell,Cyber Security,Python ,Cloud Computing,Operating systems,,,,,,,,,,Security Analyst
Cyber Security,PowerShell,DevOps,Python ,Cloud Computing,Operating systems,,,,,,,,,,Security Analyst
PowerShell,Cyber Security,DevOps,Python ,Cloud Computing,Operating systems,,,,,,,,,,Security Analyst
Python ,Cyber Security,DevOps,PowerShell,Cloud Computing,Operating systems,,,,,,,,,,Security Analyst
Cyber Security,Python ,DevOps,PowerShell,Cloud Computing,Operating systems,,,,,,,,,,Security Analyst
DevOps,Python ,Cyber Security,PowerShell,Cloud Computing,Operating systems,,,,,,,,,,Security Analyst
Python ,DevOps,Cyber Security,PowerShell,Cloud Computing,Operating systems,,,,,,,,,,Security Analyst
Cyber Security,DevOps,Python ,PowerShell,Cloud Computing,Operating systems,,,,,,,,,,Security Analyst
DevOps,Cyber Security,Python ,PowerShell,Cloud Computing,Operating systems,,,,,,,,,,Security Analyst
Cloud Computing,Cyber Security,Python ,PowerShell,DevOps,Operating systems,,,,,,,,,,Security Analyst
Cyber Security,Cloud Computing,Python ,PowerShell,DevOps,Operating systems,,,,,,,,,,Security Analyst
Python ,Cloud Computing,Cyber Security,PowerShell,DevOps,Operating systems,,,,,,,,,,Security Analyst
Cloud Computing,Python ,Cyber Security,PowerShell,DevOps,Operating systems,,,,,,,,,,Security Analyst
Cyber Security,Python ,Cloud Computing,PowerShell,DevOps,Operating systems,,,,,,,,,,Security Analyst
Python ,Cyber Security,Cloud Computing,PowerShell,DevOps,Operating systems,,,,,,,,,,Security Analyst
Python ,Cyber Security,PowerShell,Cloud Computing,DevOps,Operating systems,,,,,,,,,,Security Analyst
Cyber Security,Python ,PowerShell,Cloud Computing,DevOps,Operating systems,,,,,,,,,,Security Analyst
PowerShell,Python ,Cyber Security,Cloud Computing,DevOps,Operating systems,,,,,,,,,,Security Analyst
Python ,PowerShell,Cyber Security,Cloud Computing,DevOps,Operating systems,,,,,,,,,,Security Analyst
Cyber Security,PowerShell,Python ,Cloud Computing,DevOps,Operating systems,,,,,,,,,,Security Analyst
PowerShell,Cyber Security,Python ,Cloud Computing,DevOps,Operating systems,,,,,,,,,,Security Analyst
PowerShell,Cloud Computing,Python ,Cyber Security,DevOps,Operating systems,,,,,,,,,,Security Analyst
Cloud Computing,PowerShell,Python ,Cyber Security,DevOps,Operating systems,,,,,,,,,,Security Analyst
Python ,PowerShell,Cloud Computing,Cyber Security,DevOps,Operating systems,,,,,,,,,,Security Analyst
PowerShell,Python ,Cloud Computing,Cyber Security,DevOps,Operating systems,,,,,,,,,,Security Analyst
Cloud Computing,Python ,PowerShell,Cyber Security,DevOps,Operating systems,,,,,,,,,,Security Analyst
Python ,Cloud Computing,PowerShell,Cyber Security,DevOps,Operating systems,,,,,,,,,,Security Analyst
Cyber Security,Cloud Computing,PowerShell,Python ,DevOps,Operating systems,,,,,,,,,,Security Analyst
Cloud Computing,Cyber Security,PowerShell,Python ,DevOps,Operating systems,,,,,,,,,,Security Analyst
PowerShell,Cyber Security,Cloud Computing,Python ,DevOps,Operating systems,,,,,,,,,,Security Analyst
Cyber Security,PowerShell,Cloud Computing,Python ,DevOps,Operating systems,,,,,,,,,,Security Analyst
Cloud Computing,PowerShell,Cyber Security,Python ,DevOps,Operating systems,,,,,,,,,,Security Analyst
PowerShell,Cloud Computing,Cyber Security,Python ,DevOps,Operating systems,,,,,,,,,,Security Analyst
DevOps,Cloud Computing,Cyber Security,Python ,PowerShell,Operating systems,,,,,,,,,,Security Analyst
Cloud Computing,DevOps,Cyber Security,Python ,PowerShell,Operating systems,,,,,,,,,,Security Analyst
Cyber Security,DevOps,Cloud Computing,Python ,PowerShell,Operating systems,,,,,,,,,,Security Analyst
DevOps,Cyber Security,Cloud Computing,Python ,PowerShell,Operating systems,,,,,,,,,,Security Analyst
Cloud Computing,Cyber Security,DevOps,Python ,PowerShell,Operating systems,,,,,,,,,,Security Analyst
Cyber Security,Cloud Computing,DevOps,Python ,PowerShell,Operating systems,,,,,,,,,,Security Analyst
Cyber Security,Cloud Computing,Python ,DevOps,PowerShell,Operating systems,,,,,,,,,,Security Analyst
Cloud Computing,Cyber Security,Python ,DevOps,PowerShell,Operating systems,,,,,,,,,,Security Analyst
Python ,Cyber Security,Cloud Computing,DevOps,PowerShell,Operating systems,,,,,,,,,,Security Analyst
Cyber Security,Python ,Cloud Computing,DevOps,PowerShell,Operating systems,,,,,,,,,,Security Analyst
Cloud Computing,Python ,Cyber Security,DevOps,PowerShell,Operating systems,,,,,,,,,,Security Analyst
Python ,Cloud Computing,Cyber Security,DevOps,PowerShell,Operating systems,,,,,,,,,,Security Analyst
Python ,DevOps,Cyber Security,Cloud Computing,PowerShell,Operating systems,,,,,,,,,,Security Analyst
DevOps,Python ,Cyber Security,Cloud Computing,PowerShell,Operating systems,,,,,,,,,,Security Analyst
Cyber Security,Python ,DevOps,Cloud Computing,PowerShell,Operating systems,,,,,,,,,,Security Analyst
Python ,Cyber Security,DevOps,Cloud Computing,PowerShell,Operating systems,,,,,,,,,,Security Analyst
DevOps,Cyber Security,Python ,Cloud Computing,PowerShell,Operating systems,,,,,,,,,,Security Analyst
Cyber Security,DevOps,Python ,Cloud Computing,PowerShell,Operating systems,,,,,,,,,,Security Analyst
Cloud Computing,DevOps,Python ,Cyber Security,PowerShell,Operating systems,,,,,,,,,,Security Analyst
DevOps,Cloud Computing,Python ,Cyber Security,PowerShell,Operating systems,,,,,,,,,,Security Analyst
Python ,Cloud Computing,DevOps,Cyber Security,PowerShell,Operating systems,,,,,,,,,,Security Analyst
Cloud Computing,Python ,DevOps,Cyber Security,PowerShell,Operating systems,,,,,,,,,,Security Analyst
DevOps,Python ,Cloud Computing,Cyber Security,PowerShell,Operating systems,,,,,,,,,,Security Analyst
Python ,DevOps,Cloud Computing,Cyber Security,PowerShell,Operating systems,,,,,,,,,,Security Analyst
PowerShell,DevOps,Cloud Computing,Cyber Security,Python ,Operating systems,,,,,,,,,,Security Analyst
DevOps,PowerShell,Cloud Computing,Cyber Security,Python ,Operating systems,,,,,,,,,,Security Analyst
Cloud Computing,PowerShell,DevOps,Cyber Security,Python ,Operating systems,,,,,,,,,,Security Analyst
PowerShell,Cloud Computing,DevOps,Cyber Security,Python ,Operating systems,,,,,,,,,,Security Analyst
DevOps,Cloud Computing,PowerShell,Cyber Security,Python ,Operating systems,,,,,,,,,,Security Analyst
Cloud Computing,DevOps,PowerShell,Cyber Security,Python ,Operating systems,,,,,,,,,,Security Analyst
Cloud Computing,DevOps,Cyber Security,PowerShell,Python ,Operating systems,,,,,,,,,,Security Analyst
DevOps,Cloud Computing,Cyber Security,PowerShell,Python ,Operating systems,,,,,,,,,,Security Analyst
Cyber Security,Cloud Computing,DevOps,PowerShell,Python ,Operating systems,,,,,,,,,,Security Analyst
Cloud Computing,Cyber Security,DevOps,PowerShell,Python ,Operating systems,,,,,,,,,,Security Analyst
DevOps,Cyber Security,Cloud Computing,PowerShell,Python ,Operating systems,,,,,,,,,,Security Analyst
Cyber Security,DevOps,Cloud Computing,PowerShell,Python ,Operating systems,,,,,,,,,,Security Analyst
Cyber Security,PowerShell,Cloud Computing,DevOps,Python ,Operating systems,,,,,,,,,,Security Analyst
PowerShell,Cyber Security,Cloud Computing,DevOps,Python ,Operating systems,,,,,,,,,,Security Analyst
Cloud Computing,Cyber Security,PowerShell,DevOps,Python ,Operating systems,,,,,,,,,,Security Analyst
Cyber Security,Cloud Computing,PowerShell,DevOps,Python ,Operating systems,,,,,,,,,,Security Analyst
PowerShell,Cloud Computing,Cyber Security,DevOps,Python ,Operating systems,,,,,,,,,,Security Analyst
Cloud Computing,PowerShell,Cyber Security,DevOps,Python ,Operating systems,,,,,,,,,,Security Analyst
DevOps,PowerShell,Cyber Security,Cloud Computing,Python ,Operating systems,,,,,,,,,,Security Analyst
PowerShell,DevOps,Cyber Security,Cloud Computing,Python ,Operating systems,,,,,,,,,,Security Analyst
Cyber Security,DevOps,PowerShell,Cloud Computing,Python ,Operating systems,,,,,,,,,,Security Analyst
DevOps,Cyber Security,PowerShell,Cloud Computing,Python ,Operating systems,,,,,,,,,,Security Analyst
PowerShell,Cyber Security,DevOps,Cloud Computing,Python ,Operating systems,,,,,,,,,,Security Analyst
Cyber Security,PowerShell,DevOps,Cloud Computing,Python ,Operating systems,,,,,,,,,,Security Analyst
,,,,,,,,,,,,,,,
,,,,,,,,,,,,,,,
,,,,,,,,,,,,,,,
,,,,,,,,,,,,,,,
,,,,,,,,,,,,,,,
,,,,,,,,,,,,,,,
,,,,,,,,,,,,,,,
,,,,,,,,,,,,,,,
,,,,,,,,,,,,,,,
,,,,,,,,,,,,,,,
,,,,,,,,,,,,,,,
,,,,,,,,,,,,,,,
,,,,,,,,,,,,,,,
,,,,,,,,,,,,,,,
,,,,,,,,,,,,,,,
,,,,,,,,,,,,,,,
,,,,,,,,,,,,,,,
,,,,,,,,,,,,,,,
,,,,,,,,,,,,,,,
,,,,,,,,,,,,,,,
,,,,,,,,,,,,,,,
,,,,,,,,,,,,,,,
,,,,,,,,,,,,,,,
,,,,,,,,,,,,,,,
,,,,,,,,,,,,,,,
,,,,,,,,,,,,,,,
,,,,,,,,,,,,,,,
,,,,,,,,,,,,,,,
,,,,,,,,,,,,,,,
,,,,,,,,,,,,,,,
,,,,,,,,,,,,,,,
,,,,,,,,,,,,,,,
,,,,,,,,,,,,,,,
,,,,,,,,,,,,,,,
,,,,,,,,,,,,,,,
,,,,,,,,,,,,,,,
,,,,,,,,,,,,,,,
,,,,,,,,,,,,,,,
,,,,,,,,,,,,,,,
,,,,,,,,,,,,,,,
,,,,,,,,,,,,,,,
,,,,,,,,,,,,,,,
,,,,,,,,,,,,,,,
,,,,,,,,,,,,,,,
,,,,,,,,,,,,,,,
,,,,,,,,,,,,,,,
,,,,,,,,,,,,,,,
,,,,,,,,,,,,,,,
,,,,,,,,,,,,,,,
,,,,,,,,,,,,,,,
,,,,,,,,,,,,,,,
,,,,,,,,,,,,,,,
,,,,,,,,,,,,,,,
,,,,,,,,,,,,,,,
,,,,,,,,,,,,,,,
,,,,,,,,,,,,,,,
,,,,,,,,,,,,,,,
,,,,,,,,,,,,,,,
,,,,,,,,,,,,,,,
,,,,,,,,,,,,,,,
,,,,,,,,,,,,,,,
,,,,,,,,,,,,,,,
,,,,,,,,,,,,,,,
,,,,,,,,,,,,,,,
,,,,,,,,,,,,,,,
,,,,,,,,,,,,,,,
,,,,,,,,,,,,,,,
,,,,,,,,,,,,,,,
,,,,,,,,,,,,,,,
,,,,,,,,,,,,,,,
,,,,,,,,,,,,,,,
,,,,,,,,,,,,,,,
,,,,,,,,,,,,,,,
,,,,,,,,,,,,,,,
,,,,,,,,,,,,,,,
,,,,,,,,,,,,,,,
,,,,,,,,,,,,,,,
,,,,,,,,,,,,,,,
,,,,,,,,,,,,,,,
,,,,,,,,,,,,,,,
,,,,,,,,,,,,,,,
,,,,,,,,,,,,,,,
,,,,,,,,,,,,,,,
,,,,,,,,,,,,,,,
,,,,,,,,,,,,,,,
,,,,,,,,,,,,,,,
,,,,,,,,,,,,,,,
,,,,,,,,,,,,,,,
,,,,,,,,,,,,,,,
,,,,,,,,,,,,,,,
,,,,,,,,,,,,,,,
,,,,,,,,,,,,,,,
,,,,,,,,,,,,,,,
,,,,,,,,,,,,,,,
,,,,,,,,,,,,,,,
,,,,,,,,,,,,,,,
,,,,,,,,,,,,,,,
,,,,,,,,,,,,,,,
,,,,,,,,,,,,,,,
,,,,,,,,,,,,,,,
,,,,,,,,,,,,,,,
,,,,,,,,,,,,,,,
,,,,,,,,,,,,,,,
,,,,,,,,,,,,,,,
,,,,,,,,,,,,,,,
,,,,,,,,,,,,,,,
,,,,,,,,,,,,,,,
,,,,,,,,,,,,,,,
,,,,,,,,,,,,,,,
,,,,,,,,,,,,,,,
,,,,,,,,,,,,,,,
,,,,,,,,,,,,,,,
,,,,,,,,,,,,,,,
,,,,,,,,,,,,,,,
,,,,,,,,,,,,,,,
,,,,,,,,,,,,,,,
,,,,,,,,,,,,,,,
,,,,,,,,,,,,,,,
,,,,,,,,,,,,,,,
,,,,,,,,,,,,,,,
,,,,,,,,,,,,,,,
,,,,,,,,,,,,,,,
,,,,,,,,,,,,,,,
,,,,,,,,,,,,,,,
,,,,,,,,,,,,,,,
,,,,,,,,,,,,,,,
,,,,,,,,,,,,,,,
,,,,,,,,,,,,,,,
,,,,,,,,,,,,,,,
,,,,,,,,,,,,,,,
,,,,,,,,,,,,,,,
,,,,,,,,,,,,,,,
,,,,,,,,,,,,,,,
,,,,,,,,,,,,,,,
,,,,,,,,,,,,,,,
,,,,,,,,,,,,,,,
,,,,,,,,,,,,,,,
,,,,,,,,,,,,,,,
,,,,,,,,,,,,,,,
,,,,,,,,,,,,,,,
,,,,,,,,,,,,,,,
,,,,,,,,,,,,,,,
,,,,,,,,,,,,,,,
,,,,,,,,,,,,,,,
,,,,,,,,,,,,,,,
,,,,,,,,,,,,,,,
,,,,,,,,,,,,,,,
,,,,,,,,,,,,,,,
,,,,,,,,,,,,,,,
,,,,,,,,,,,,,,,
,,,,,,,,,,,,,,,
,,,,,,,,,,,,,,,
,,,,,,,,,,,,,,,
,,,,,,,,,,,,,,,
,,,,,,,,,,,,,,,
,,,,,,,,,,,,,,,
,,,,,,,,,,,,,,,
,,,,,,,,,,,,,,,
,,,,,,,,,,,,,,,
,,,,,,,,,,,,,,,
,,,,,,,,,,,,,,,
,,,,,,,,,,,,,,,
,,,,,,,,,,,,,,,
,,,,,,,,,,,,,,,
,,,,,,,,,,,,,,,
,,,,,,,,,,,,,,,
,,,,,,,,,,,,,,,
,,,,,,,,,,,,,,,
,,,,,,,,,,,,,,,
,,,,,,,,,,,,,,,
,,,,,,,,,,,,,,,
,,,,,,,,,,,,,,,
,,,,,,,,,,,,,,,
,,,,,,,,,,,,,,,
,,,,,,,,,,,,,,,
,,,,,,,,,,,,,,,
,,,,,,,,,,,,,,,
,,,,,,,,,,,,,,,
,,,,,,,,,,,,,,,
,,,,,,,,,,,,,,,
,,,,,,,,,,,,,,,
,,,,,,,,,,,,,,,
,,,,,,,,,,,,,,,
,,,,,,,,,,,,,,,
,,,,,,,,,,,,,,,
,,,,,,,,,,,,,,,
,,,,,,,,,,,,,,,
,,,,,,,,,,,,,,,
,,,,,,,,,,,,,,,
,,,,,,,,,,,,,,,
,,,,,,,,,,,,,,,
,,,,,,,,,,,,,,,
,,,,,,,,,,,,,,,
,,,,,,,,,,,,,,,
,,,,,,,,,,,,,,,
,,,,,,,,,,,,,,,
,,,,,,,,,,,,,,,
,,,,,,,,,,,,,,,
,,,,,,,,,,,,,,,
,,,,,,,,,,,,,,,
,,,,,,,,,,,,,,,
,,,,,,,,,,,,,,,
,,,,,,,,,,,,,,,
,,,,,,,,,,,,,,,
,,,,,,,,,,,,,,,
,,,,,,,,,,,,,,,
,,,,,,,,,,,,,,,
,,,,,,,,,,,,,,,
,,,,,,,,,,,,,,,
,,,,,,,,,,,,,,,
,,,,,,,,,,,,,,,
,,,,,,,,,,,,,,,
,,,,,,,,,,,,,,,
,,,,,,,,,,,,,,,
,,,,,,,,,,,,,,,
,,,,,,,,,,,,,,,
,,,,,,,,,,,,,,,
,,,,,,,,,,,,,,,
,,,,,,,,,,,,,,,
,,,,,,,,,,,,,,,
,,,,,,,,,,,,,,,
,,,,,,,,,,,,,,,
,,,,,,,,,,,,,,,
,,,,,,,,,,,,,,,
,,,,,,,,,,,,,,,
,,,,,,,,,,,,,,,
,,,,,,,,,,,,,,,
,,,,,,,,,,,,,,,
,,,,,,,,,,,,,,,
,,,,,,,,,,,,,,,
,,,,,,,,,,,,,,,
,,,,,,,,,,,,,,,
,,,,,,,,,,,,,,,
,,,,,,,,,,,,,,,
,,,,,,,,,,,,,,,
,,,,,,,,,,,,,,,
,,,,,,,,,,,,,,,
,,,,,,,,,,,,,,,
,,,,,,,,,,,,,,,
,,,,,,,,,,,,,,,
,,,,,,,,,,,,,,,
,,,,,,,,,,,,,,,
,,,,,,,,,,,,,,,
,,,,,,,,,,,,,,,
,,,,,,,,,,,,,,,
,,,,,,,,,,,,,,,
,,,,,,,,,,,,,,,
,,,,,,,,,,,,,,,
,,,,,,,,,,,,,,,
,,,,,,,,,,,,,,,
,,,,,,,,,,,,,,,
,,,,,,,,,,,,,,,
,,,,,,,,,,,,,,,
,,,,,,,,,,,,,,,
,,,,,,,,,,,,,,,
,,,,,,,,,,,,,,,
,,,,,,,,,,,,,,,
,,,,,,,,,,,,,,,
,,,,,,,,,,,,,,,
,,,,,,,,,,,,,,,
,,,,,,,,,,,,,,,
,,,,,,,,,,,,,,,
,,,,,,,,,,,,,,,
,,,,,,,,,,,,,,,
,,,,,,,,,,,,,,,
,,,,,,,,,,,,,,,
,,,,,,,,,,,,,,,
,,,,,,,,,,,,,,,
,,,,,,,,,,,,,,,
,,,,,,,,,,,,,,,
,,,,,,,,,,,,,,,
,,,,,,,,,,,,,,,
,,,,,,,,,,,,,,,
,,,,,,,,,,,,,,,
,,,,,,,,,,,,,,,
,,,,,,,,,,,,,,,
,,,,,,,,,,,,,,,
,,,,,,,,,,,,,,,
,,,,,,,,,,,,,,,
,,,,,,,,,,,,,,,
,,,,,,,,,,,,,,,
,,,,,,,,,,,,,,,
,,,,,,,,,,,,,,,
,,,,,,,,,,,,,,,
,,,,,,,,,,,,,,,
,,,,,,,,,,,,,,,
,,,,,,,,,,,,,,,
,,,,,,,,,,,,,,,
,,,,,,,,,,,,,,,
,,,,,,,,,,,,,,,
,,,,,,,,,,,,,,,
,,,,,,,,,,,,,,,
,,,,,,,,,,,,,,,
,,,,,,,,,,,,,,,
,,,,,,,,,,,,,,,
,,,,,,,,,,,,,,,
,,,,,,,,,,,,,,,
,,,,,,,,,,,,,,,
,,,,,,,,,,,,,,,
,,,,,,,,,,,,,,,
,,,,,,,,,,,,,,,
,,,,,,,,,,,,,,,
,,,,,,,,,,,,,,,
,,,,,,,,,,,,,,,
,,,,,,,,,,,,,,,
,,,,,,,,,,,,,,,
,,,,,,,,,,,,,,,
,,,,,,,,,,,,,,,
,,,,,,,,,,,,,,,
,,,,,,,,,,,,,,,
,,,,,,,,,,,,,,,
,,,,,,,,,,,,,,,
,,,,,,,,,,,,,,,
,,,,,,,,,,,,,,,
,,,,,,,,,,,,,,,
,,,,,,,,,,,,,,,
,,,,,,,,,,,,,,,
,,,,,,,,,,,,,,,
,,,,,,,,,,,,,,,
,,,,,,,,,,,,,,,
,,,,,,,,,,,,,,,
,,,,,,,,,,,,,,,
,,,,,,,,,,,,,,,
,,,,,,,,,,,,,,,
,,,,,,,,,,,,,,,
,,,,,,,,,,,,,,,
,,,,,,,,,,,,,,,
,,,,,,,,,,,,,,,
,,,,,,,,,,,,,,,
,,,,,,,,,,,,,,,
,,,,,,,,,,,,,,,
,,,,,,,,,,,,,,,
,,,,,,,,,,,,,,,
,,,,,,,,,,,,,,,
,,,,,,,,,,,,,,,
,,,,,,,,,,,,,,,
,,,,,,,,,,,,,,,
,,,,,,,,,,,,,,,
,,,,,,,,,,,,,,,
,,,,,,,,,,,,,,,
,,,,,,,,,,,,,,,
,,,,,,,,,,,,,,,
,,,,,,,,,,,,,,,
,,,,,,,,,,,,,,,
,,,,,,,,,,,,,,,
,,,,,,,,,,,,,,,
,,,,,,,,,,,,,,,
,,,,,,,,,,,,,,,
,,,,,,,,,,,,,,,
,,,,,,,,,,,,,,,
,,,,,,,,,,,,,,,
,,,,,,,,,,,,,,,
,,,,,,,,,,,,,,,
,,,,,,,,,,,,,,,
,,,,,,,,,,,,,,,
,,,,,,,,,,,,,,,
,,,,,,,,,,,,,,,
,,,,,,,,,,,,,,,
,,,,,,,,,,,,,,,
,,,,,,,,,,,,,,,
,,,,,,,,,,,,,,,
,,,,,,,,,,,,,,,
,,,,,,,,,,,,,,,
,,,,,,,,,,,,,,,
,,,,,,,,,,,,,,,
,,,,,,,,,,,,,,,
,,,,,,,,,,,,,,,
,,,,,,,,,,,,,,,
,,,,,,,,,,,,,,,
,,,,,,,,,,,,,,,
,,,,,,,,,,,,,,,
,,,,,,,,,,,,,,,
,,,,,,,,,,,,,,,
,,,,,,,,,,,,,,,
,,,,,,,,,,,,,,,
,,,,,,,,,,,,,,,
,,,,,,,,,,,,,,,
,,,,,,,,,,,,,,,
,,,,,,,,,,,,,,,
,,,,,,,,,,,,,,,
,,,,,,,,,,,,,,,
,,,,,,,,,,,,,,,
,,,,,,,,,,,,,,,
,,,,,,,,,,,,,,,
,,,,,,,,,,,,,,,
,,,,,,,,,,,,,,,
,,,,,,,,,,,,,,,
,,,,,,,,,,,,,,,
,,,,,,,,,,,,,,,
,,,,,,,,,,,,,,,
,,,,,,,,,,,,,,,
,,,,,,,,,,,,,,,
,,,,,,,,,,,,,,,
,,,,,,,,,,,,,,,
,,,,,,,,,,,,,,,
,,,,,,,,,,,,,,,
,,,,,,,,,,,,,,,
,,,,,,,,,,,,,,,
,,,,,,,,,,,,,,,
,,,,,,,,,,,,,,,
,,,,,,,,,,,,,,,
,,,,,,,,,,,,,,,
,,,,,,,,,,,,,,,
,,,,,,,,,,,,,,,
,,,,,,,,,,,,,,,
,,,,,,,,,,,,,,,
,,,,,,,,,,,,,,,
,,,,,,,,,,,,,,,
,,,,,,,,,,,,,,,
,,,,,,,,,,,,,,,
,,,,,,,,,,,,,,,
,,,,,,,,,,,,,,,
,,,,,,,,,,,,,,,
,,,,,,,,,,,,,,,
,,,,,,,,,,,,,,,
,,,,,,,,,,,,,,,
,,,,,,,,,,,,,,,
,,,,,,,,,,,,,,,
,,,,,,,,,,,,,,,
,,,,,,,,,,,,,,,
,,,,,,,,,,,,,,,
,,,,,,,,,,,,,,,
,,,,,,,,,,,,,,,
,,,,,,,,,,,,,,,
,,,,,,,,,,,,,,,
,,,,,,,,,,,,,,,
,,,,,,,,,,,,,,,
,,,,,,,,,,,,,,,
,,,,,,,,,,,,,,,
,,,,,,,,,,,,,,,
,,,,,,,,,,,,,,,
,,,,,,,,,,,,,,,
,,,,,,,,,,,,,,,
,,,,,,,,,,,,,,,
,,,,,,,,,,,,,,,
,,,,,,,,,,,,,,,
,,,,,,,,,,,,,,,
,,,,,,,,,,,,,,,
,,,,,,,,,,,,,,,
,,,,,,,,,,,,,,,
,,,,,,,,,,,,,,,
,,,,,,,,,,,,,,,
,,,,,,,,,,,,,,,
,,,,,,,,,,,,,,,
,,,,,,,,,,,,,,,
,,,,,,,,,,,,,,,
,,,,,,,,,,,,,,,
,,,,,,,,,,,,,,,
,,,,,,,,,,,,,,,
,,,,,,,,,,,,,,,
,,,,,,,,,,,,,,,
,,,,,,,,,,,,,,,
,,,,,,,,,,,,,,,
,,,,,,,,,,,,,,,
,,,,,,,,,,,,,,,
,,,,,,,,,,,,,,,
,,,,,,,,,,,,,,,
,,,,,,,,,,,,,,,
,,,,,,,,,,,,,,,
,,,,,,,,,,,,,,,
,,,,,,,,,,,,,,,
,,,,,,,,,,,,,,,
,,,,,,,,,,,,,,,
,,,,,,,,,,,,,,,
,,,,,,,,,,,,,,,
,,,,,,,,,,,,,,,
,,,,,,,,,,,,,,,
,,,,,,,,,,,,,,,
,,,,,,,,,,,,,,,
,,,,,,,,,,,,,,,
,,,,,,,,,,,,,,,
,,,,,,,,,,,,,,,
,,,,,,,,,,,,,,,
,,,,,,,,,,,,,,,
,,,,,,,,,,,,,,,
,,,,,,,,,,,,,,,
,,,,,,,,,,,,,,,
,,,,,,,,,,,,,,,
,,,,,,,,,,,,,,,
,,,,,,,,,,,,,,,
,,,,,,,,,,,,,,,
,,,,,,,,,,,,,,,
,,,,,,,,,,,,,,,
,,,,,,,,,,,,,,,
,,,,,,,,,,,,,,,
,,,,,,,,,,,,,,,
,,,,,,,,,,,,,,,
,,,,,,,,,,,,,,,
,,,,,,,,,,,,,,,
,,,,,,,,,,,,,,,
,,,,,,,,,,,,,,,
,,,,,,,,,,,,,,,
,,,,,,,,,,,,,,,
,,,,,,,,,,,,,,,
,,,,,,,,,,,,,,,
,,,,,,,,,,,,,,,
,,,,,,,,,,,,,,,
,,,,,,,,,,,,,,,
,,,,,,,,,,,,,,,
,,,,,,,,,,,,,,,
,,,,,,,,,,,,,,,
,,,,,,,,,,,,,,,
,,,,,,,,,,,,,,,
,,,,,,,,,,,,,,,
,,,,,,,,,,,,,,,
,,,,,,,,,,,,,,,
,,,,,,,,,,,,,,,
,,,,,,,,,,,,,,,
,,,,,,,,,,,,,,,
,,,,,,,,,,,,,,,
,,,,,,,,,,,,,,,
,,,,,,,,,,,,,,,
,,,,,,,,,,,,,,,
,,,,,,,,,,,,,,,
,,,,,,,,,,,,,,,
,,,,,,,,,,,,,,,
,,,,,,,,,,,,,,,
,,,,,,,,,,,,,,,
,,,,,,,,,,,,,,,
,,,,,,,,,,,,,,,
,,,,,,,,,,,,,,,
,,,,,,,,,,,,,,,
,,,,,,,,,,,,,,,
,,,,,,,,,,,,,,,
,,,,,,,,,,,,,,,
,,,,,,,,,,,,,,,
,,,,,,,,,,,,,,,
,,,,,,,,,,,,,,,
,,,,,,,,,,,,,,,
,,,,,,,,,,,,,,,
,,,,,,,,,,,,,,,
,,,,,,,,,,,,,,,
,,,,,,,,,,,,,,,
,,,,,,,,,,,,,,,
,,,,,,,,,,,,,,,
,,,,,,,,,,,,,,,
,,,,,,,,,,,,,,,
,,,,,,,,,,,,,,,
,,,,,,,,,,,,,,,
,,,,,,,,,,,,,,,
,,,,,,,,,,,,,,,
,,,,,,,,,,,,,,,
,,,,,,,,,,,,,,,
,,,,,,,,,,,,,,,
,,,,,,,,,,,,,,,
,,,,,,,,,,,,,,,
,,,,,,,,,,,,,,,
,,,,,,,,,,,,,,,
,,,,,,,,,,,,,,,
,,,,,,,,,,,,,,,
,,,,,,,,,,,,,,,
,,,,,,,,,,,,,,,
,,,,,,,,,,,,,,,
,,,,,,,,,,,,,,,
,,,,,,,,,,,,,,,
,,,,,,,,,,,,,,,
,,,,,,,,,,,,,,,
,,,,,,,,,,,,,,,
,,,,,,,,,,,,,,,
,,,,,,,,,,,,,,,
,,,,,,,,,,,,,,,
,,,,,,,,,,,,,,,
,,,,,,,,,,,,,,,
,,,,,,,,,,,,,,,
,,,,,,,,,,,,,,,
,,,,,,,,,,,,,,,
,,,,,,,,,,,,,,,
,,,,,,,,,,,,,,,
,,,,,,,,,,,,,,,
,,,,,,,,,,,,,,,
,,,,,,,,,,,,,,,
,,,,,,,,,,,,,,,
,,,,,,,,,,,,,,,
,,,,,,,,,,,,,,,
,,,,,,,,,,,,,,,
,,,,,,,,,,,,,,,
,,,,,,,,,,,,,,,
,,,,,,,,,,,,,,,
,,,,,,,,,,,,,,,
,,,,,,,,,,,,,,,
,,,,,,,,,,,,,,,
,,,,,,,,,,,,,,,
,,,,,,,,,,,,,,,
,,,,,,,,,,,,,,,
,,,,,,,,,,,,,,,
,,,,,,,,,,,,,,,
,,,,,,,,,,,,,,,
,,,,,,,,,,,,,,,
,,,,,,,,,,,,,,,
,,,,,,,,,,,,,,,
,,,,,,,,,,,,,,,
,,,,,,,,,,,,,,,
,,,,,,,,,,,,,,,
,,,,,,,,,,,,,,,
,,,,,,,,,,,,,,,
,,,,,,,,,,,,,,,
,,,,,,,,,,,,,,,
,,,,,,,,,,,,,,,
,,,,,,,,,,,,,,,
,,,,,,,,,,,,,,,
,,,,,,,,,,,,,,,
,,,,,,,,,,,,,,,
,,,,,,,,,,,,,,,
,,,,,,,,,,,,,,,
,,,,,,,,,,,,,,,
,,,,,,,,,,,,,,,
,,,,,,,,,,,,,,,
,,,,,,,,,,,,,,,
,,,,,,,,,,,,,,,
,,,,,,,,,,,,,,,
,,,,,,,,,,,,,,,
,,,,,,,,,,,,,,,
,,,,,,,,,,,,,,,
,,,,,,,,,,,,,,,
,,,,,,,,,,,,,,,
,,,,,,,,,,,,,,,
,,,,,,,,,,,,,,,
,,,,,,,,,,,,,,,
,,,,,,,,,,,,,,,
,,,,,,,,,,,,,,,
,,,,,,,,,,,,,,,
,,,,,,,,,,,,,,,
,,,,,,,,,,,,,,,
,,,,,,,,,,,,,,,
,,,,,,,,,,,,,,,
,,,,,,,,,,,,,,,
,,,,,,,,,,,,,,,
,,,,,,,,,,,,,,,
,,,,,,,,,,,,,,,
,,,,,,,,,,,,,,,
,,,,,,,,,,,,,,,
,,,,,,,,,,,,,,,
,,,,,,,,,,,,,,,
,,,,,,,,,,,,,,,
,,,,,,,,,,,,,,,
,,,,,,,,,,,,,,,
,,,,,,,,,,,,,,,
,,,,,,,,,,,,,,,
,,,,,,,,,,,,,,,
,,,,,,,,,,,,,,,
,,,,,,,,,,,,,,,
,,,,,,,,,,,,,,,
,,,,,,,,,,,,,,,
,,,,,,,,,,,,,,,
,,,,,,,,,,,,,,,
,,,,,,,,,,,,,,,
,,,,,,,,,,,,,,,
,,,,,,,,,,,,,,,
,,,,,,,,,,,,,,,
,,,,,,,,,,,,,,,
,,,,,,,,,,,,,,,
,,,,,,,,,,,,,,,
,,,,,,,,,,,,,,,
,,,,,,,,,,,,,,,
,,,,,,,,,,,,,,,
,,,,,,,,,,,,,,,
,,,,,,,,,,,,,,,
,,,,,,,,,,,,,,,
,,,,,,,,,,,,,,,
,,,,,,,,,,,,,,,
,,,,,,,,,,,,,,,
,,,,,,,,,,,,,,,
,,,,,,,,,,,,,,,
,,,,,,,,,,,,,,,
,,,,,,,,,,,,,,,
,,,,,,,,,,,,,,,
,,,,,,,,,,,,,,,
,,,,,,,,,,,,,,,
,,,,,,,,,,,,,,,
,,,,,,,,,,,,,,,
,,,,,,,,,,,,,,,
,,,,,,,,,,,,,,,
,,,,,,,,,,,,,,,
,,,,,,,,,,,,,,,
,,,,,,,,,,,,,,,
,,,,,,,,,,,,,,,
,,,,,,,,,,,,,,,
,,,,,,,,,,,,,,,
,,,,,,,,,,,,,,,
,,,,,,,,,,,,,,,
,,,,,,,,,,,,,,,
,,,,,,,,,,,,,,,
,,,,,,,,,,,,,,,
,,,,,,,,,,,,,,,
,,,,,,,,,,,,,,,
,,,,,,,,,,,,,,,
,,,,,,,,,,,,,,,
,,,,,,,,,,,,,,,
,,,,,,,,,,,,,,,
,,,,,,,,,,,,,,,
,,,,,,,,,,,,,,,
,,,,,,,,,,,,,,,
,,,,,,,,,,,,,,,
,,,,,,,,,,,,,,,
,,,,,,,,,,,,,,,
,,,,,,,,,,,,,,,
,,,,,,,,,,,,,,,
,,,,,,,,,,,,,,,
,,,,,,,,,,,,,,,
,,,,,,,,,,,,,,,
,,,,,,,,,,,,,,,
,,,,,,,,,,,,,,,
,,,,,,,,,,,,,,,
,,,,,,,,,,,,,,,
,,,,,,,,,,,,,,,
,,,,,,,,,,,,,,,
,,,,,,,,,,,,,,,
,,,,,,,,,,,,,,,
,,,,,,,,,,,,,,,
,,,,,,,,,,,,,,,
,,,,,,,,,,,,,,,
,,,,,,,,,,,,,,,
,,,,,,,,,,,,,,,
,,,,,,,,,,,,,,,
,,,,,,,,,,,,,,,
,,,,,,,,,,,,,,,
,,,,,,,,,,,,,,,
,,,,,,,,,,,,,,,
,,,,,,,,,,,,,,,
,,,,,,,,,,,,,,,
,,,,,,,,,,,,,,,
,,,,,,,,,,,,,,,
,,,,,,,,,,,,,,,
,,,,,,,,,,,,,,,
,,,,,,,,,,,,,,,
,,,,,,,,,,,,,,,
,,,,,,,,,,,,,,,
,,,,,,,,,,,,,,,
,,,,,,,,,,,,,,,
,,,,,,,,,,,,,,,
,,,,,,,,,,,,,,,
,,,,,,,,,,,,,,,
,,,,,,,,,,,,,,,
,,,,,,,,,,,,,,,
,,,,,,,,,,,,,,,
,,,,,,,,,,,,,,,
,,,,,,,,,,,,,,,
,,,,,,,,,,,,,,,
,,,,,,,,,,,,,,,
,,,,,,,,,,,,,,,
,,,,,,,,,,,,,,,
,,,,,,,,,,,,,,,
,,,,,,,,,,,,,,,
,,,,,,,,,,,,,,,
,,,,,,,,,,,,,,,
,,,,,,,,,,,,,,,
,,,,,,,,,,,,,,,
,,,,,,,,,,,,,,,
,,,,,,,,,,,,,,,
,,,,,,,,,,,,,,,
,,,,,,,,,,,,,,,
,,,,,,,,,,,,,,,
,,,,,,,,,,,,,,,
,,,,,,,,,,,,,,,
,,,,,,,,,,,,,,,
,,,,,,,,,,,,,,,
,,,,,,,,,,,,,,,
,,,,,,,,,,,,,,,
,,,,,,,,,,,,,,,
,,,,,,,,,,,,,,,
,,,,,,,,,,,,,,,
,,,,,,,,,,,,,,,
,,,,,,,,,,,,,,,
,,,,,,,,,,,,,,,
,,,,,,,,,,,,,,,
,,,,,,,,,,,,,,,
,,,,,,,,,,,,,,,
,,,,,,,,,,,,,,,
,,,,,,,,,,,,,,,
,,,,,,,,,,,,,,,
,,,,,,,,,,,,,,,
,,,,,,,,,,,,,,,
,,,,,,,,,,,,,,,
,,,,,,,,,,,,,,,
,,,,,,,,,,,,,,,
,,,,,,,,,,,,,,,
,,,,,,,,,,,,,,,
,,,,,,,,,,,,,,,
,,,,,,,,,,,,,,,
,,,,,,,,,,,,,,,
,,,,,,,,,,,,,,,
,,,,,,,,,,,,,,,
,,,,,,,,,,,,,,,
,,,,,,,,,,,,,,,
,,,,,,,,,,,,,,,
,,,,,,,,,,,,,,,
,,,,,,,,,,,,,,,
,,,,,,,,,,,,,,,
,,,,,,,,,,,,,,,
,,,,,,,,,,,,,,,
,,,,,,,,,,,,,,,
,,,,,,,,,,,,,,,
,,,,,,,,,,,,,,,
,,,,,,,,,,,,,,,
,,,,,,,,,,,,,,,
,,,,,,,,,,,,,,,
,,,,,,,,,,,,,,,
,,,,,,,,,,,,,,,
,,,,,,,,,,,,,,,
,,,,,,,,,,,,,,,
,,,,,,,,,,,,,,,
,,,,,,,,,,,,,,,
,,,,,,,,,,,,,,,
,,,,,,,,,,,,,,,
,,,,,,,,,,,,,,,
,,,,,,,,,,,,,,,
,,,,,,,,,,,,,,,
,,,,,,,,,,,,,,,
,,,,,,,,,,,,,,,
,,,,,,,,,,,,,,,
,,,,,,,,,,,,,,,
,,,,,,,,,,,,,,,
,,,,,,,,,,,,,,,
,,,,,,,,,,,,,,,
,,,,,,,,,,,,,,,
,,,,,,,,,,,,,,,
,,,,,,,,,,,,,,,
,,,,,,,,,,,,,,,
,,,,,,,,,,,,,,,
,,,,,,,,,,,,,,,
,,,,,,,,,,,,,,,
,,,,,,,,,,,,,,,
,,,,,,,,,,,,,,,
,,,,,,,,,,,,,,,
,,,,,,,,,,,,,,,
,,,,,,,,,,,,,,,
,,,,,,,,,,,,,,,
,,,,,,,,,,,,,,,
,,,,,,,,,,,,,,,
,,,,,,,,,,,,,,,
,,,,,,,,,,,,,,,
,,,,,,,,,,,,,,,
,,,,,,,,,,,,,,,
,,,,,,,,,,,,,,,
,,,,,,,,,,,,,,,
,,,,,,,,,,,,,,,
,,,,,,,,,,,,,,,
,,,,,,,,,,,,,,,
,,,,,,,,,,,,,,,
,,,,,,,,,,,,,,,
,,,,,,,,,,,,,,,
,,,,,,,,,,,,,,,
,,,,,,,,,,,,,,,
,,,,,,,,,,,,,,,
,,,,,,,,,,,,,,,
,,,,,,,,,,,,,,,
,,,,,,,,,,,,,,,
,,,,,,,,,,,,,,,
,,,,,,,,,,,,,,,
,,,,,,,,,,,,,,,
,,,,,,,,,,,,,,,
,,,,,,,,,,,,,,,
,,,,,,,,,,,,,,,
,,,,,,,,,,,,,,,
,,,,,,,,,,,,,,,
,,,,,,,,,,,,,,,
,,,,,,,,,,,,,,,
,,,,,,,,,,,,,,,
,,,,,,,,,,,,,,,
,,,,,,,,,,,,,,,
,,,,,,,,,,,,,,,
,,,,,,,,,,,,,,,
,,,,,,,,,,,,,,,
,,,,,,,,,,,,,,,
,,,,,,,,,,,,,,,
,,,,,,,,,,,,,,,
,,,,,,,,,,,,,,,
,,,,,,,,,,,,,,,
,,,,,,,,,,,,,,,
,,,,,,,,,,,,,,,
,,,,,,,,,,,,,,,
,,,,,,,,,,,,,,,
,,,,,,,,,,,,,,,
,,,,,,,,,,,,,,,
,,,,,,,,,,,,,,,
,,,,,,,,,,,,,,,
,,,,,,,,,,,,,,,
,,,,,,,,,,,,,,,
,,,,,,,,,,,,,,,
,,,,,,,,,,,,,,,
