Windows,Troubleshooting,Networking,Computer Hardware Knowledge,SQL Server,Customer Relationship Management,SQL,Software Engineering,SaaS,,,,,,,Customer Support Analyst
Troubleshooting,SQL Server,Windows,Networking,Computer Hardware Knowledge,SaaS,Software Engineering,SQL,Customer Relationship Management,,,,,,,Customer Support Analyst
Computer Hardware Knowledge,Troubleshooting,SQL Server,Windows,Networking,SQL,Customer Relationship Management,SaaS,Software Engineering,,,,,,,Customer Support Analyst
SQL Server,Networking,Computer Hardware Knowledge,Windows,Troubleshooting,Customer Relationship Management,SQL,Software Engineering,SaaS,,,,,,,Customer Support Analyst
Big data,CDPS,Search Experience Optimization (SXO),User Experience,Customer Relationship Management,Data Warehousing,Human Pyschology,Analytics,,,,,,,,Internet of Behaviour Analyst
Search Experience Optimization (SXO),User Experience,Big data,Customer Relationship Management,CDPS,Analytics,Human Pyschology,Data Warehousing,,,,,,,,Internet of Behaviour Analyst
Networking,Computer Hardware Knowledge,Windows,Troubleshooting,SQL Server,Software Engineering,SaaS,Customer Relationship Management,SQL,,,,,,,Customer Support Analyst
Big data,CDPS,User Experience,Search Experience Optimization (SXO),Customer Relationship Management,Human Pyschology,Data Warehousing,Analytics,,,,,,,,Internet of Behaviour Analyst
Troubleshooting,SQL Server,Computer Hardware Knowledge,Networking,Windows,Software Engineering,SQL,Customer Relationship Management,SaaS,,,,,,,Customer Support Analyst
Windows,Networking,Computer Hardware Knowledge,SQL Server,Troubleshooting,SaaS,SQL,Software Engineering,Customer Relationship Management,,,,,,,Customer Support Analyst
CDPS,User Experience,Big data,Customer Relationship Management,Search Experience Optimization (SXO),Data Warehousing,Human Pyschology,Analytics,,,,,,,,Internet of Behaviour Analyst
Networking,Windows,Computer Hardware Knowledge,SQL Server,Troubleshooting,SQL,SaaS,Software Engineering,Customer Relationship Management,,,,,,,Customer Support Analyst
Troubleshooting,Windows,Networking,SQL Server,Computer Hardware Knowledge,SaaS,SQL,Customer Relationship Management,Software Engineering,,,,,,,Customer Support Analyst
User Experience,CDPS,Search Experience Optimization (SXO),Customer Relationship Management,Big data,Human Pyschology,Analytics,Data Warehousing,,,,,,,,Internet of Behaviour Analyst
Windows,SQL Server,Networking,Computer Hardware Knowledge,Troubleshooting,SaaS,Customer Relationship Management,SQL,Software Engineering,,,,,,,Customer Support Analyst
Networking,Troubleshooting,Computer Hardware Knowledge,SQL Server,Windows,SaaS,Software Engineering,Customer Relationship Management,SQL,,,,,,,Customer Support Analyst
Customer Relationship Management,Big data,User Experience,CDPS,Search Experience Optimization (SXO),Data Warehousing,Human Pyschology,Analytics,,,,,,,,Internet of Behaviour Analyst
Troubleshooting,Networking,SQL Server,Windows,Computer Hardware Knowledge,SaaS,Customer Relationship Management,Software Engineering,SQL,,,,,,,Customer Support Analyst
Troubleshooting,Windows,Networking,Computer Hardware Knowledge,SQL Server,SQL,Customer Relationship Management,Software Engineering,SaaS,,,,,,,Customer Support Analyst
Search Experience Optimization (SXO),CDPS,Customer Relationship Management,Big data,User Experience,Data Warehousing,Analytics,Human Pyschology,,,,,,,,Internet of Behaviour Analyst
Big data,CDPS,Search Experience Optimization (SXO),Customer Relationship Management,User Experience,Analytics,Human Pyschology,Data Warehousing,,,,,,,,Internet of Behaviour Analyst
Search Experience Optimization (SXO),Big data,Customer Relationship Management,CDPS,User Experience,Human Pyschology,Analytics,Data Warehousing,,,,,,,,Internet of Behaviour Analyst
Big data,User Experience,Customer Relationship Management,CDPS,Search Experience Optimization (SXO),Human Pyschology,Analytics,Data Warehousing,,,,,,,,Internet of Behaviour Analyst
User Experience,Customer Relationship Management,Search Experience Optimization (SXO),Big data,CDPS,Data Warehousing,Human Pyschology,Analytics,,,,,,,,Internet of Behaviour Analyst
Search Experience Optimization (SXO),Customer Relationship Management,Big data,User Experience,CDPS,Human Pyschology,Analytics,Data Warehousing,,,,,,,,Internet of Behaviour Analyst
User Experience,Big data,Customer Relationship Management,CDPS,Search Experience Optimization (SXO),Analytics,Human Pyschology,Data Warehousing,,,,,,,,Internet of Behaviour Analyst
CDPS,Search Experience Optimization (SXO),User Experience,Big data,Customer Relationship Management,Data Warehousing,Analytics,Human Pyschology,,,,,,,,Internet of Behaviour Analyst
Big data,Customer Relationship Management,User Experience,CDPS,Search Experience Optimization (SXO),Human Pyschology,Data Warehousing,Analytics,,,,,,,,Internet of Behaviour Analyst
CDPS,Big data,User Experience,Customer Relationship Management,Search Experience Optimization (SXO),Data Warehousing,Analytics,Human Pyschology,,,,,,,,Internet of Behaviour Analyst
SQL Server,Networking,Windows,Troubleshooting,Computer Hardware Knowledge,Software Engineering,Customer Relationship Management,SQL,SaaS,,,,,,,Customer Support Analyst
CDPS,Customer Relationship Management,User Experience,Search Experience Optimization (SXO),Big data,Analytics,Human Pyschology,Data Warehousing,,,,,,,,Internet of Behaviour Analyst
Networking,Windows,Troubleshooting,SQL Server,Computer Hardware Knowledge,Customer Relationship Management,SQL,SaaS,Software Engineering,,,,,,,Customer Support Analyst
SQL Server,Networking,Troubleshooting,Windows,Computer Hardware Knowledge,Software Engineering,Customer Relationship Management,SaaS,SQL,,,,,,,Customer Support Analyst
CDPS,Search Experience Optimization (SXO),Big data,User Experience,Customer Relationship Management,Human Pyschology,Analytics,Data Warehousing,,,,,,,,Internet of Behaviour Analyst
Windows,Troubleshooting,Networking,SQL Server,Computer Hardware Knowledge,SQL,SaaS,Customer Relationship Management,Software Engineering,,,,,,,Customer Support Analyst
Customer Relationship Management,CDPS,User Experience,Big data,Search Experience Optimization (SXO),Human Pyschology,Data Warehousing,Analytics,,,,,,,,Internet of Behaviour Analyst
CDPS,Big data,Search Experience Optimization (SXO),User Experience,Customer Relationship Management,Human Pyschology,Data Warehousing,Analytics,,,,,,,,Internet of Behaviour Analyst
SQL Server,Windows,Computer Hardware Knowledge,Networking,Troubleshooting,Customer Relationship Management,SaaS,Software Engineering,SQL,,,,,,,Customer Support Analyst
Windows,SQL Server,Troubleshooting,Computer Hardware Knowledge,Networking,Software Engineering,SaaS,Customer Relationship Management,SQL,,,,,,,Customer Support Analyst
Customer Relationship Management,Search Experience Optimization (SXO),User Experience,CDPS,Big data,Analytics,Human Pyschology,Data Warehousing,,,,,,,,Internet of Behaviour Analyst
Computer Hardware Knowledge,Troubleshooting,SQL Server,Networking,Windows,Customer Relationship Management,Software Engineering,SQL,SaaS,,,,,,,Customer Support Analyst
Computer Hardware Knowledge,Troubleshooting,Networking,Windows,SQL Server,SaaS,SQL,Software Engineering,Customer Relationship Management,,,,,,,Customer Support Analyst
Networking,Computer Hardware Knowledge,Troubleshooting,SQL Server,Windows,SaaS,Customer Relationship Management,Software Engineering,SQL,,,,,,,Customer Support Analyst
CDPS,Customer Relationship Management,Big data,Search Experience Optimization (SXO),User Experience,Analytics,Data Warehousing,Human Pyschology,,,,,,,,Internet of Behaviour Analyst
SQL Server,Computer Hardware Knowledge,Windows,Networking,Troubleshooting,Customer Relationship Management,Software Engineering,SaaS,SQL,,,,,,,Customer Support Analyst
Computer Hardware Knowledge,SQL Server,Networking,Troubleshooting,Windows,Customer Relationship Management,SQL,SaaS,Software Engineering,,,,,,,Customer Support Analyst
User Experience,Search Experience Optimization (SXO),CDPS,Big data,Customer Relationship Management,Human Pyschology,Analytics,Data Warehousing,,,,,,,,Internet of Behaviour Analyst
Computer Hardware Knowledge,Networking,SQL Server,Windows,Troubleshooting,Software Engineering,SQL,Customer Relationship Management,SaaS,,,,,,,Customer Support Analyst
Search Experience Optimization (SXO),User Experience,Customer Relationship Management,Big data,CDPS,Analytics,Data Warehousing,Human Pyschology,,,,,,,,Internet of Behaviour Analyst
Windows,Computer Hardware Knowledge,Networking,Troubleshooting,SQL Server,Customer Relationship Management,SaaS,Software Engineering,SQL,,,,,,,Customer Support Analyst
Windows,SQL Server,Networking,Troubleshooting,Computer Hardware Knowledge,SQL,Software Engineering,Customer Relationship Management,SaaS,,,,,,,Customer Support Analyst
Computer Hardware Knowledge,Windows,SQL Server,Troubleshooting,Networking,SQL,Software Engineering,SaaS,Customer Relationship Management,,,,,,,Customer Support Analyst
Customer Relationship Management,User Experience,Search Experience Optimization (SXO),Big data,CDPS,Human Pyschology,Data Warehousing,Analytics,,,,,,,,Internet of Behaviour Analyst
SQL Server,Computer Hardware Knowledge,Networking,Windows,Troubleshooting,Customer Relationship Management,Software Engineering,SQL,SaaS,,,,,,,Customer Support Analyst
Networking,Computer Hardware Knowledge,SQL Server,Windows,Troubleshooting,SQL,Software Engineering,Customer Relationship Management,SaaS,,,,,,,Customer Support Analyst
User Experience,CDPS,Customer Relationship Management,Search Experience Optimization (SXO),Big data,Data Warehousing,Analytics,Human Pyschology,,,,,,,,Internet of Behaviour Analyst
Troubleshooting,Computer Hardware Knowledge,Networking,SQL Server,Windows,Software Engineering,Customer Relationship Management,SaaS,SQL,,,,,,,Customer Support Analyst
Search Experience Optimization (SXO),Customer Relationship Management,User Experience,Big data,CDPS,Analytics,Human Pyschology,Data Warehousing,,,,,,,,Internet of Behaviour Analyst
Customer Relationship Management,CDPS,User Experience,Search Experience Optimization (SXO),Big data,Human Pyschology,Analytics,Data Warehousing,,,,,,,,Internet of Behaviour Analyst
Windows,Troubleshooting,SQL Server,Networking,Computer Hardware Knowledge,SQL,SaaS,Software Engineering,Customer Relationship Management,,,,,,,Customer Support Analyst
Big data,User Experience,Customer Relationship Management,Search Experience Optimization (SXO),CDPS,Human Pyschology,Data Warehousing,Analytics,,,,,,,,Internet of Behaviour Analyst
CDPS,Search Experience Optimization (SXO),Big data,Customer Relationship Management,User Experience,Human Pyschology,Data Warehousing,Analytics,,,,,,,,Internet of Behaviour Analyst
Search Experience Optimization (SXO),CDPS,Big data,User Experience,Customer Relationship Management,Analytics,Human Pyschology,Data Warehousing,,,,,,,,Internet of Behaviour Analyst
User Experience,Big data,CDPS,Search Experience Optimization (SXO),Customer Relationship Management,Analytics,Human Pyschology,Data Warehousing,,,,,,,,Internet of Behaviour Analyst
Big data,Customer Relationship Management,CDPS,User Experience,Search Experience Optimization (SXO),Analytics,Data Warehousing,Human Pyschology,,,,,,,,Internet of Behaviour Analyst
Big data,User Experience,CDPS,Search Experience Optimization (SXO),Customer Relationship Management,Human Pyschology,Analytics,Data Warehousing,,,,,,,,Internet of Behaviour Analyst
Troubleshooting,SQL Server,Windows,Computer Hardware Knowledge,Networking,Customer Relationship Management,SaaS,Software Engineering,SQL,,,,,,,Customer Support Analyst
Networking,SQL Server,Computer Hardware Knowledge,Windows,Troubleshooting,SQL,Customer Relationship Management,Software Engineering,SaaS,,,,,,,Customer Support Analyst
User Experience,Search Experience Optimization (SXO),Customer Relationship Management,Big data,CDPS,Data Warehousing,Analytics,Human Pyschology,,,,,,,,Internet of Behaviour Analyst
Troubleshooting,Networking,Windows,Computer Hardware Knowledge,SQL Server,SQL,Software Engineering,Customer Relationship Management,SaaS,,,,,,,Customer Support Analyst
Computer Hardware Knowledge,SQL Server,Networking,Windows,Troubleshooting,Software Engineering,Customer Relationship Management,SQL,SaaS,,,,,,,Customer Support Analyst
Networking,SQL Server,Windows,Troubleshooting,Computer Hardware Knowledge,Customer Relationship Management,Software Engineering,SQL,SaaS,,,,,,,Customer Support Analyst
CDPS,Big data,Customer Relationship Management,Search Experience Optimization (SXO),User Experience,Analytics,Human Pyschology,Data Warehousing,,,,,,,,Internet of Behaviour Analyst
Big data,CDPS,Customer Relationship Management,User Experience,Search Experience Optimization (SXO),Analytics,Human Pyschology,Data Warehousing,,,,,,,,Internet of Behaviour Analyst
Windows,Computer Hardware Knowledge,Networking,SQL Server,Troubleshooting,SaaS,Software Engineering,SQL,Customer Relationship Management,,,,,,,Customer Support Analyst
Customer Relationship Management,User Experience,Big data,CDPS,Search Experience Optimization (SXO),Data Warehousing,Analytics,Human Pyschology,,,,,,,,Internet of Behaviour Analyst
SQL Server,Troubleshooting,Windows,Computer Hardware Knowledge,Networking,SaaS,Customer Relationship Management,Software Engineering,SQL,,,,,,,Customer Support Analyst
Search Experience Optimization (SXO),User Experience,CDPS,Customer Relationship Management,Big data,Data Warehousing,Human Pyschology,Analytics,,,,,,,,Internet of Behaviour Analyst
Customer Relationship Management,User Experience,Big data,Search Experience Optimization (SXO),CDPS,Analytics,Data Warehousing,Human Pyschology,,,,,,,,Internet of Behaviour Analyst
Windows,Computer Hardware Knowledge,Troubleshooting,Networking,SQL Server,Customer Relationship Management,SaaS,SQL,Software Engineering,,,,,,,Customer Support Analyst
CDPS,Big data,Search Experience Optimization (SXO),Customer Relationship Management,User Experience,Human Pyschology,Analytics,Data Warehousing,,,,,,,,Internet of Behaviour Analyst
Troubleshooting,Networking,Computer Hardware Knowledge,Windows,SQL Server,SQL,Software Engineering,SaaS,Customer Relationship Management,,,,,,,Customer Support Analyst
Big data,Customer Relationship Management,Search Experience Optimization (SXO),User Experience,CDPS,Data Warehousing,Analytics,Human Pyschology,,,,,,,,Internet of Behaviour Analyst
CDPS,Big data,Customer Relationship Management,User Experience,Search Experience Optimization (SXO),Human Pyschology,Analytics,Data Warehousing,,,,,,,,Internet of Behaviour Analyst
Search Experience Optimization (SXO),Big data,CDPS,Customer Relationship Management,User Experience,Data Warehousing,Analytics,Human Pyschology,,,,,,,,Internet of Behaviour Analyst
SQL Server,Networking,Troubleshooting,Computer Hardware Knowledge,Windows,SQL,SaaS,Software Engineering,Customer Relationship Management,,,,,,,Customer Support Analyst
Troubleshooting,Windows,SQL Server,Computer Hardware Knowledge,Networking,Customer Relationship Management,Software Engineering,SaaS,SQL,,,,,,,Customer Support Analyst
CDPS,User Experience,Search Experience Optimization (SXO),Big data,Customer Relationship Management,Data Warehousing,Human Pyschology,Analytics,,,,,,,,Internet of Behaviour Analyst
Search Experience Optimization (SXO),User Experience,CDPS,Big data,Customer Relationship Management,Analytics,Human Pyschology,Data Warehousing,,,,,,,,Internet of Behaviour Analyst
SQL Server,Windows,Networking,Computer Hardware Knowledge,Troubleshooting,Customer Relationship Management,SaaS,SQL,Software Engineering,,,,,,,Customer Support Analyst
User Experience,Customer Relationship Management,Big data,Search Experience Optimization (SXO),CDPS,Data Warehousing,Analytics,Human Pyschology,,,,,,,,Internet of Behaviour Analyst
Search Experience Optimization (SXO),Customer Relationship Management,CDPS,User Experience,Big data,Data Warehousing,Analytics,Human Pyschology,,,,,,,,Internet of Behaviour Analyst
User Experience,Big data,CDPS,Customer Relationship Management,Search Experience Optimization (SXO),Human Pyschology,Analytics,Data Warehousing,,,,,,,,Internet of Behaviour Analyst
Networking,Troubleshooting,SQL Server,Computer Hardware Knowledge,Windows,SaaS,Software Engineering,SQL,Customer Relationship Management,,,,,,,Customer Support Analyst
Computer Hardware Knowledge,Troubleshooting,Networking,SQL Server,Windows,Customer Relationship Management,Software Engineering,SaaS,SQL,,,,,,,Customer Support Analyst
User Experience,CDPS,Search Experience Optimization (SXO),Big data,Customer Relationship Management,Human Pyschology,Data Warehousing,Analytics,,,,,,,,Internet of Behaviour Analyst
Computer Hardware Knowledge,Networking,Windows,SQL Server,Troubleshooting,Software Engineering,SQL,SaaS,Customer Relationship Management,,,,,,,Customer Support Analyst
Troubleshooting,Networking,Computer Hardware Knowledge,SQL Server,Windows,Software Engineering,SaaS,Customer Relationship Management,SQL,,,,,,,Customer Support Analyst
Troubleshooting,Networking,Windows,SQL Server,Computer Hardware Knowledge,SaaS,Customer Relationship Management,SQL,Software Engineering,,,,,,,Customer Support Analyst
User Experience,CDPS,Big data,Search Experience Optimization (SXO),Customer Relationship Management,Analytics,Data Warehousing,Human Pyschology,,,,,,,,Internet of Behaviour Analyst
Big data,User Experience,Search Experience Optimization (SXO),CDPS,Customer Relationship Management,Data Warehousing,Analytics,Human Pyschology,,,,,,,,Internet of Behaviour Analyst
CDPS,User Experience,Customer Relationship Management,Big data,Search Experience Optimization (SXO),Data Warehousing,Analytics,Human Pyschology,,,,,,,,Internet of Behaviour Analyst
Windows,Networking,Troubleshooting,SQL Server,Computer Hardware Knowledge,SQL,Customer Relationship Management,SaaS,Software Engineering,,,,,,,Customer Support Analyst
User Experience,Search Experience Optimization (SXO),Customer Relationship Management,CDPS,Big data,Data Warehousing,Human Pyschology,Analytics,,,,,,,,Internet of Behaviour Analyst
Computer Hardware Knowledge,Windows,Networking,Troubleshooting,SQL Server,SaaS,Customer Relationship Management,Software Engineering,SQL,,,,,,,Customer Support Analyst
Windows,SQL Server,Computer Hardware Knowledge,Networking,Troubleshooting,SaaS,Customer Relationship Management,Software Engineering,SQL,,,,,,,Customer Support Analyst
Troubleshooting,Computer Hardware Knowledge,SQL Server,Windows,Networking,Customer Relationship Management,SQL,SaaS,Software Engineering,,,,,,,Customer Support Analyst
Search Experience Optimization (SXO),CDPS,Customer Relationship Management,User Experience,Big data,Data Warehousing,Human Pyschology,Analytics,,,,,,,,Internet of Behaviour Analyst
Computer Hardware Knowledge,SQL Server,Windows,Troubleshooting,Networking,SQL,SaaS,Software Engineering,Customer Relationship Management,,,,,,,Customer Support Analyst
Computer Hardware Knowledge,Windows,Networking,SQL Server,Troubleshooting,Software Engineering,SaaS,SQL,Customer Relationship Management,,,,,,,Customer Support Analyst
Troubleshooting,Windows,Computer Hardware Knowledge,SQL Server,Networking,Customer Relationship Management,Software Engineering,SQL,SaaS,,,,,,,Customer Support Analyst
Networking,Computer Hardware Knowledge,Troubleshooting,Windows,SQL Server,Software Engineering,SaaS,SQL,Customer Relationship Management,,,,,,,Customer Support Analyst
User Experience,Search Experience Optimization (SXO),Big data,Customer Relationship Management,CDPS,Human Pyschology,Analytics,Data Warehousing,,,,,,,,Internet of Behaviour Analyst
Big data,CDPS,Customer Relationship Management,Search Experience Optimization (SXO),User Experience,Human Pyschology,Analytics,Data Warehousing,,,,,,,,Internet of Behaviour Analyst
Search Experience Optimization (SXO),Big data,Customer Relationship Management,User Experience,CDPS,Human Pyschology,Data Warehousing,Analytics,,,,,,,,Internet of Behaviour Analyst
Windows,SQL Server,Troubleshooting,Networking,Computer Hardware Knowledge,SQL,Software Engineering,SaaS,Customer Relationship Management,,,,,,,Customer Support Analyst
Troubleshooting,Computer Hardware Knowledge,Windows,Networking,SQL Server,SQL,SaaS,Customer Relationship Management,Software Engineering,,,,,,,Customer Support Analyst
User Experience,Search Experience Optimization (SXO),Big data,CDPS,Customer Relationship Management,Analytics,Human Pyschology,Data Warehousing,,,,,,,,Internet of Behaviour Analyst
Customer Relationship Management,Big data,CDPS,Search Experience Optimization (SXO),User Experience,Data Warehousing,Human Pyschology,Analytics,,,,,,,,Internet of Behaviour Analyst
Big data,Search Experience Optimization (SXO),Customer Relationship Management,User Experience,CDPS,Data Warehousing,Human Pyschology,Analytics,,,,,,,,Internet of Behaviour Analyst
CDPS,User Experience,Big data,Search Experience Optimization (SXO),Customer Relationship Management,Data Warehousing,Analytics,Human Pyschology,,,,,,,,Internet of Behaviour Analyst
Windows,Troubleshooting,Computer Hardware Knowledge,Networking,SQL Server,Customer Relationship Management,SQL,SaaS,Software Engineering,,,,,,,Customer Support Analyst
Windows,Troubleshooting,SQL Server,Computer Hardware Knowledge,Networking,Software Engineering,Customer Relationship Management,SaaS,SQL,,,,,,,Customer Support Analyst
Computer Hardware Knowledge,Windows,Troubleshooting,Networking,SQL Server,SaaS,Customer Relationship Management,SQL,Software Engineering,,,,,,,Customer Support Analyst
Search Experience Optimization (SXO),Customer Relationship Management,User Experience,CDPS,Big data,Human Pyschology,Analytics,Data Warehousing,,,,,,,,Internet of Behaviour Analyst
Windows,Networking,Computer Hardware Knowledge,Troubleshooting,SQL Server,Customer Relationship Management,Software Engineering,SaaS,SQL,,,,,,,Customer Support Analyst
Windows,Computer Hardware Knowledge,Troubleshooting,SQL Server,Networking,Software Engineering,SQL,Customer Relationship Management,SaaS,,,,,,,Customer Support Analyst
Big data,Search Experience Optimization (SXO),User Experience,CDPS,Customer Relationship Management,Data Warehousing,Human Pyschology,Analytics,,,,,,,,Internet of Behaviour Analyst
SQL Server,Windows,Troubleshooting,Networking,Computer Hardware Knowledge,Software Engineering,SQL,SaaS,Customer Relationship Management,,,,,,,Customer Support Analyst
Networking,Windows,Computer Hardware Knowledge,Troubleshooting,SQL Server,Software Engineering,Customer Relationship Management,SaaS,SQL,,,,,,,Customer Support Analyst
Customer Relationship Management,Search Experience Optimization (SXO),Big data,CDPS,User Experience,Data Warehousing,Human Pyschology,Analytics,,,,,,,,Internet of Behaviour Analyst
Customer Relationship Management,Big data,Search Experience Optimization (SXO),User Experience,CDPS,Analytics,Data Warehousing,Human Pyschology,,,,,,,,Internet of Behaviour Analyst
Networking,Windows,Troubleshooting,Computer Hardware Knowledge,SQL Server,Software Engineering,Customer Relationship Management,SQL,SaaS,,,,,,,Customer Support Analyst
Networking,Troubleshooting,SQL Server,Windows,Computer Hardware Knowledge,Customer Relationship Management,SaaS,Software Engineering,SQL,,,,,,,Customer Support Analyst
Windows,Troubleshooting,Computer Hardware Knowledge,SQL Server,Networking,Software Engineering,Customer Relationship Management,SQL,SaaS,,,,,,,Customer Support Analyst
Windows,Networking,SQL Server,Troubleshooting,Computer Hardware Knowledge,SQL,Customer Relationship Management,Software Engineering,SaaS,,,,,,,Customer Support Analyst
Customer Relationship Management,CDPS,Big data,Search Experience Optimization (SXO),User Experience,Data Warehousing,Analytics,Human Pyschology,,,,,,,,Internet of Behaviour Analyst
User Experience,Big data,Search Experience Optimization (SXO),Customer Relationship Management,CDPS,Human Pyschology,Data Warehousing,Analytics,,,,,,,,Internet of Behaviour Analyst
Computer Hardware Knowledge,Windows,Troubleshooting,SQL Server,Networking,SQL,Software Engineering,Customer Relationship Management,SaaS,,,,,,,Customer Support Analyst
CDPS,Customer Relationship Management,Search Experience Optimization (SXO),Big data,User Experience,Analytics,Human Pyschology,Data Warehousing,,,,,,,,Internet of Behaviour Analyst
Troubleshooting,Windows,SQL Server,Networking,Computer Hardware Knowledge,SaaS,SQL,Software Engineering,Customer Relationship Management,,,,,,,Customer Support Analyst
Networking,Windows,SQL Server,Troubleshooting,Computer Hardware Knowledge,Customer Relationship Management,SQL,Software Engineering,SaaS,,,,,,,Customer Support Analyst
Computer Hardware Knowledge,SQL Server,Troubleshooting,Windows,Networking,SQL,SaaS,Customer Relationship Management,Software Engineering,,,,,,,Customer Support Analyst
Computer Hardware Knowledge,Windows,SQL Server,Networking,Troubleshooting,Software Engineering,SaaS,Customer Relationship Management,SQL,,,,,,,Customer Support Analyst
Windows,SQL Server,Computer Hardware Knowledge,Troubleshooting,Networking,Software Engineering,SaaS,SQL,Customer Relationship Management,,,,,,,Customer Support Analyst
Big data,Customer Relationship Management,CDPS,Search Experience Optimization (SXO),User Experience,Human Pyschology,Data Warehousing,Analytics,,,,,,,,Internet of Behaviour Analyst
Search Experience Optimization (SXO),User Experience,Customer Relationship Management,CDPS,Big data,Human Pyschology,Data Warehousing,Analytics,,,,,,,,Internet of Behaviour Analyst
Customer Relationship Management,Search Experience Optimization (SXO),CDPS,User Experience,Big data,Analytics,Data Warehousing,Human Pyschology,,,,,,,,Internet of Behaviour Analyst
Big data,User Experience,CDPS,Customer Relationship Management,Search Experience Optimization (SXO),Analytics,Human Pyschology,Data Warehousing,,,,,,,,Internet of Behaviour Analyst
Troubleshooting,Computer Hardware Knowledge,Windows,SQL Server,Networking,Customer Relationship Management,SQL,Software Engineering,SaaS,,,,,,,Customer Support Analyst
Networking,Computer Hardware Knowledge,SQL Server,Troubleshooting,Windows,SaaS,Customer Relationship Management,SQL,Software Engineering,,,,,,,Customer Support Analyst
Customer Relationship Management,Big data,Search Experience Optimization (SXO),CDPS,User Experience,Data Warehousing,Analytics,Human Pyschology,,,,,,,,Internet of Behaviour Analyst
Big data,Search Experience Optimization (SXO),CDPS,Customer Relationship Management,User Experience,Analytics,Data Warehousing,Human Pyschology,,,,,,,,Internet of Behaviour Analyst
Big data,Search Experience Optimization (SXO),Customer Relationship Management,CDPS,User Experience,Analytics,Human Pyschology,Data Warehousing,,,,,,,,Internet of Behaviour Analyst
CDPS,Big data,User Experience,Search Experience Optimization (SXO),Customer Relationship Management,Data Warehousing,Human Pyschology,Analytics,,,,,,,,Internet of Behaviour Analyst
CDPS,Customer Relationship Management,Search Experience Optimization (SXO),User Experience,Big data,Human Pyschology,Analytics,Data Warehousing,,,,,,,,Internet of Behaviour Analyst
Troubleshooting,SQL Server,Networking,Computer Hardware Knowledge,Windows,Software Engineering,SQL,SaaS,Customer Relationship Management,,,,,,,Customer Support Analyst
SQL Server,Windows,Computer Hardware Knowledge,Troubleshooting,Networking,SaaS,Software Engineering,SQL,Customer Relationship Management,,,,,,,Customer Support Analyst
Networking,Troubleshooting,Computer Hardware Knowledge,Windows,SQL Server,Software Engineering,SQL,SaaS,Customer Relationship Management,,,,,,,Customer Support Analyst
User Experience,Customer Relationship Management,Search Experience Optimization (SXO),CDPS,Big data,Data Warehousing,Analytics,Human Pyschology,,,,,,,,Internet of Behaviour Analyst
User Experience,Customer Relationship Management,CDPS,Big data,Search Experience Optimization (SXO),Analytics,Human Pyschology,Data Warehousing,,,,,,,,Internet of Behaviour Analyst
User Experience,Customer Relationship Management,Big data,CDPS,Search Experience Optimization (SXO),Analytics,Data Warehousing,Human Pyschology,,,,,,,,Internet of Behaviour Analyst
CDPS,Customer Relationship Management,Big data,User Experience,Search Experience Optimization (SXO),Human Pyschology,Data Warehousing,Analytics,,,,,,,,Internet of Behaviour Analyst
Customer Relationship Management,Search Experience Optimization (SXO),CDPS,Big data,User Experience,Human Pyschology,Data Warehousing,Analytics,,,,,,,,Internet of Behaviour Analyst
Customer Relationship Management,Big data,CDPS,User Experience,Search Experience Optimization (SXO),Data Warehousing,Analytics,Human Pyschology,,,,,,,,Internet of Behaviour Analyst
Networking,SQL Server,Troubleshooting,Windows,Computer Hardware Knowledge,Customer Relationship Management,Software Engineering,SaaS,SQL,,,,,,,Customer Support Analyst
SQL Server,Computer Hardware Knowledge,Troubleshooting,Windows,Networking,SaaS,SQL,Customer Relationship Management,Software Engineering,,,,,,,Customer Support Analyst
Search Experience Optimization (SXO),Big data,CDPS,User Experience,Customer Relationship Management,Analytics,Data Warehousing,Human Pyschology,,,,,,,,Internet of Behaviour Analyst
Computer Hardware Knowledge,Troubleshooting,Windows,SQL Server,Networking,SQL,Customer Relationship Management,Software Engineering,SaaS,,,,,,,Customer Support Analyst
Search Experience Optimization (SXO),User Experience,Big data,CDPS,Customer Relationship Management,Human Pyschology,Analytics,Data Warehousing,,,,,,,,Internet of Behaviour Analyst
User Experience,CDPS,Customer Relationship Management,Big data,Search Experience Optimization (SXO),Analytics,Data Warehousing,Human Pyschology,,,,,,,,Internet of Behaviour Analyst
Windows,Computer Hardware Knowledge,SQL Server,Troubleshooting,Networking,Software Engineering,SQL,SaaS,Customer Relationship Management,,,,,,,Customer Support Analyst
Troubleshooting,Computer Hardware Knowledge,SQL Server,Networking,Windows,Software Engineering,Customer Relationship Management,SQL,SaaS,,,,,,,Customer Support Analyst
Customer Relationship Management,CDPS,Big data,User Experience,Search Experience Optimization (SXO),Data Warehousing,Human Pyschology,Analytics,,,,,,,,Internet of Behaviour Analyst
Search Experience Optimization (SXO),Customer Relationship Management,CDPS,Big data,User Experience,Data Warehousing,Human Pyschology,Analytics,,,,,,,,Internet of Behaviour Analyst
SQL Server,Troubleshooting,Computer Hardware Knowledge,Windows,Networking,SaaS,Customer Relationship Management,SQL,Software Engineering,,,,,,,Customer Support Analyst
SQL Server,Troubleshooting,Windows,Networking,Computer Hardware Knowledge,Software Engineering,SaaS,SQL,Customer Relationship Management,,,,,,,Customer Support Analyst
User Experience,Customer Relationship Management,CDPS,Search Experience Optimization (SXO),Big data,Data Warehousing,Human Pyschology,Analytics,,,,,,,,Internet of Behaviour Analyst
CDPS,User Experience,Search Experience Optimization (SXO),Customer Relationship Management,Big data,Analytics,Human Pyschology,Data Warehousing,,,,,,,,Internet of Behaviour Analyst
SQL Server,Computer Hardware Knowledge,Networking,Troubleshooting,Windows,SQL,Customer Relationship Management,SaaS,Software Engineering,,,,,,,Customer Support Analyst
Customer Relationship Management,CDPS,Search Experience Optimization (SXO),User Experience,Big data,Analytics,Human Pyschology,Data Warehousing,,,,,,,,Internet of Behaviour Analyst
Troubleshooting,Windows,Computer Hardware Knowledge,Networking,SQL Server,SQL,Customer Relationship Management,SaaS,Software Engineering,,,,,,,Customer Support Analyst
Windows,Computer Hardware Knowledge,SQL Server,Networking,Troubleshooting,SaaS,Software Engineering,Customer Relationship Management,SQL,,,,,,,Customer Support Analyst
Computer Hardware Knowledge,Networking,Troubleshooting,SQL Server,Windows,Customer Relationship Management,SaaS,Software Engineering,SQL,,,,,,,Customer Support Analyst
Computer Hardware Knowledge,Networking,Windows,Troubleshooting,SQL Server,SaaS,Software Engineering,Customer Relationship Management,SQL,,,,,,,Customer Support Analyst
Customer Relationship Management,User Experience,Search Experience Optimization (SXO),CDPS,Big data,Analytics,Data Warehousing,Human Pyschology,,,,,,,,Internet of Behaviour Analyst
Networking,Troubleshooting,Windows,Computer Hardware Knowledge,SQL Server,Software Engineering,SQL,Customer Relationship Management,SaaS,,,,,,,Customer Support Analyst
Networking,SQL Server,Windows,Computer Hardware Knowledge,Troubleshooting,SQL,Customer Relationship Management,SaaS,Software Engineering,,,,,,,Customer Support Analyst
Computer Hardware Knowledge,SQL Server,Troubleshooting,Networking,Windows,Customer Relationship Management,SQL,Software Engineering,SaaS,,,,,,,Customer Support Analyst
Networking,SQL Server,Computer Hardware Knowledge,Troubleshooting,Windows,SaaS,SQL,Customer Relationship Management,Software Engineering,,,,,,,Customer Support Analyst
Computer Hardware Knowledge,Networking,SQL Server,Troubleshooting,Windows,Customer Relationship Management,SaaS,SQL,Software Engineering,,,,,,,Customer Support Analyst
Big data,User Experience,Search Experience Optimization (SXO),Customer Relationship Management,CDPS,Data Warehousing,Human Pyschology,Analytics,,,,,,,,Internet of Behaviour Analyst
Customer Relationship Management,User Experience,CDPS,Search Experience Optimization (SXO),Big data,Human Pyschology,Data Warehousing,Analytics,,,,,,,,Internet of Behaviour Analyst
SQL Server,Computer Hardware Knowledge,Windows,Troubleshooting,Networking,SaaS,SQL,Software Engineering,Customer Relationship Management,,,,,,,Customer Support Analyst
CDPS,User Experience,Customer Relationship Management,Search Experience Optimization (SXO),Big data,Analytics,Data Warehousing,Human Pyschology,,,,,,,,Internet of Behaviour Analyst
Troubleshooting,SQL Server,Networking,Windows,Computer Hardware Knowledge,SaaS,Software Engineering,Customer Relationship Management,SQL,,,,,,,Customer Support Analyst
Search Experience Optimization (SXO),CDPS,Big data,Customer Relationship Management,User Experience,Data Warehousing,Human Pyschology,Analytics,,,,,,,,Internet of Behaviour Analyst
Troubleshooting,Networking,SQL Server,Computer Hardware Knowledge,Windows,Software Engineering,SaaS,SQL,Customer Relationship Management,,,,,,,Customer Support Analyst
Customer Relationship Management,User Experience,CDPS,Big data,Search Experience Optimization (SXO),Human Pyschology,Analytics,Data Warehousing,,,,,,,,Internet of Behaviour Analyst
User Experience,Search Experience Optimization (SXO),CDPS,Customer Relationship Management,Big data,Human Pyschology,Data Warehousing,Analytics,,,,,,,,Internet of Behaviour Analyst
CDPS,Customer Relationship Management,User Experience,Big data,Search Experience Optimization (SXO),Data Warehousing,Human Pyschology,Analytics,,,,,,,,Internet of Behaviour Analyst
CDPS,Search Experience Optimization (SXO),Customer Relationship Management,User Experience,Big data,Human Pyschology,Data Warehousing,Analytics,,,,,,,,Internet of Behaviour Analyst
Search Experience Optimization (SXO),CDPS,User Experience,Customer Relationship Management,Big data,Data Warehousing,Analytics,Human Pyschology,,,,,,,,Internet of Behaviour Analyst
Networking,Troubleshooting,Windows,SQL Server,Computer Hardware Knowledge,Customer Relationship Management,SaaS,SQL,Software Engineering,,,,,,,Customer Support Analyst
CDPS,Search Experience Optimization (SXO),Customer Relationship Management,Big data,User Experience,Analytics,Data Warehousing,Human Pyschology,,,,,,,,Internet of Behaviour Analyst
Networking,Windows,SQL Server,Computer Hardware Knowledge,Troubleshooting,SQL,SaaS,Customer Relationship Management,Software Engineering,,,,,,,Customer Support Analyst
SQL Server,Networking,Computer Hardware Knowledge,Troubleshooting,Windows,SQL,SaaS,Customer Relationship Management,Software Engineering,,,,,,,Customer Support Analyst
Networking,Computer Hardware Knowledge,Windows,SQL Server,Troubleshooting,SQL,Software Engineering,SaaS,Customer Relationship Management,,,,,,,Customer Support Analyst
SQL Server,Computer Hardware Knowledge,Troubleshooting,Networking,Windows,SQL,Customer Relationship Management,Software Engineering,SaaS,,,,,,,Customer Support Analyst
SQL Server,Networking,Windows,Computer Hardware Knowledge,Troubleshooting,Customer Relationship Management,SQL,SaaS,Software Engineering,,,,,,,Customer Support Analyst
Big data,Search Experience Optimization (SXO),CDPS,User Experience,Customer Relationship Management,Data Warehousing,Analytics,Human Pyschology,,,,,,,,Internet of Behaviour Analyst
Troubleshooting,SQL Server,Computer Hardware Knowledge,Windows,Networking,Customer Relationship Management,SaaS,SQL,Software Engineering,,,,,,,Customer Support Analyst
Big data,Search Experience Optimization (SXO),User Experience,Customer Relationship Management,CDPS,Data Warehousing,Analytics,Human Pyschology,,,,,,,,Internet of Behaviour Analyst
Troubleshooting,Computer Hardware Knowledge,Networking,Windows,SQL Server,SQL,SaaS,Software Engineering,Customer Relationship Management,,,,,,,Customer Support Analyst
SQL Server,Windows,Troubleshooting,Computer Hardware Knowledge,Networking,SaaS,Software Engineering,Customer Relationship Management,SQL,,,,,,,Customer Support Analyst
Networking,SQL Server,Troubleshooting,Computer Hardware Knowledge,Windows,SaaS,SQL,Software Engineering,Customer Relationship Management,,,,,,,Customer Support Analyst
Big data,Customer Relationship Management,User Experience,Search Experience Optimization (SXO),CDPS,Human Pyschology,Analytics,Data Warehousing,,,,,,,,Internet of Behaviour Analyst
Computer Hardware Knowledge,Networking,Troubleshooting,Windows,SQL Server,SaaS,Software Engineering,SQL,Customer Relationship Management,,,,,,,Customer Support Analyst
Customer Relationship Management,Big data,User Experience,Search Experience Optimization (SXO),CDPS,Analytics,Human Pyschology,Data Warehousing,,,,,,,,Internet of Behaviour Analyst
Search Experience Optimization (SXO),CDPS,User Experience,Big data,Customer Relationship Management,Analytics,Data Warehousing,Human Pyschology,,,,,,,,Internet of Behaviour Analyst
User Experience,Big data,Search Experience Optimization (SXO),CDPS,Customer Relationship Management,Analytics,Data Warehousing,Human Pyschology,,,,,,,,Internet of Behaviour Analyst
Computer Hardware Knowledge,SQL Server,Windows,Networking,Troubleshooting,Software Engineering,Customer Relationship Management,SaaS,SQL,,,,,,,Customer Support Analyst
CDPS,Search Experience Optimization (SXO),User Experience,Customer Relationship Management,Big data,Analytics,Data Warehousing,Human Pyschology,,,,,,,,Internet of Behaviour Analyst
Big data,CDPS,User Experience,Customer Relationship Management,Search Experience Optimization (SXO),Analytics,Data Warehousing,Human Pyschology,,,,,,,,Internet of Behaviour Analyst
Windows,Networking,Troubleshooting,Computer Hardware Knowledge,SQL Server,Customer Relationship Management,Software Engineering,SQL,SaaS,,,,,,,Customer Support Analyst
Search Experience Optimization (SXO),Big data,User Experience,Customer Relationship Management,CDPS,Analytics,Data Warehousing,Human Pyschology,,,,,,,,Internet of Behaviour Analyst
Search Experience Optimization (SXO),Customer Relationship Management,Big data,CDPS,User Experience,Human Pyschology,Data Warehousing,Analytics,,,,,,,,Internet of Behaviour Analyst
Customer Relationship Management,Search Experience Optimization (SXO),Big data,User Experience,CDPS,Analytics,Human Pyschology,Data Warehousing,,,,,,,,Internet of Behaviour Analyst
Windows,Networking,SQL Server,Computer Hardware Knowledge,Troubleshooting,SaaS,SQL,Customer Relationship Management,Software Engineering,,,,,,,Customer Support Analyst
SQL Server,Troubleshooting,Computer Hardware Knowledge,Networking,Windows,SQL,Software Engineering,Customer Relationship Management,SaaS,,,,,,,Customer Support Analyst
SQL Server,Windows,Networking,Troubleshooting,Computer Hardware Knowledge,Software Engineering,SQL,Customer Relationship Management,SaaS,,,,,,,Customer Support Analyst
SQL Server,Troubleshooting,Networking,Windows,Computer Hardware Knowledge,Software Engineering,SaaS,Customer Relationship Management,SQL,,,,,,,Customer Support Analyst
Search Experience Optimization (SXO),Big data,User Experience,CDPS,Customer Relationship Management,Human Pyschology,Data Warehousing,Analytics,,,,,,,,Internet of Behaviour Analyst
User Experience,Big data,Customer Relationship Management,Search Experience Optimization (SXO),CDPS,Data Warehousing,Human Pyschology,Analytics,,,,,,,,Internet of Behaviour Analyst
User Experience,CDPS,Big data,Customer Relationship Management,Search Experience Optimization (SXO),Human Pyschology,Data Warehousing,Analytics,,,,,,,,Internet of Behaviour Analyst
Computer Hardware Knowledge,Troubleshooting,Windows,Networking,SQL Server,SaaS,SQL,Customer Relationship Management,Software Engineering,,,,,,,Customer Support Analyst
Big data,Customer Relationship Management,Search Experience Optimization (SXO),CDPS,User Experience,Analytics,Data Warehousing,Human Pyschology,,,,,,,,Internet of Behaviour Analyst
Customer Relationship Management,CDPS,Search Experience Optimization (SXO),Big data,User Experience,Human Pyschology,Analytics,Data Warehousing,,,,,,,,Internet of Behaviour Analyst
Customer Relationship Management,Search Experience Optimization (SXO),User Experience,Big data,CDPS,Human Pyschology,Analytics,Data Warehousing,,,,,,,,Internet of Behaviour Analyst
SQL Server,Troubleshooting,Networking,Computer Hardware Knowledge,Windows,SQL,Software Engineering,SaaS,Customer Relationship Management,,,,,,,Customer Support Analyst
