Javascript,Java,Python,Ruby,C++,C,Node.js,Scala,PHP,C#,APIs,NoSQL,Relational Databases,.Net,DevOps,IT Project Manager
Java,C++,Python,Ruby,Javascript,Node.js,C#,Scala,PHP,C,NoSQL,DevOps,Relational Databases,.Net,APIs,IT Project Manager
Python,C++,Java,Ruby,Javascript,Scala,C#,Node.js,PHP,C,Relational Databases,DevOps,NoSQL,.Net,APIs,Senior IT Project Manager
C++,Python,Javascript,Java,Ruby,C#,Scala,C,Node.js,PHP,DevOps,Relational Databases,APIs,NoSQL,.Net,IT Project Manager
C++,Ruby,Javascript,Python,Java,C#,PHP,C,Scala,Node.js,DevOps,.Net,APIs,Relational Databases,NoSQL,Senior IT Project Manager
C++,Python,Java,Ruby,Javascript,C#,Scala,Node.js,PHP,C,DevOps,Relational Databases,NoSQL,.Net,APIs,Senior IT Project Manager
Java,Javascript,Ruby,Python,C++,Node.js,C,PHP,Scala,C#,NoSQL,APIs,.Net,Relational Databases,DevOps,Senior IT Project Manager
Javascript,PowerShell,Ruby,C++,Python,DevOps,AWS,C,Statistics,SQL,Oracle,Deep Learning,Machine Learning,Azure ,Google Cloud,IT Operations Manager
Javascript,Ruby,Python,C++,Java,C,PHP,Scala,C#,Node.js,APIs,.Net,Relational Databases,DevOps,NoSQL,IT Project Manager
Ruby,Java,Javascript,Python,C++,PHP,Node.js,C,Scala,C#,.Net,NoSQL,APIs,Relational Databases,DevOps,Senior IT Project Manager
C++,Python,Ruby,Javascript,PowerShell,Statistics,SQL,C,DevOps,AWS,Azure ,Google Cloud,Machine Learning,Oracle,Deep Learning,IT Operations Manager
Python,Javascript,Java,Ruby,C++,Scala,C,Node.js,PHP,C#,Relational Databases,APIs,NoSQL,.Net,DevOps,Senior IT Project Manager
Javascript,Ruby,PowerShell,Python,C++,DevOps,C,AWS,SQL,Statistics,Oracle,Machine Learning,Deep Learning,Google Cloud,Azure ,IT Operations Manager
Javascript,Java,Python,Ruby,C++,C,Node.js,Scala,PHP,C#,APIs,NoSQL,Relational Databases,.Net,DevOps,Senior IT Project Manager
Python,Ruby,PowerShell,Javascript,C++,SQL,C,AWS,DevOps,Statistics,Google Cloud,Machine Learning,Deep Learning,Oracle,Azure ,IT Operations Manager
Python,Ruby,Java,C++,Javascript,Scala,PHP,Node.js,C#,C,Relational Databases,.Net,NoSQL,DevOps,APIs,Senior IT Project Manager
Python,Java,C++,Ruby,Javascript,Scala,Node.js,C#,PHP,C,Relational Databases,NoSQL,DevOps,.Net,APIs,Senior IT Project Manager
Python,Javascript,Ruby,C++,Java,Scala,C,PHP,C#,Node.js,Relational Databases,APIs,.Net,DevOps,NoSQL,IT Project Manager
Ruby,Python,Javascript,C++,Java,PHP,Scala,C,C#,Node.js,.Net,Relational Databases,APIs,DevOps,NoSQL,IT Project Manager
Javascript,C++,Python,Java,Ruby,C,C#,Scala,Node.js,PHP,APIs,DevOps,Relational Databases,NoSQL,.Net,Senior IT Project Manager
Python,Javascript,C++,PowerShell,Ruby,SQL,DevOps,Statistics,AWS,C,Google Cloud,Oracle,Azure ,Deep Learning,Machine Learning,IT Operations Manager
Ruby,C++,Javascript,Python,Java,PHP,C#,C,Scala,Node.js,.Net,DevOps,APIs,Relational Databases,NoSQL,Senior IT Project Manager
Javascript,PowerShell,Python,C++,Ruby,DevOps,AWS,SQL,Statistics,C,Oracle,Deep Learning,Google Cloud,Azure ,Machine Learning,IT Operations Manager
C++,Javascript,Python,Java,Ruby,C#,C,Scala,Node.js,PHP,DevOps,APIs,Relational Databases,NoSQL,.Net,IT Project Manager
Java,Python,C++,Ruby,Javascript,Node.js,Scala,C#,PHP,C,NoSQL,Relational Databases,DevOps,.Net,APIs,IT Project Manager
Javascript,Python,C++,Ruby,PowerShell,DevOps,SQL,Statistics,C,AWS,Oracle,Google Cloud,Azure ,Machine Learning,Deep Learning,IT Operations Manager
C++,Javascript,Java,Ruby,Python,C#,C,Node.js,PHP,Scala,DevOps,APIs,NoSQL,.Net,Relational Databases,IT Project Manager
Javascript,C++,Python,Ruby,Java,C,C#,Scala,PHP,Node.js,APIs,DevOps,Relational Databases,.Net,NoSQL,Senior IT Project Manager
Javascript,Ruby,Java,Python,C++,C,PHP,Node.js,Scala,C#,APIs,.Net,NoSQL,Relational Databases,DevOps,IT Project Manager
Ruby,C++,Javascript,Python,PowerShell,C,Statistics,DevOps,SQL,AWS,Machine Learning,Azure ,Oracle,Google Cloud,Deep Learning,IT Operations Manager
Java,C++,Python,Ruby,Javascript,Node.js,C#,Scala,PHP,C,NoSQL,DevOps,Relational Databases,.Net,APIs,Senior IT Project Manager
Ruby,C++,PowerShell,Python,Javascript,C,Statistics,AWS,SQL,DevOps,Machine Learning,Azure ,Deep Learning,Google Cloud,Oracle,IT Operations Manager
Ruby,Python,C++,Java,Javascript,PHP,Scala,C#,Node.js,C,.Net,Relational Databases,DevOps,NoSQL,APIs,Senior IT Project Manager
PowerShell,Javascript,Ruby,C++,Python,AWS,DevOps,C,Statistics,SQL,Deep Learning,Oracle,Machine Learning,Azure ,Google Cloud,IT Operations Manager
Ruby,C++,Javascript,PowerShell,Python,C,Statistics,DevOps,AWS,SQL,Machine Learning,Azure ,Oracle,Deep Learning,Google Cloud,IT Operations Manager
C++,PowerShell,Python,Javascript,Ruby,Statistics,AWS,SQL,DevOps,C,Azure ,Deep Learning,Google Cloud,Oracle,Machine Learning,IT Operations Manager
C++,Java,Ruby,Python,Javascript,C#,Node.js,PHP,Scala,C,DevOps,NoSQL,.Net,Relational Databases,APIs,IT Project Manager
Python,Javascript,PowerShell,C++,Ruby,SQL,DevOps,AWS,Statistics,C,Google Cloud,Oracle,Deep Learning,Azure ,Machine Learning,IT Operations Manager
Ruby,Python,Javascript,Java,C++,PHP,Scala,C,Node.js,C#,.Net,Relational Databases,APIs,NoSQL,DevOps,Senior IT Project Manager
Java,Ruby,Javascript,C++,Python,Node.js,PHP,C,C#,Scala,NoSQL,.Net,APIs,DevOps,Relational Databases,Senior IT Project Manager
C++,Ruby,Python,Java,Javascript,C#,PHP,Scala,Node.js,C,DevOps,.Net,Relational Databases,NoSQL,APIs,IT Project Manager
Python,Ruby,C++,Java,Javascript,Scala,PHP,C#,Node.js,C,Relational Databases,.Net,DevOps,NoSQL,APIs,Senior IT Project Manager
C++,Java,Python,Ruby,Javascript,C#,Node.js,Scala,PHP,C,DevOps,NoSQL,Relational Databases,.Net,APIs,IT Project Manager
C++,Ruby,Python,Java,Javascript,C#,PHP,Scala,Node.js,C,DevOps,.Net,Relational Databases,NoSQL,APIs,Senior IT Project Manager
C++,Python,Ruby,Javascript,Java,C#,Scala,PHP,C,Node.js,DevOps,Relational Databases,.Net,APIs,NoSQL,Senior IT Project Manager
Ruby,Java,Javascript,C++,Python,PHP,Node.js,C,C#,Scala,.Net,NoSQL,APIs,DevOps,Relational Databases,Senior IT Project Manager
Python,C++,Java,Ruby,Javascript,Scala,C#,Node.js,PHP,C,Relational Databases,DevOps,NoSQL,.Net,APIs,IT Project Manager
PowerShell,Python,Ruby,Javascript,C++,AWS,SQL,C,DevOps,Statistics,Deep Learning,Google Cloud,Machine Learning,Oracle,Azure ,IT Operations Manager
Javascript,Java,Ruby,C++,Python,C,Node.js,PHP,C#,Scala,APIs,NoSQL,.Net,DevOps,Relational Databases,Senior IT Project Manager
Ruby,C++,Python,Javascript,Java,PHP,C#,Scala,C,Node.js,.Net,DevOps,Relational Databases,APIs,NoSQL,IT Project Manager
C++,PowerShell,Python,Ruby,Javascript,Statistics,AWS,SQL,C,DevOps,Azure ,Deep Learning,Google Cloud,Machine Learning,Oracle,IT Operations Manager
Javascript,Ruby,C++,Java,Python,C,PHP,C#,Node.js,Scala,APIs,.Net,DevOps,NoSQL,Relational Databases,IT Project Manager
Javascript,Python,PowerShell,Ruby,C++,DevOps,SQL,AWS,C,Statistics,Oracle,Google Cloud,Deep Learning,Machine Learning,Azure ,IT Operations Manager
Java,Ruby,Javascript,C++,Python,Node.js,PHP,C,C#,Scala,NoSQL,.Net,APIs,DevOps,Relational Databases,IT Project Manager
Javascript,PowerShell,C++,Python,Ruby,DevOps,AWS,Statistics,SQL,C,Oracle,Deep Learning,Azure ,Google Cloud,Machine Learning,IT Operations Manager
C++,Javascript,PowerShell,Python,Ruby,Statistics,DevOps,AWS,SQL,C,Azure ,Oracle,Deep Learning,Google Cloud,Machine Learning,IT Operations Manager
Java,Python,Ruby,Javascript,C++,Node.js,Scala,PHP,C,C#,NoSQL,Relational Databases,.Net,APIs,DevOps,IT Project Manager
Javascript,Python,C++,Ruby,Java,C,Scala,C#,PHP,Node.js,APIs,Relational Databases,DevOps,.Net,NoSQL,Senior IT Project Manager
Ruby,PowerShell,C++,Javascript,Python,C,AWS,Statistics,DevOps,SQL,Machine Learning,Deep Learning,Azure ,Oracle,Google Cloud,IT Operations Manager
C++,Java,Python,Javascript,Ruby,C#,Node.js,Scala,C,PHP,DevOps,NoSQL,Relational Databases,APIs,.Net,Senior IT Project Manager
C++,PowerShell,Ruby,Javascript,Python,Statistics,AWS,C,DevOps,SQL,Azure ,Deep Learning,Machine Learning,Oracle,Google Cloud,IT Operations Manager
Python,PowerShell,C++,Javascript,Ruby,SQL,AWS,Statistics,DevOps,C,Google Cloud,Deep Learning,Azure ,Oracle,Machine Learning,IT Operations Manager
Javascript,C++,Ruby,Python,Java,C,C#,PHP,Scala,Node.js,APIs,DevOps,.Net,Relational Databases,NoSQL,IT Project Manager
Javascript,C++,Python,Ruby,PowerShell,DevOps,Statistics,SQL,C,AWS,Oracle,Azure ,Google Cloud,Machine Learning,Deep Learning,IT Operations Manager
PowerShell,C++,Ruby,Javascript,Python,AWS,Statistics,C,DevOps,SQL,Deep Learning,Azure ,Machine Learning,Oracle,Google Cloud,IT Operations Manager
Java,Javascript,Python,C++,Ruby,Node.js,C,Scala,C#,PHP,NoSQL,APIs,Relational Databases,DevOps,.Net,IT Project Manager
Javascript,Python,Ruby,Java,C++,C,Scala,PHP,Node.js,C#,APIs,Relational Databases,.Net,NoSQL,DevOps,IT Project Manager
Java,Python,Javascript,Ruby,C++,Node.js,Scala,C,PHP,C#,NoSQL,Relational Databases,APIs,.Net,DevOps,Senior IT Project Manager
Python,Java,Ruby,C++,Javascript,Scala,Node.js,PHP,C#,C,Relational Databases,NoSQL,.Net,DevOps,APIs,Senior IT Project Manager
Python,Java,Javascript,Ruby,C++,Scala,Node.js,C,PHP,C#,Relational Databases,NoSQL,APIs,.Net,DevOps,Senior IT Project Manager
Ruby,Javascript,C++,Python,Java,PHP,C,C#,Scala,Node.js,.Net,APIs,DevOps,Relational Databases,NoSQL,Senior IT Project Manager
Java,C++,Javascript,Python,Ruby,Node.js,C#,C,Scala,PHP,NoSQL,DevOps,APIs,Relational Databases,.Net,Senior IT Project Manager
Python,C++,Javascript,Java,Ruby,Scala,C#,C,Node.js,PHP,Relational Databases,DevOps,APIs,NoSQL,.Net,IT Project Manager
C++,Java,Python,Javascript,Ruby,C#,Node.js,Scala,C,PHP,DevOps,NoSQL,Relational Databases,APIs,.Net,IT Project Manager
Javascript,C++,Ruby,Java,Python,C,C#,PHP,Node.js,Scala,APIs,DevOps,.Net,NoSQL,Relational Databases,Senior IT Project Manager
C++,Javascript,Python,Ruby,PowerShell,Statistics,DevOps,SQL,C,AWS,Azure ,Oracle,Google Cloud,Machine Learning,Deep Learning,IT Operations Manager
Javascript,C++,PowerShell,Python,Ruby,DevOps,Statistics,AWS,SQL,C,Oracle,Azure ,Deep Learning,Google Cloud,Machine Learning,IT Operations Manager
C++,Ruby,Java,Javascript,Python,C#,PHP,Node.js,C,Scala,DevOps,.Net,NoSQL,APIs,Relational Databases,Senior IT Project Manager
PowerShell,Ruby,C++,Python,Javascript,AWS,C,Statistics,SQL,DevOps,Deep Learning,Machine Learning,Azure ,Google Cloud,Oracle,IT Operations Manager
Ruby,C++,Python,PowerShell,Javascript,C,Statistics,SQL,AWS,DevOps,Machine Learning,Azure ,Google Cloud,Deep Learning,Oracle,IT Operations Manager
Python,C++,Java,Javascript,Ruby,Scala,C#,Node.js,C,PHP,Relational Databases,DevOps,NoSQL,APIs,.Net,Senior IT Project Manager
Python,C++,Ruby,Javascript,PowerShell,SQL,Statistics,C,DevOps,AWS,Google Cloud,Azure ,Machine Learning,Oracle,Deep Learning,IT Operations Manager
Python,Ruby,Javascript,Java,C++,Scala,PHP,C,Node.js,C#,Relational Databases,.Net,APIs,NoSQL,DevOps,Senior IT Project Manager
Ruby,C++,PowerShell,Javascript,Python,C,Statistics,AWS,DevOps,SQL,Machine Learning,Azure ,Deep Learning,Oracle,Google Cloud,IT Operations Manager
Python,C++,Javascript,Ruby,Java,Scala,C#,C,PHP,Node.js,Relational Databases,DevOps,APIs,.Net,NoSQL,Senior IT Project Manager
Python,Ruby,Javascript,C++,Java,Scala,PHP,C,C#,Node.js,Relational Databases,.Net,APIs,DevOps,NoSQL,Senior IT Project Manager
Python,Java,Javascript,C++,Ruby,Scala,Node.js,C,C#,PHP,Relational Databases,NoSQL,APIs,DevOps,.Net,Senior IT Project Manager
Javascript,C++,Java,Python,Ruby,C,C#,Node.js,Scala,PHP,APIs,DevOps,NoSQL,Relational Databases,.Net,IT Project Manager
Python,Java,Javascript,Ruby,C++,Scala,Node.js,C,PHP,C#,Relational Databases,NoSQL,APIs,.Net,DevOps,IT Project Manager
Javascript,Python,Ruby,C++,Java,C,Scala,PHP,C#,Node.js,APIs,Relational Databases,.Net,DevOps,NoSQL,Senior IT Project Manager
Javascript,C++,Python,Ruby,Java,C,C#,Scala,PHP,Node.js,APIs,DevOps,Relational Databases,.Net,NoSQL,IT Project Manager
C++,Javascript,Java,Python,Ruby,C#,C,Node.js,Scala,PHP,DevOps,APIs,NoSQL,Relational Databases,.Net,IT Project Manager
Ruby,Javascript,Python,C++,PowerShell,C,DevOps,SQL,Statistics,AWS,Machine Learning,Oracle,Google Cloud,Azure ,Deep Learning,IT Operations Manager
C++,Java,Javascript,Python,Ruby,C#,Node.js,C,Scala,PHP,DevOps,NoSQL,APIs,Relational Databases,.Net,Senior IT Project Manager
C++,Python,Ruby,Java,Javascript,C#,Scala,PHP,Node.js,C,DevOps,Relational Databases,.Net,NoSQL,APIs,IT Project Manager
Java,Ruby,Javascript,Python,C++,Node.js,PHP,C,Scala,C#,NoSQL,.Net,APIs,Relational Databases,DevOps,Senior IT Project Manager
Python,Ruby,Javascript,C++,Java,Scala,PHP,C,C#,Node.js,Relational Databases,.Net,APIs,DevOps,NoSQL,IT Project Manager
Python,Javascript,Ruby,PowerShell,C++,SQL,DevOps,C,AWS,Statistics,Google Cloud,Oracle,Machine Learning,Deep Learning,Azure ,IT Operations Manager
Javascript,Ruby,Java,C++,Python,C,PHP,Node.js,C#,Scala,APIs,.Net,NoSQL,DevOps,Relational Databases,Senior IT Project Manager
Javascript,Ruby,C++,Python,Java,C,PHP,C#,Scala,Node.js,APIs,.Net,DevOps,Relational Databases,NoSQL,Senior IT Project Manager
Javascript,Ruby,Python,PowerShell,C++,DevOps,C,SQL,AWS,Statistics,Oracle,Machine Learning,Google Cloud,Deep Learning,Azure ,IT Operations Manager
Javascript,PowerShell,Python,Ruby,C++,DevOps,AWS,SQL,C,Statistics,Oracle,Deep Learning,Google Cloud,Machine Learning,Azure ,IT Operations Manager
C++,Ruby,PowerShell,Python,Javascript,Statistics,C,AWS,SQL,DevOps,Azure ,Machine Learning,Deep Learning,Google Cloud,Oracle,IT Operations Manager
C++,Ruby,Javascript,Java,Python,C#,PHP,C,Node.js,Scala,DevOps,.Net,APIs,NoSQL,Relational Databases,IT Project Manager
Ruby,Java,C++,Javascript,Python,PHP,Node.js,C#,C,Scala,.Net,NoSQL,DevOps,APIs,Relational Databases,IT Project Manager
Javascript,Python,C++,Java,Ruby,C,Scala,C#,Node.js,PHP,APIs,Relational Databases,DevOps,NoSQL,.Net,Senior IT Project Manager
Ruby,Javascript,C++,Java,Python,PHP,C,C#,Node.js,Scala,.Net,APIs,DevOps,NoSQL,Relational Databases,Senior IT Project Manager
C++,Java,Ruby,Javascript,Python,C#,Node.js,PHP,C,Scala,DevOps,NoSQL,.Net,APIs,Relational Databases,Senior IT Project Manager
Javascript,Ruby,PowerShell,C++,Python,DevOps,C,AWS,Statistics,SQL,Oracle,Machine Learning,Deep Learning,Azure ,Google Cloud,IT Operations Manager
Python,Javascript,Ruby,Java,C++,Scala,C,PHP,Node.js,C#,Relational Databases,APIs,.Net,NoSQL,DevOps,IT Project Manager
PowerShell,Python,C++,Javascript,Ruby,AWS,SQL,Statistics,DevOps,C,Deep Learning,Google Cloud,Azure ,Oracle,Machine Learning,IT Operations Manager
Python,Ruby,PowerShell,C++,Javascript,SQL,C,AWS,Statistics,DevOps,Google Cloud,Machine Learning,Deep Learning,Azure ,Oracle,IT Operations Manager
C++,Javascript,Ruby,Python,Java,C#,C,PHP,Scala,Node.js,DevOps,APIs,.Net,Relational Databases,NoSQL,Senior IT Project Manager
Javascript,C++,Java,Python,Ruby,C,C#,Node.js,Scala,PHP,APIs,DevOps,NoSQL,Relational Databases,.Net,Senior IT Project Manager
Ruby,Python,Javascript,PowerShell,C++,C,SQL,DevOps,AWS,Statistics,Machine Learning,Google Cloud,Oracle,Deep Learning,Azure ,IT Operations Manager
PowerShell,C++,Javascript,Python,Ruby,AWS,Statistics,DevOps,SQL,C,Deep Learning,Azure ,Oracle,Google Cloud,Machine Learning,IT Operations Manager
PowerShell,Python,Javascript,Ruby,C++,AWS,SQL,DevOps,C,Statistics,Deep Learning,Google Cloud,Oracle,Machine Learning,Azure ,IT Operations Manager
Python,Java,Ruby,C++,Javascript,Scala,Node.js,PHP,C#,C,Relational Databases,NoSQL,.Net,DevOps,APIs,IT Project Manager
Java,C++,Python,Javascript,Ruby,Node.js,C#,Scala,C,PHP,NoSQL,DevOps,Relational Databases,APIs,.Net,IT Project Manager
Python,Javascript,Java,Ruby,C++,Scala,C,Node.js,PHP,C#,Relational Databases,APIs,NoSQL,.Net,DevOps,IT Project Manager
Java,C++,Ruby,Python,Javascript,Node.js,C#,PHP,Scala,C,NoSQL,DevOps,.Net,Relational Databases,APIs,Senior IT Project Manager
Javascript,C++,Ruby,Java,Python,C,C#,PHP,Node.js,Scala,APIs,DevOps,.Net,NoSQL,Relational Databases,IT Project Manager
Ruby,Java,C++,Python,Javascript,PHP,Node.js,C#,Scala,C,.Net,NoSQL,DevOps,Relational Databases,APIs,Senior IT Project Manager
Java,C++,Javascript,Ruby,Python,Node.js,C#,C,PHP,Scala,NoSQL,DevOps,APIs,.Net,Relational Databases,IT Project Manager
Javascript,Python,PowerShell,C++,Ruby,DevOps,SQL,AWS,Statistics,C,Oracle,Google Cloud,Deep Learning,Azure ,Machine Learning,IT Operations Manager
Python,Javascript,Ruby,C++,Java,Scala,C,PHP,C#,Node.js,Relational Databases,APIs,.Net,DevOps,NoSQL,Senior IT Project Manager
PowerShell,Python,Ruby,C++,Javascript,AWS,SQL,C,Statistics,DevOps,Deep Learning,Google Cloud,Machine Learning,Azure ,Oracle,IT Operations Manager
C++,Python,Java,Ruby,Javascript,C#,Scala,Node.js,PHP,C,DevOps,Relational Databases,NoSQL,.Net,APIs,IT Project Manager
PowerShell,C++,Python,Ruby,Javascript,AWS,Statistics,SQL,C,DevOps,Deep Learning,Azure ,Google Cloud,Machine Learning,Oracle,IT Operations Manager
Ruby,Python,C++,Javascript,Java,PHP,Scala,C#,C,Node.js,.Net,Relational Databases,DevOps,APIs,NoSQL,Senior IT Project Manager
Python,C++,Ruby,Java,Javascript,Scala,C#,PHP,Node.js,C,Relational Databases,DevOps,.Net,NoSQL,APIs,Senior IT Project Manager
Python,Java,C++,Javascript,Ruby,Scala,Node.js,C#,C,PHP,Relational Databases,NoSQL,DevOps,APIs,.Net,IT Project Manager
Javascript,C++,PowerShell,Ruby,Python,DevOps,Statistics,AWS,C,SQL,Oracle,Azure ,Deep Learning,Machine Learning,Google Cloud,IT Operations Manager
Java,Python,Javascript,C++,Ruby,Node.js,Scala,C,C#,PHP,NoSQL,Relational Databases,APIs,DevOps,.Net,IT Project Manager
Javascript,C++,Ruby,Python,PowerShell,DevOps,Statistics,C,SQL,AWS,Oracle,Azure ,Machine Learning,Google Cloud,Deep Learning,IT Operations Manager
Ruby,PowerShell,Javascript,C++,Python,C,AWS,DevOps,Statistics,SQL,Machine Learning,Deep Learning,Oracle,Azure ,Google Cloud,IT Operations Manager
Ruby,Python,Javascript,C++,Java,PHP,Scala,C,C#,Node.js,.Net,Relational Databases,APIs,DevOps,NoSQL,Senior IT Project Manager
C++,Ruby,Java,Python,Javascript,C#,PHP,Node.js,Scala,C,DevOps,.Net,NoSQL,Relational Databases,APIs,IT Project Manager
Javascript,C++,Python,PowerShell,Ruby,DevOps,Statistics,SQL,AWS,C,Oracle,Azure ,Google Cloud,Deep Learning,Machine Learning,IT Operations Manager
Python,Java,Ruby,Javascript,C++,Scala,Node.js,PHP,C,C#,Relational Databases,NoSQL,.Net,APIs,DevOps,Senior IT Project Manager
Python,C++,Ruby,Javascript,Java,Scala,C#,PHP,C,Node.js,Relational Databases,DevOps,.Net,APIs,NoSQL,IT Project Manager
PowerShell,Javascript,Ruby,Python,C++,AWS,DevOps,C,SQL,Statistics,Deep Learning,Oracle,Machine Learning,Google Cloud,Azure ,IT Operations Manager
C++,Python,Javascript,Ruby,Java,C#,Scala,C,PHP,Node.js,DevOps,Relational Databases,APIs,.Net,NoSQL,Senior IT Project Manager
C++,Python,Ruby,Javascript,Java,C#,Scala,PHP,C,Node.js,DevOps,Relational Databases,.Net,APIs,NoSQL,IT Project Manager
C++,Ruby,Java,Javascript,Python,C#,PHP,Node.js,C,Scala,DevOps,.Net,NoSQL,APIs,Relational Databases,IT Project Manager
Python,C++,Ruby,Java,Javascript,Scala,C#,PHP,Node.js,C,Relational Databases,DevOps,.Net,NoSQL,APIs,IT Project Manager
Java,C++,Ruby,Python,Javascript,Node.js,C#,PHP,Scala,C,NoSQL,DevOps,.Net,Relational Databases,APIs,IT Project Manager
Python,Ruby,Javascript,PowerShell,C++,SQL,C,DevOps,AWS,Statistics,Google Cloud,Machine Learning,Oracle,Deep Learning,Azure ,IT Operations Manager
Python,PowerShell,Javascript,Ruby,C++,SQL,AWS,DevOps,C,Statistics,Google Cloud,Deep Learning,Oracle,Machine Learning,Azure ,IT Operations Manager
Javascript,Python,Ruby,C++,Java,C,Scala,PHP,C#,Node.js,APIs,Relational Databases,.Net,DevOps,NoSQL,IT Project Manager
Ruby,PowerShell,Python,Javascript,C++,C,AWS,SQL,DevOps,Statistics,Machine Learning,Deep Learning,Google Cloud,Oracle,Azure ,IT Operations Manager
Ruby,Python,PowerShell,Javascript,C++,C,SQL,AWS,DevOps,Statistics,Machine Learning,Google Cloud,Deep Learning,Oracle,Azure ,IT Operations Manager
C++,Java,Javascript,Ruby,Python,C#,Node.js,C,PHP,Scala,DevOps,NoSQL,APIs,.Net,Relational Databases,IT Project Manager
Python,Javascript,Java,C++,Ruby,Scala,C,Node.js,C#,PHP,Relational Databases,APIs,NoSQL,DevOps,.Net,Senior IT Project Manager
Java,Python,Javascript,C++,Ruby,Node.js,Scala,C,C#,PHP,NoSQL,Relational Databases,APIs,DevOps,.Net,Senior IT Project Manager
Ruby,C++,Javascript,Python,Java,PHP,C#,C,Scala,Node.js,.Net,DevOps,APIs,Relational Databases,NoSQL,IT Project Manager
Javascript,Ruby,Python,Java,C++,C,PHP,Scala,Node.js,C#,APIs,.Net,Relational Databases,NoSQL,DevOps,IT Project Manager
C++,PowerShell,Javascript,Ruby,Python,Statistics,AWS,DevOps,C,SQL,Azure ,Deep Learning,Oracle,Machine Learning,Google Cloud,IT Operations Manager
Java,Ruby,C++,Python,Javascript,Node.js,PHP,C#,Scala,C,NoSQL,.Net,DevOps,Relational Databases,APIs,IT Project Manager
Javascript,Python,Java,Ruby,C++,C,Scala,Node.js,PHP,C#,APIs,Relational Databases,NoSQL,.Net,DevOps,Senior IT Project Manager
Ruby,Javascript,Python,Java,C++,PHP,C,Scala,Node.js,C#,.Net,APIs,Relational Databases,NoSQL,DevOps,IT Project Manager
C++,Javascript,Python,Ruby,Java,C#,C,Scala,PHP,Node.js,DevOps,APIs,Relational Databases,.Net,NoSQL,IT Project Manager
Javascript,Java,Ruby,Python,C++,C,Node.js,PHP,Scala,C#,APIs,NoSQL,.Net,Relational Databases,DevOps,IT Project Manager
C++,Java,Python,Ruby,Javascript,C#,Node.js,Scala,PHP,C,DevOps,NoSQL,Relational Databases,.Net,APIs,Senior IT Project Manager
Javascript,Python,C++,Java,Ruby,C,Scala,C#,Node.js,PHP,APIs,Relational Databases,DevOps,NoSQL,.Net,IT Project Manager
C++,Java,Ruby,Python,Javascript,C#,Node.js,PHP,Scala,C,DevOps,NoSQL,.Net,Relational Databases,APIs,Senior IT Project Manager
Ruby,Java,C++,Javascript,Python,PHP,Node.js,C#,C,Scala,.Net,NoSQL,DevOps,APIs,Relational Databases,Senior IT Project Manager
Java,Python,Ruby,Javascript,C++,Node.js,Scala,PHP,C,C#,NoSQL,Relational Databases,.Net,APIs,DevOps,Senior IT Project Manager
Java,Ruby,Python,C++,Javascript,Node.js,PHP,Scala,C#,C,NoSQL,.Net,Relational Databases,DevOps,APIs,IT Project Manager
Javascript,C++,Java,Ruby,Python,C,C#,Node.js,PHP,Scala,APIs,DevOps,NoSQL,.Net,Relational Databases,Senior IT Project Manager
Ruby,PowerShell,Python,C++,Javascript,C,AWS,SQL,Statistics,DevOps,Machine Learning,Deep Learning,Google Cloud,Azure ,Oracle,IT Operations Manager
C++,Ruby,Java,Python,Javascript,C#,PHP,Node.js,Scala,C,DevOps,.Net,NoSQL,Relational Databases,APIs,Senior IT Project Manager
Python,Javascript,C++,Ruby,Java,Scala,C,C#,PHP,Node.js,Relational Databases,APIs,DevOps,.Net,NoSQL,Senior IT Project Manager
Ruby,Python,Java,Javascript,C++,PHP,Scala,Node.js,C,C#,.Net,Relational Databases,NoSQL,APIs,DevOps,Senior IT Project Manager
Ruby,Python,Javascript,Java,C++,PHP,Scala,C,Node.js,C#,.Net,Relational Databases,APIs,NoSQL,DevOps,IT Project Manager
C++,Python,PowerShell,Ruby,Javascript,Statistics,SQL,AWS,C,DevOps,Azure ,Google Cloud,Deep Learning,Machine Learning,Oracle,IT Operations Manager
Ruby,C++,Java,Javascript,Python,PHP,C#,Node.js,C,Scala,.Net,DevOps,NoSQL,APIs,Relational Databases,IT Project Manager
Python,Java,Ruby,Javascript,C++,Scala,Node.js,PHP,C,C#,Relational Databases,NoSQL,.Net,APIs,DevOps,IT Project Manager
C++,Javascript,Java,Python,Ruby,C#,C,Node.js,Scala,PHP,DevOps,APIs,NoSQL,Relational Databases,.Net,Senior IT Project Manager
Java,Python,C++,Javascript,Ruby,Node.js,Scala,C#,C,PHP,NoSQL,Relational Databases,DevOps,APIs,.Net,IT Project Manager
Javascript,Java,C++,Python,Ruby,C,Node.js,C#,Scala,PHP,APIs,NoSQL,DevOps,Relational Databases,.Net,IT Project Manager
Javascript,Java,Python,C++,Ruby,C,Node.js,Scala,C#,PHP,APIs,NoSQL,Relational Databases,DevOps,.Net,IT Project Manager
PowerShell,C++,Python,Javascript,Ruby,AWS,Statistics,SQL,DevOps,C,Deep Learning,Azure ,Google Cloud,Oracle,Machine Learning,IT Operations Manager
C++,Ruby,Python,Javascript,Java,C#,PHP,Scala,C,Node.js,DevOps,.Net,Relational Databases,APIs,NoSQL,IT Project Manager
Java,Ruby,C++,Python,Javascript,Node.js,PHP,C#,Scala,C,NoSQL,.Net,DevOps,Relational Databases,APIs,Senior IT Project Manager
Ruby,Javascript,Python,C++,Java,PHP,C,Scala,C#,Node.js,.Net,APIs,Relational Databases,DevOps,NoSQL,Senior IT Project Manager
Java,Javascript,C++,Python,Ruby,Node.js,C,C#,Scala,PHP,NoSQL,APIs,DevOps,Relational Databases,.Net,IT Project Manager
PowerShell,Ruby,Javascript,Python,C++,AWS,C,DevOps,SQL,Statistics,Deep Learning,Machine Learning,Oracle,Google Cloud,Azure ,IT Operations Manager
Java,Ruby,Javascript,Python,C++,Node.js,PHP,C,Scala,C#,NoSQL,.Net,APIs,Relational Databases,DevOps,IT Project Manager
C++,Javascript,Ruby,Python,Java,C#,C,PHP,Scala,Node.js,DevOps,APIs,.Net,Relational Databases,NoSQL,IT Project Manager
Python,Javascript,C++,Ruby,Java,Scala,C,C#,PHP,Node.js,Relational Databases,APIs,DevOps,.Net,NoSQL,IT Project Manager
Ruby,Java,Javascript,C++,Python,PHP,Node.js,C,C#,Scala,.Net,NoSQL,APIs,DevOps,Relational Databases,IT Project Manager
PowerShell,Javascript,Python,Ruby,C++,AWS,DevOps,SQL,C,Statistics,Deep Learning,Oracle,Google Cloud,Machine Learning,Azure ,IT Operations Manager
Ruby,Javascript,C++,Python,PowerShell,C,DevOps,Statistics,SQL,AWS,Machine Learning,Oracle,Azure ,Google Cloud,Deep Learning,IT Operations Manager
Python,PowerShell,Ruby,Javascript,C++,SQL,AWS,C,DevOps,Statistics,Google Cloud,Deep Learning,Machine Learning,Oracle,Azure ,IT Operations Manager
Ruby,Python,C++,Javascript,Java,PHP,Scala,C#,C,Node.js,.Net,Relational Databases,DevOps,APIs,NoSQL,IT Project Manager
Java,Python,C++,Ruby,Javascript,Node.js,Scala,C#,PHP,C,NoSQL,Relational Databases,DevOps,.Net,APIs,Senior IT Project Manager
Javascript,C++,Python,Java,Ruby,C,C#,Scala,Node.js,PHP,APIs,DevOps,Relational Databases,NoSQL,.Net,IT Project Manager
Python,Ruby,Java,Javascript,C++,Scala,PHP,Node.js,C,C#,Relational Databases,.Net,NoSQL,APIs,DevOps,Senior IT Project Manager
Javascript,Java,C++,Ruby,Python,C,Node.js,C#,PHP,Scala,APIs,NoSQL,DevOps,.Net,Relational Databases,Senior IT Project Manager
Python,C++,PowerShell,Ruby,Javascript,SQL,Statistics,AWS,C,DevOps,Google Cloud,Azure ,Deep Learning,Machine Learning,Oracle,IT Operations Manager
Ruby,Java,Python,C++,Javascript,PHP,Node.js,Scala,C#,C,.Net,NoSQL,Relational Databases,DevOps,APIs,Senior IT Project Manager
Javascript,Ruby,Python,C++,PowerShell,DevOps,C,SQL,Statistics,AWS,Oracle,Machine Learning,Google Cloud,Azure ,Deep Learning,IT Operations Manager
C++,Ruby,Javascript,Python,PowerShell,Statistics,C,DevOps,SQL,AWS,Azure ,Machine Learning,Oracle,Google Cloud,Deep Learning,IT Operations Manager
PowerShell,Javascript,C++,Ruby,Python,AWS,DevOps,Statistics,C,SQL,Deep Learning,Oracle,Azure ,Machine Learning,Google Cloud,IT Operations Manager
Python,Javascript,C++,Java,Ruby,Scala,C,C#,Node.js,PHP,Relational Databases,APIs,DevOps,NoSQL,.Net,Senior IT Project Manager
Java,Javascript,C++,Ruby,Python,Node.js,C,C#,PHP,Scala,NoSQL,APIs,DevOps,.Net,Relational Databases,Senior IT Project Manager
Java,Python,Javascript,Ruby,C++,Node.js,Scala,C,PHP,C#,NoSQL,Relational Databases,APIs,.Net,DevOps,IT Project Manager
Javascript,Python,C++,Ruby,Java,C,Scala,C#,PHP,Node.js,APIs,Relational Databases,DevOps,.Net,NoSQL,IT Project Manager
Python,Ruby,C++,Javascript,PowerShell,SQL,C,Statistics,DevOps,AWS,Google Cloud,Machine Learning,Azure ,Oracle,Deep Learning,IT Operations Manager
C++,Python,Java,Javascript,Ruby,C#,Scala,Node.js,C,PHP,DevOps,Relational Databases,NoSQL,APIs,.Net,Senior IT Project Manager
Javascript,PowerShell,Ruby,Python,C++,DevOps,AWS,C,SQL,Statistics,Oracle,Deep Learning,Machine Learning,Google Cloud,Azure ,IT Operations Manager
Python,Ruby,C++,Javascript,Java,Scala,PHP,C#,C,Node.js,Relational Databases,.Net,DevOps,APIs,NoSQL,Senior IT Project Manager
Ruby,Javascript,Java,C++,Python,PHP,C,Node.js,C#,Scala,.Net,APIs,NoSQL,DevOps,Relational Databases,Senior IT Project Manager
Ruby,Javascript,Java,C++,Python,PHP,C,Node.js,C#,Scala,.Net,APIs,NoSQL,DevOps,Relational Databases,IT Project Manager
Python,PowerShell,C++,Ruby,Javascript,SQL,AWS,Statistics,C,DevOps,Google Cloud,Deep Learning,Azure ,Machine Learning,Oracle,IT Operations Manager
Ruby,Javascript,C++,Python,Java,PHP,C,C#,Scala,Node.js,.Net,APIs,DevOps,Relational Databases,NoSQL,IT Project Manager
Python,Ruby,Javascript,Java,C++,Scala,PHP,C,Node.js,C#,Relational Databases,.Net,APIs,NoSQL,DevOps,IT Project Manager
Ruby,Java,Python,C++,Javascript,PHP,Node.js,Scala,C#,C,.Net,NoSQL,Relational Databases,DevOps,APIs,IT Project Manager
Ruby,C++,Python,Java,Javascript,PHP,C#,Scala,Node.js,C,.Net,DevOps,Relational Databases,NoSQL,APIs,Senior IT Project Manager
Ruby,Java,C++,Python,Javascript,PHP,Node.js,C#,Scala,C,.Net,NoSQL,DevOps,Relational Databases,APIs,IT Project Manager
Javascript,Python,C++,PowerShell,Ruby,DevOps,SQL,Statistics,AWS,C,Oracle,Google Cloud,Azure ,Deep Learning,Machine Learning,IT Operations Manager
Ruby,Javascript,Python,Java,C++,PHP,C,Scala,Node.js,C#,.Net,APIs,Relational Databases,NoSQL,DevOps,Senior IT Project Manager
Java,Javascript,Ruby,Python,C++,Node.js,C,PHP,Scala,C#,NoSQL,APIs,.Net,Relational Databases,DevOps,IT Project Manager
Ruby,PowerShell,C++,Python,Javascript,C,AWS,Statistics,SQL,DevOps,Machine Learning,Deep Learning,Azure ,Google Cloud,Oracle,IT Operations Manager
Ruby,Javascript,C++,Java,Python,PHP,C,C#,Node.js,Scala,.Net,APIs,DevOps,NoSQL,Relational Databases,IT Project Manager
Javascript,Java,Ruby,C++,Python,C,Node.js,PHP,C#,Scala,APIs,NoSQL,.Net,DevOps,Relational Databases,IT Project Manager
PowerShell,Javascript,C++,Python,Ruby,AWS,DevOps,Statistics,SQL,C,Deep Learning,Oracle,Azure ,Google Cloud,Machine Learning,IT Operations Manager
Javascript,Java,C++,Python,Ruby,C,Node.js,C#,Scala,PHP,APIs,NoSQL,DevOps,Relational Databases,.Net,Senior IT Project Manager
C++,Python,Javascript,Java,Ruby,C#,Scala,C,Node.js,PHP,DevOps,Relational Databases,APIs,NoSQL,.Net,Senior IT Project Manager
Java,Javascript,Python,Ruby,C++,Node.js,C,Scala,PHP,C#,NoSQL,APIs,Relational Databases,.Net,DevOps,IT Project Manager
Ruby,Java,Python,Javascript,C++,PHP,Node.js,Scala,C,C#,.Net,NoSQL,Relational Databases,APIs,DevOps,Senior IT Project Manager
Python,Ruby,Java,Javascript,C++,Scala,PHP,Node.js,C,C#,Relational Databases,.Net,NoSQL,APIs,DevOps,IT Project Manager
C++,Python,Ruby,Java,Javascript,C#,Scala,PHP,Node.js,C,DevOps,Relational Databases,.Net,NoSQL,APIs,Senior IT Project Manager
C++,Ruby,Javascript,PowerShell,Python,Statistics,C,DevOps,AWS,SQL,Azure ,Machine Learning,Oracle,Deep Learning,Google Cloud,IT Operations Manager
Python,Java,C++,Javascript,Ruby,Scala,Node.js,C#,C,PHP,Relational Databases,NoSQL,DevOps,APIs,.Net,Senior IT Project Manager
Ruby,Javascript,Python,C++,Java,PHP,C,Scala,C#,Node.js,.Net,APIs,Relational Databases,DevOps,NoSQL,IT Project Manager
Java,Ruby,Python,Javascript,C++,Node.js,PHP,Scala,C,C#,NoSQL,.Net,Relational Databases,APIs,DevOps,Senior IT Project Manager
Ruby,C++,Java,Python,Javascript,PHP,C#,Node.js,Scala,C,.Net,DevOps,NoSQL,Relational Databases,APIs,Senior IT Project Manager
Javascript,Ruby,C++,PowerShell,Python,DevOps,C,Statistics,AWS,SQL,Oracle,Machine Learning,Azure ,Deep Learning,Google Cloud,IT Operations Manager
Ruby,Javascript,Python,PowerShell,C++,C,DevOps,SQL,AWS,Statistics,Machine Learning,Oracle,Google Cloud,Deep Learning,Azure ,IT Operations Manager
Python,PowerShell,Javascript,C++,Ruby,SQL,AWS,DevOps,Statistics,C,Google Cloud,Deep Learning,Oracle,Azure ,Machine Learning,IT Operations Manager
Python,Javascript,PowerShell,Ruby,C++,SQL,DevOps,AWS,C,Statistics,Google Cloud,Oracle,Deep Learning,Machine Learning,Azure ,IT Operations Manager
Java,Ruby,C++,Javascript,Python,Node.js,PHP,C#,C,Scala,NoSQL,.Net,DevOps,APIs,Relational Databases,IT Project Manager
Java,Javascript,Ruby,C++,Python,Node.js,C,PHP,C#,Scala,NoSQL,APIs,.Net,DevOps,Relational Databases,IT Project Manager
PowerShell,Ruby,Python,Javascript,C++,AWS,C,SQL,DevOps,Statistics,Deep Learning,Machine Learning,Google Cloud,Oracle,Azure ,IT Operations Manager
C++,Ruby,Javascript,Python,Java,C#,PHP,C,Scala,Node.js,DevOps,.Net,APIs,Relational Databases,NoSQL,IT Project Manager
C++,Ruby,PowerShell,Javascript,Python,Statistics,C,AWS,DevOps,SQL,Azure ,Machine Learning,Deep Learning,Oracle,Google Cloud,IT Operations Manager
C++,Python,Javascript,Ruby,PowerShell,Statistics,SQL,DevOps,C,AWS,Azure ,Google Cloud,Oracle,Machine Learning,Deep Learning,IT Operations Manager
Java,Javascript,Python,C++,Ruby,Node.js,C,Scala,C#,PHP,NoSQL,APIs,Relational Databases,DevOps,.Net,Senior IT Project Manager
C++,Python,Ruby,PowerShell,Javascript,Statistics,SQL,C,AWS,DevOps,Azure ,Google Cloud,Machine Learning,Deep Learning,Oracle,IT Operations Manager
Javascript,Ruby,Python,Java,C++,C,PHP,Scala,Node.js,C#,APIs,.Net,Relational Databases,NoSQL,DevOps,Senior IT Project Manager
Javascript,Python,Ruby,PowerShell,C++,DevOps,SQL,C,AWS,Statistics,Oracle,Google Cloud,Machine Learning,Deep Learning,Azure ,IT Operations Manager
C++,Python,Javascript,Ruby,Java,C#,Scala,C,PHP,Node.js,DevOps,Relational Databases,APIs,.Net,NoSQL,IT Project Manager
Python,Javascript,C++,Java,Ruby,Scala,C,C#,Node.js,PHP,Relational Databases,APIs,DevOps,NoSQL,.Net,IT Project Manager
C++,Python,Javascript,PowerShell,Ruby,Statistics,SQL,DevOps,AWS,C,Azure ,Google Cloud,Oracle,Deep Learning,Machine Learning,IT Operations Manager
Ruby,Javascript,Java,Python,C++,PHP,C,Node.js,Scala,C#,.Net,APIs,NoSQL,Relational Databases,DevOps,IT Project Manager
Python,Javascript,Ruby,Java,C++,Scala,C,PHP,Node.js,C#,Relational Databases,APIs,.Net,NoSQL,DevOps,Senior IT Project Manager
Ruby,C++,Javascript,Java,Python,PHP,C#,C,Node.js,Scala,.Net,DevOps,APIs,NoSQL,Relational Databases,IT Project Manager
Java,C++,Javascript,Python,Ruby,Node.js,C#,C,Scala,PHP,NoSQL,DevOps,APIs,Relational Databases,.Net,IT Project Manager
Java,Javascript,Ruby,C++,Python,Node.js,C,PHP,C#,Scala,NoSQL,APIs,.Net,DevOps,Relational Databases,Senior IT Project Manager
Python,Javascript,Ruby,C++,PowerShell,SQL,DevOps,C,Statistics,AWS,Google Cloud,Oracle,Machine Learning,Azure ,Deep Learning,IT Operations Manager
Javascript,Ruby,Java,C++,Python,C,PHP,Node.js,C#,Scala,APIs,.Net,NoSQL,DevOps,Relational Databases,IT Project Manager
Python,Ruby,Javascript,C++,PowerShell,SQL,C,DevOps,Statistics,AWS,Google Cloud,Machine Learning,Oracle,Azure ,Deep Learning,IT Operations Manager
Ruby,Python,C++,Java,Javascript,PHP,Scala,C#,Node.js,C,.Net,Relational Databases,DevOps,NoSQL,APIs,IT Project Manager
Javascript,Python,Java,C++,Ruby,C,Scala,Node.js,C#,PHP,APIs,Relational Databases,NoSQL,DevOps,.Net,Senior IT Project Manager
C++,Javascript,Java,Ruby,Python,C#,C,Node.js,PHP,Scala,DevOps,APIs,NoSQL,.Net,Relational Databases,Senior IT Project Manager
Python,C++,Javascript,Java,Ruby,Scala,C#,C,Node.js,PHP,Relational Databases,DevOps,APIs,NoSQL,.Net,Senior IT Project Manager
Python,C++,Ruby,PowerShell,Javascript,SQL,Statistics,C,AWS,DevOps,Google Cloud,Azure ,Machine Learning,Deep Learning,Oracle,IT Operations Manager
Python,Ruby,Java,C++,Javascript,Scala,PHP,Node.js,C#,C,Relational Databases,.Net,NoSQL,DevOps,APIs,IT Project Manager
Ruby,Java,Javascript,Python,C++,PHP,Node.js,C,Scala,C#,.Net,NoSQL,APIs,Relational Databases,DevOps,IT Project Manager
C++,Ruby,Python,Javascript,Java,C#,PHP,Scala,C,Node.js,DevOps,.Net,Relational Databases,APIs,NoSQL,Senior IT Project Manager
Javascript,Python,Java,C++,Ruby,C,Scala,Node.js,C#,PHP,APIs,Relational Databases,NoSQL,DevOps,.Net,IT Project Manager
Python,Ruby,C++,PowerShell,Javascript,SQL,C,Statistics,AWS,DevOps,Google Cloud,Machine Learning,Azure ,Deep Learning,Oracle,IT Operations Manager
Javascript,Ruby,C++,Python,Java,C,PHP,C#,Scala,Node.js,APIs,.Net,DevOps,Relational Databases,NoSQL,IT Project Manager
Javascript,C++,Ruby,Python,Java,C,C#,PHP,Scala,Node.js,APIs,DevOps,.Net,Relational Databases,NoSQL,Senior IT Project Manager
Python,C++,Java,Javascript,Ruby,Scala,C#,Node.js,C,PHP,Relational Databases,DevOps,NoSQL,APIs,.Net,IT Project Manager
Java,Python,Ruby,C++,Javascript,Node.js,Scala,PHP,C#,C,NoSQL,Relational Databases,.Net,DevOps,APIs,IT Project Manager
C++,Python,PowerShell,Javascript,Ruby,Statistics,SQL,AWS,DevOps,C,Azure ,Google Cloud,Deep Learning,Oracle,Machine Learning,IT Operations Manager
Ruby,Javascript,PowerShell,Python,C++,C,DevOps,AWS,SQL,Statistics,Machine Learning,Oracle,Deep Learning,Google Cloud,Azure ,IT Operations Manager
Python,Javascript,Java,C++,Ruby,Scala,C,Node.js,C#,PHP,Relational Databases,APIs,NoSQL,DevOps,.Net,IT Project Manager
Ruby,Javascript,C++,PowerShell,Python,C,DevOps,Statistics,AWS,SQL,Machine Learning,Oracle,Azure ,Deep Learning,Google Cloud,IT Operations Manager
Java,Ruby,C++,Javascript,Python,Node.js,PHP,C#,C,Scala,NoSQL,.Net,DevOps,APIs,Relational Databases,Senior IT Project Manager
Ruby,C++,Python,Javascript,Java,PHP,C#,Scala,C,Node.js,.Net,DevOps,Relational Databases,APIs,NoSQL,Senior IT Project Manager
Ruby,C++,Java,Javascript,Python,PHP,C#,Node.js,C,Scala,.Net,DevOps,NoSQL,APIs,Relational Databases,Senior IT Project Manager
Javascript,Ruby,C++,Python,PowerShell,DevOps,C,Statistics,SQL,AWS,Oracle,Machine Learning,Azure ,Google Cloud,Deep Learning,IT Operations Manager
Ruby,Python,PowerShell,C++,Javascript,C,SQL,AWS,Statistics,DevOps,Machine Learning,Google Cloud,Deep Learning,Azure ,Oracle,IT Operations Manager
Python,Java,C++,Ruby,Javascript,Scala,Node.js,C#,PHP,C,Relational Databases,NoSQL,DevOps,.Net,APIs,IT Project Manager
Java,Ruby,Python,Javascript,C++,Node.js,PHP,Scala,C,C#,NoSQL,.Net,Relational Databases,APIs,DevOps,IT Project Manager
C++,Javascript,Ruby,Java,Python,C#,C,PHP,Node.js,Scala,DevOps,APIs,.Net,NoSQL,Relational Databases,IT Project Manager
Ruby,Python,Java,C++,Javascript,PHP,Scala,Node.js,C#,C,.Net,Relational Databases,NoSQL,DevOps,APIs,IT Project Manager
C++,Python,Java,Javascript,Ruby,C#,Scala,Node.js,C,PHP,DevOps,Relational Databases,NoSQL,APIs,.Net,IT Project Manager
PowerShell,Ruby,C++,Javascript,Python,AWS,C,Statistics,DevOps,SQL,Deep Learning,Machine Learning,Azure ,Oracle,Google Cloud,IT Operations Manager
PowerShell,C++,Javascript,Ruby,Python,AWS,Statistics,DevOps,C,SQL,Deep Learning,Azure ,Oracle,Machine Learning,Google Cloud,IT Operations Manager
Ruby,Python,Java,Javascript,C++,PHP,Scala,Node.js,C,C#,.Net,Relational Databases,NoSQL,APIs,DevOps,IT Project Manager
PowerShell,Javascript,Python,C++,Ruby,AWS,DevOps,SQL,Statistics,C,Deep Learning,Oracle,Google Cloud,Azure ,Machine Learning,IT Operations Manager
Ruby,C++,Python,Java,Javascript,PHP,C#,Scala,Node.js,C,.Net,DevOps,Relational Databases,NoSQL,APIs,IT Project Manager
Javascript,Python,Ruby,Java,C++,C,Scala,PHP,Node.js,C#,APIs,Relational Databases,.Net,NoSQL,DevOps,Senior IT Project Manager
PowerShell,C++,Ruby,Python,Javascript,AWS,Statistics,C,SQL,DevOps,Deep Learning,Azure ,Machine Learning,Google Cloud,Oracle,IT Operations Manager
Ruby,C++,Java,Python,Javascript,PHP,C#,Node.js,Scala,C,.Net,DevOps,NoSQL,Relational Databases,APIs,IT Project Manager
Python,C++,Ruby,Javascript,Java,Scala,C#,PHP,C,Node.js,Relational Databases,DevOps,.Net,APIs,NoSQL,Senior IT Project Manager
PowerShell,Python,C++,Ruby,Javascript,AWS,SQL,Statistics,C,DevOps,Deep Learning,Google Cloud,Azure ,Machine Learning,Oracle,IT Operations Manager
Java,Ruby,Python,C++,Javascript,Node.js,PHP,Scala,C#,C,NoSQL,.Net,Relational Databases,DevOps,APIs,Senior IT Project Manager
C++,Javascript,Python,Ruby,Java,C#,C,Scala,PHP,Node.js,DevOps,APIs,Relational Databases,.Net,NoSQL,Senior IT Project Manager
C++,Java,Ruby,Javascript,Python,C#,Node.js,PHP,C,Scala,DevOps,NoSQL,.Net,APIs,Relational Databases,IT Project Manager
C++,Javascript,Ruby,Python,PowerShell,Statistics,DevOps,C,SQL,AWS,Azure ,Oracle,Machine Learning,Google Cloud,Deep Learning,IT Operations Manager
Java,C++,Ruby,Javascript,Python,Node.js,C#,PHP,C,Scala,NoSQL,DevOps,.Net,APIs,Relational Databases,Senior IT Project Manager
C++,PowerShell,Ruby,Python,Javascript,Statistics,AWS,C,SQL,DevOps,Azure ,Deep Learning,Machine Learning,Google Cloud,Oracle,IT Operations Manager
Python,Javascript,C++,Ruby,PowerShell,SQL,DevOps,Statistics,C,AWS,Google Cloud,Oracle,Azure ,Machine Learning,Deep Learning,IT Operations Manager
PowerShell,Ruby,Javascript,C++,Python,AWS,C,DevOps,Statistics,SQL,Deep Learning,Machine Learning,Oracle,Azure ,Google Cloud,IT Operations Manager
PowerShell,Python,Javascript,C++,Ruby,AWS,SQL,DevOps,Statistics,C,Deep Learning,Google Cloud,Oracle,Azure ,Machine Learning,IT Operations Manager
C++,Javascript,Python,PowerShell,Ruby,Statistics,DevOps,SQL,AWS,C,Azure ,Oracle,Google Cloud,Deep Learning,Machine Learning,IT Operations Manager
Javascript,C++,Java,Ruby,Python,C,C#,Node.js,PHP,Scala,APIs,DevOps,NoSQL,.Net,Relational Databases,IT Project Manager
Python,Java,Javascript,C++,Ruby,Scala,Node.js,C,C#,PHP,Relational Databases,NoSQL,APIs,DevOps,.Net,IT Project Manager
Ruby,Python,C++,PowerShell,Javascript,C,SQL,Statistics,AWS,DevOps,Machine Learning,Google Cloud,Azure ,Deep Learning,Oracle,IT Operations Manager
PowerShell,Ruby,Python,C++,Javascript,AWS,C,SQL,Statistics,DevOps,Deep Learning,Machine Learning,Google Cloud,Azure ,Oracle,IT Operations Manager
Python,PowerShell,Ruby,C++,Javascript,SQL,AWS,C,Statistics,DevOps,Google Cloud,Deep Learning,Machine Learning,Azure ,Oracle,IT Operations Manager
Python,Ruby,C++,Javascript,Java,Scala,PHP,C#,C,Node.js,Relational Databases,.Net,DevOps,APIs,NoSQL,IT Project Manager
Ruby,Javascript,PowerShell,C++,Python,C,DevOps,AWS,Statistics,SQL,Machine Learning,Oracle,Deep Learning,Azure ,Google Cloud,IT Operations Manager
Java,C++,Ruby,Javascript,Python,Node.js,C#,PHP,C,Scala,NoSQL,DevOps,.Net,APIs,Relational Databases,IT Project Manager
Ruby,Javascript,Java,Python,C++,PHP,C,Node.js,Scala,C#,.Net,APIs,NoSQL,Relational Databases,DevOps,Senior IT Project Manager
Javascript,C++,Ruby,PowerShell,Python,DevOps,Statistics,C,AWS,SQL,Oracle,Azure ,Machine Learning,Deep Learning,Google Cloud,IT Operations Manager
C++,Javascript,Ruby,PowerShell,Python,Statistics,DevOps,C,AWS,SQL,Azure ,Oracle,Machine Learning,Deep Learning,Google Cloud,IT Operations Manager
Java,C++,Python,Javascript,Ruby,Node.js,C#,Scala,C,PHP,NoSQL,DevOps,Relational Databases,APIs,.Net,Senior IT Project Manager
Java,Javascript,C++,Ruby,Python,Node.js,C,C#,PHP,Scala,NoSQL,APIs,DevOps,.Net,Relational Databases,IT Project Manager
Ruby,Python,Javascript,C++,PowerShell,C,SQL,DevOps,Statistics,AWS,Machine Learning,Google Cloud,Oracle,Azure ,Deep Learning,IT Operations Manager
C++,Javascript,Python,Java,Ruby,C#,C,Scala,Node.js,PHP,DevOps,APIs,Relational Databases,NoSQL,.Net,Senior IT Project Manager
Javascript,Ruby,C++,Java,Python,C,PHP,C#,Node.js,Scala,APIs,.Net,DevOps,NoSQL,Relational Databases,Senior IT Project Manager
C++,Ruby,Python,Javascript,PowerShell,Statistics,C,SQL,DevOps,AWS,Azure ,Machine Learning,Google Cloud,Oracle,Deep Learning,IT Operations Manager
Javascript,Ruby,Python,C++,Java,C,PHP,Scala,C#,Node.js,APIs,.Net,Relational Databases,DevOps,NoSQL,Senior IT Project Manager
Java,Python,C++,Javascript,Ruby,Node.js,Scala,C#,C,PHP,NoSQL,Relational Databases,DevOps,APIs,.Net,Senior IT Project Manager
C++,Ruby,Javascript,Java,Python,C#,PHP,C,Node.js,Scala,DevOps,.Net,APIs,NoSQL,Relational Databases,Senior IT Project Manager
C++,Java,Javascript,Python,Ruby,C#,Node.js,C,Scala,PHP,DevOps,NoSQL,APIs,Relational Databases,.Net,IT Project Manager
C++,Java,Javascript,Ruby,Python,C#,Node.js,C,PHP,Scala,DevOps,NoSQL,APIs,.Net,Relational Databases,Senior IT Project Manager
Javascript,Java,Ruby,Python,C++,C,Node.js,PHP,Scala,C#,APIs,NoSQL,.Net,Relational Databases,DevOps,Senior IT Project Manager
Ruby,Python,C++,Javascript,PowerShell,C,SQL,Statistics,DevOps,AWS,Machine Learning,Google Cloud,Azure ,Oracle,Deep Learning,IT Operations Manager
C++,Javascript,Ruby,Java,Python,C#,C,PHP,Node.js,Scala,DevOps,APIs,.Net,NoSQL,Relational Databases,Senior IT Project Manager
C++,Javascript,PowerShell,Ruby,Python,Statistics,DevOps,AWS,C,SQL,Azure ,Oracle,Deep Learning,Machine Learning,Google Cloud,IT Operations Manager
Java,Python,Ruby,C++,Javascript,Node.js,Scala,PHP,C#,C,NoSQL,Relational Databases,.Net,DevOps,APIs,Senior IT Project Manager
Ruby,C++,Javascript,Java,Python,PHP,C#,C,Node.js,Scala,.Net,DevOps,APIs,NoSQL,Relational Databases,Senior IT Project Manager
Ruby,PowerShell,Javascript,Python,C++,C,AWS,DevOps,SQL,Statistics,Machine Learning,Deep Learning,Oracle,Google Cloud,Azure ,IT Operations Manager
Ruby,Java,Python,Javascript,C++,PHP,Node.js,Scala,C,C#,.Net,NoSQL,Relational Databases,APIs,DevOps,IT Project Manager
Java,Javascript,Python,Ruby,C++,Node.js,C,Scala,PHP,C#,NoSQL,APIs,Relational Databases,.Net,DevOps,Senior IT Project Manager
Javascript,Python,Java,Ruby,C++,C,Scala,Node.js,PHP,C#,APIs,Relational Databases,NoSQL,.Net,DevOps,IT Project Manager
Python,C++,Javascript,Ruby,Java,Scala,C#,C,PHP,Node.js,Relational Databases,DevOps,APIs,.Net,NoSQL,IT Project Manager
Python,C++,PowerShell,Javascript,Ruby,SQL,Statistics,AWS,DevOps,C,Google Cloud,Azure ,Deep Learning,Oracle,Machine Learning,IT Operations Manager
Ruby,Python,Java,C++,Javascript,PHP,Scala,Node.js,C#,C,.Net,Relational Databases,NoSQL,DevOps,APIs,Senior IT Project Manager
C++,PowerShell,Javascript,Python,Ruby,Statistics,AWS,DevOps,SQL,C,Azure ,Deep Learning,Oracle,Google Cloud,Machine Learning,IT Operations Manager
Ruby,C++,Python,Javascript,PowerShell,C,Statistics,SQL,DevOps,AWS,Machine Learning,Azure ,Google Cloud,Oracle,Deep Learning,IT Operations Manager
Python,Ruby,C++,Java,Javascript,Scala,PHP,C#,Node.js,C,Relational Databases,.Net,DevOps,NoSQL,APIs,IT Project Manager
Java,C++,Javascript,Ruby,Python,Node.js,C#,C,PHP,Scala,NoSQL,DevOps,APIs,.Net,Relational Databases,Senior IT Project Manager
C++,Ruby,Python,PowerShell,Javascript,Statistics,C,SQL,AWS,DevOps,Azure ,Machine Learning,Google Cloud,Deep Learning,Oracle,IT Operations Manager
Python,C++,Javascript,Ruby,PowerShell,SQL,Statistics,DevOps,C,AWS,Google Cloud,Azure ,Oracle,Machine Learning,Deep Learning,IT Operations Manager
Python,C++,Javascript,PowerShell,Ruby,SQL,Statistics,DevOps,AWS,C,Google Cloud,Azure ,Oracle,Deep Learning,Machine Learning,IT Operations Manager
Javascript,Java,C++,Ruby,Python,C,Node.js,C#,PHP,Scala,APIs,NoSQL,DevOps,.Net,Relational Databases,IT Project Manager
Javascript,Ruby,Java,Python,C++,C,PHP,Node.js,Scala,C#,APIs,.Net,NoSQL,Relational Databases,DevOps,Senior IT Project Manager
Javascript,Python,Ruby,C++,PowerShell,DevOps,SQL,C,Statistics,AWS,Oracle,Google Cloud,Machine Learning,Azure ,Deep Learning,IT Operations Manager
Javascript,PowerShell,C++,Ruby,Python,DevOps,AWS,Statistics,C,SQL,Oracle,Deep Learning,Azure ,Machine Learning,Google Cloud,IT Operations Manager
Java,Javascript,C++,Python,Ruby,Node.js,C,C#,Scala,PHP,NoSQL,APIs,DevOps,Relational Databases,.Net,Senior IT Project Manager
Javascript,Java,Python,C++,Ruby,C,Node.js,Scala,C#,PHP,APIs,NoSQL,Relational Databases,DevOps,.Net,Senior IT Project Manager
