Apache,Apache Spark,flume,Hadoop,Big Data,Data Mining,R,Python,Analytics,Statistics,,,,,,Predictive Modelling Role
Analytics,Data Mining,statistics,Deep Learning,Machine Learning,Data Science,Perl,Data Visualization tools,Python,Big Data,SQL,Hadoop,C,Java,C++,Data Scientist
flume,Apache,Apache Spark,Big Data,Hadoop,Python,Data Mining,R,Statistics,Analytics,,,,,,Predictive Modelling Role
Data Modeling,Analytics,Data Structures and Algorithms,Data Analysis,Statistics,NoSQL,Data Warehousing,Relational Databases,,,,,,,,Predictive Analyst
Machine Learning,Analytics,Deep Learning,statistics,Data Mining,Big Data,Data Science,Python,Data Visualization tools,Perl,C++,SQL,Java,C,Hadoop,Data Scientist
Machine Learning,Analytics,Data Mining,Deep Learning,statistics,Big Data,Data Science,Perl,Python,Data Visualization tools,C++,SQL,Hadoop,Java,C,Data Scientist
Analytics,Machine Learning,Deep Learning,Data Mining,statistics,Data Science,Big Data,Python,Perl,Data Visualization tools,SQL,C++,Java,Hadoop,C,Data Scientist
statistics,Analytics,Machine Learning,Deep Learning,Data Mining,Data Visualization tools,Data Science,Big Data,Python,Perl,C,SQL,C++,Java,Hadoop,Data Scientist
Machine Learning,statistics,Analytics,Deep Learning,Data Mining,Big Data,Data Visualization tools,Data Science,Python,Perl,C++,C,SQL,Java,Hadoop,Data Scientist
Statistics,Data Structures and Algorithms,Data Analysis,Data Modeling,Analytics,NoSQL,Data Warehousing,Relational Databases,,,,,,,,Predictive Analyst
Data Structures and Algorithms,Data Analysis,Analytics,Statistics,Data Modeling,Data Warehousing,Relational Databases,NoSQL,,,,,,,,Predictive Analyst
flume,Apache Spark,Hadoop,Apache,Big Data,Python,R,Analytics,Data Mining,Statistics,,,,,,Predictive Modelling Role
Data Mining,Analytics,Deep Learning,Machine Learning,statistics,Perl,Data Science,Python,Big Data,Data Visualization tools,Hadoop,SQL,Java,C++,C,Data Scientist
Statistics,Data Modeling,Analytics,Data Structures and Algorithms,Data Analysis,NoSQL,Data Warehousing,Relational Databases,,,,,,,,Predictive Analyst
Data Structures and Algorithms,Data Analysis,Statistics,Data Modeling,Analytics,Data Warehousing,Relational Databases,NoSQL,,,,,,,,Predictive Analyst
Data Analysis,Analytics,Statistics,Data Modeling,Data Structures and Algorithms,Relational Databases,NoSQL,Data Warehousing,,,,,,,,Predictive Analyst
Machine Learning,Data Mining,Deep Learning,Analytics,statistics,Big Data,Perl,Python,Data Science,Data Visualization tools,C++,Hadoop,Java,SQL,C,Data Scientist
flume,Big Data,Hadoop,Apache,Apache Spark,Python,Statistics,Analytics,Data Mining,R,,,,,,Predictive Modelling Role
Data Structures and Algorithms,Data Analysis,Analytics,Data Modeling,Statistics,NoSQL,Relational Databases,Data Warehousing,,,,,,,,Predictive Analyst
Data Modeling,Statistics,Data Structures and Algorithms,Analytics,Data Analysis,Data Warehousing,Relational Databases,NoSQL,,,,,,,,Predictive Analyst
Data Modeling,Statistics,Data Analysis,Analytics,Data Structures and Algorithms,NoSQL,Relational Databases,Data Warehousing,,,,,,,,Predictive Analyst
Analytics,Data Mining,Deep Learning,Machine Learning,statistics,Data Science,Perl,Python,Big Data,Data Visualization tools,SQL,Hadoop,Java,C++,C,Data Scientist
Data Mining,Analytics,statistics,Machine Learning,Deep Learning,Perl,Data Science,Data Visualization tools,Big Data,Python,Hadoop,SQL,C,C++,Java,Data Scientist
Statistics,Analytics,Data Structures and Algorithms,Data Modeling,Data Analysis,NoSQL,Data Warehousing,Relational Databases,,,,,,,,Predictive Analyst
flume,Apache Spark,Apache,Hadoop,Big Data,Python,R,Data Mining,Analytics,Statistics,,,,,,Predictive Modelling Role
statistics,Analytics,Deep Learning,Data Mining,Machine Learning,Data Visualization tools,Data Science,Python,Perl,Big Data,C,SQL,Java,Hadoop,C++,Data Scientist
Apache Spark,Big Data,flume,Hadoop,Apache,R,Statistics,Python,Analytics,Data Mining,,,,,,Predictive Modelling Role
Analytics,statistics,Deep Learning,Data Mining,Machine Learning,Data Science,Data Visualization tools,Python,Perl,Big Data,SQL,C,Java,Hadoop,C++,Data Scientist
flume,Hadoop,Big Data,Apache,Apache Spark,Python,Analytics,Statistics,Data Mining,R,,,,,,Predictive Modelling Role
Statistics,Analytics,Data Modeling,Data Structures and Algorithms,Data Analysis,NoSQL,Relational Databases,Data Warehousing,,,,,,,,Predictive Analyst
Statistics,Data Analysis,Analytics,Data Modeling,Data Structures and Algorithms,Data Warehousing,Relational Databases,NoSQL,,,,,,,,Predictive Analyst
Apache,Big Data,Apache Spark,Hadoop,flume,Data Mining,Statistics,R,Analytics,Python,,,,,,Predictive Modelling Role
Analytics,Data Mining,Machine Learning,statistics,Deep Learning,Data Science,Perl,Big Data,Data Visualization tools,Python,SQL,Hadoop,C++,C,Java,Data Scientist
Hadoop,Apache Spark,Big Data,flume,Apache,Analytics,R,Statistics,Python,Data Mining,,,,,,Predictive Modelling Role
Apache,flume,Big Data,Hadoop,Apache Spark,Data Mining,Python,Statistics,Analytics,R,,,,,,Predictive Modelling Role
Data Mining,Analytics,Machine Learning,Deep Learning,statistics,Perl,Data Science,Big Data,Python,Data Visualization tools,Hadoop,SQL,C++,Java,C,Data Scientist
Deep Learning,Machine Learning,Data Mining,Analytics,statistics,Python,Big Data,Perl,Data Science,Data Visualization tools,Java,C++,Hadoop,SQL,C,Data Scientist
Apache Spark,Big Data,Hadoop,flume,Apache,R,Statistics,Analytics,Python,Data Mining,,,,,,Predictive Modelling Role
flume,Big Data,Apache Spark,Apache,Hadoop,Python,Statistics,R,Data Mining,Analytics,,,,,,Predictive Modelling Role
Apache Spark,Apache,flume,Hadoop,Big Data,R,Data Mining,Python,Analytics,Statistics,,,,,,Predictive Modelling Role
Machine Learning,Deep Learning,Analytics,statistics,Data Mining,Big Data,Python,Data Science,Data Visualization tools,Perl,C++,Java,SQL,C,Hadoop,Data Scientist
Statistics,Data Structures and Algorithms,Data Modeling,Analytics,Data Analysis,Relational Databases,NoSQL,Data Warehousing,,,,,,,,Predictive Analyst
Deep Learning,Machine Learning,Analytics,Data Mining,statistics,Python,Big Data,Data Science,Perl,Data Visualization tools,Java,C++,SQL,Hadoop,C,Data Scientist
Big Data,Hadoop,Apache Spark,flume,Apache,Statistics,Analytics,R,Python,Data Mining,,,,,,Predictive Modelling Role
Machine Learning,Deep Learning,Data Mining,statistics,Analytics,Big Data,Python,Perl,Data Visualization tools,Data Science,C++,Java,Hadoop,C,SQL,Data Scientist
Data Analysis,Data Modeling,Analytics,Statistics,Data Structures and Algorithms,Data Warehousing,Relational Databases,NoSQL,,,,,,,,Predictive Analyst
Big Data,Apache Spark,Hadoop,Apache,flume,Statistics,R,Analytics,Data Mining,Python,,,,,,Predictive Modelling Role
flume,Big Data,Hadoop,Apache Spark,Apache,Python,Statistics,Analytics,R,Data Mining,,,,,,Predictive Modelling Role
Deep Learning,Analytics,Data Mining,statistics,Machine Learning,Python,Data Science,Perl,Data Visualization tools,Big Data,Java,SQL,Hadoop,C,C++,Data Scientist
flume,Hadoop,Apache,Apache Spark,Big Data,Python,Analytics,Data Mining,R,Statistics,,,,,,Predictive Modelling Role
Analytics,Data Analysis,Statistics,Data Modeling,Data Structures and Algorithms,NoSQL,Relational Databases,Data Warehousing,,,,,,,,Predictive Analyst
statistics,Deep Learning,Data Mining,Analytics,Machine Learning,Data Visualization tools,Python,Perl,Data Science,Big Data,C,Java,Hadoop,SQL,C++,Data Scientist
Apache Spark,Hadoop,Apache,flume,Big Data,R,Analytics,Data Mining,Python,Statistics,,,,,,Predictive Modelling Role
Analytics,Statistics,Data Modeling,Data Analysis,Data Structures and Algorithms,Relational Databases,Data Warehousing,NoSQL,,,,,,,,Predictive Analyst
Deep Learning,Analytics,Machine Learning,Data Mining,statistics,Python,Data Science,Big Data,Perl,Data Visualization tools,Java,SQL,C++,Hadoop,C,Data Scientist
Deep Learning,Data Mining,Machine Learning,statistics,Analytics,Python,Perl,Big Data,Data Visualization tools,Data Science,Java,Hadoop,C++,C,SQL,Data Scientist
flume,Apache,Big Data,Hadoop,Apache Spark,Python,Data Mining,Statistics,Analytics,R,,,,,,Predictive Modelling Role
Hadoop,flume,Apache,Apache Spark,Big Data,Analytics,Python,Data Mining,R,Statistics,,,,,,Predictive Modelling Role
statistics,Deep Learning,Analytics,Data Mining,Machine Learning,Data Visualization tools,Python,Data Science,Perl,Big Data,C,Java,SQL,Hadoop,C++,Data Scientist
Big Data,Apache Spark,flume,Hadoop,Apache,Statistics,R,Python,Analytics,Data Mining,,,,,,Predictive Modelling Role
Analytics,Data Mining,statistics,Machine Learning,Deep Learning,Data Science,Perl,Data Visualization tools,Big Data,Python,SQL,Hadoop,C,C++,Java,Data Scientist
Data Mining,Analytics,Deep Learning,statistics,Machine Learning,Perl,Data Science,Python,Data Visualization tools,Big Data,Hadoop,SQL,Java,C,C++,Data Scientist
flume,Apache,Big Data,Apache Spark,Hadoop,Python,Data Mining,Statistics,R,Analytics,,,,,,Predictive Modelling Role
Apache,flume,Hadoop,Apache Spark,Big Data,Data Mining,Python,Analytics,R,Statistics,,,,,,Predictive Modelling Role
Apache Spark,Apache,Hadoop,Big Data,flume,R,Data Mining,Analytics,Statistics,Python,,,,,,Predictive Modelling Role
Data Mining,Machine Learning,Deep Learning,statistics,Analytics,Perl,Big Data,Python,Data Visualization tools,Data Science,Hadoop,C++,Java,C,SQL,Data Scientist
Data Analysis,Analytics,Statistics,Data Structures and Algorithms,Data Modeling,NoSQL,Relational Databases,Data Warehousing,,,,,,,,Predictive Analyst
Apache,flume,Apache Spark,Hadoop,Big Data,Data Mining,Python,R,Analytics,Statistics,,,,,,Predictive Modelling Role
Apache,flume,Big Data,Apache Spark,Hadoop,Data Mining,Python,Statistics,R,Analytics,,,,,,Predictive Modelling Role
Machine Learning,Deep Learning,Data Mining,Analytics,statistics,Big Data,Python,Perl,Data Science,Data Visualization tools,C++,Java,Hadoop,SQL,C,Data Scientist
statistics,Machine Learning,Analytics,Data Mining,Deep Learning,Data Visualization tools,Big Data,Data Science,Perl,Python,C,C++,SQL,Hadoop,Java,Data Scientist
Data Mining,Machine Learning,Analytics,Deep Learning,statistics,Perl,Big Data,Data Science,Python,Data Visualization tools,Hadoop,C++,SQL,Java,C,Data Scientist
Data Mining,statistics,Deep Learning,Machine Learning,Analytics,Perl,Data Visualization tools,Python,Big Data,Data Science,Hadoop,C,Java,C++,SQL,Data Scientist
statistics,Machine Learning,Analytics,Deep Learning,Data Mining,Data Visualization tools,Big Data,Data Science,Python,Perl,C,C++,SQL,Java,Hadoop,Data Scientist
Data Mining,Machine Learning,statistics,Analytics,Deep Learning,Perl,Big Data,Data Visualization tools,Data Science,Python,Hadoop,C++,C,SQL,Java,Data Scientist
Data Analysis,Statistics,Data Modeling,Analytics,Data Structures and Algorithms,Data Warehousing,Relational Databases,NoSQL,,,,,,,,Predictive Analyst
Hadoop,flume,Big Data,Apache,Apache Spark,Analytics,Python,Statistics,Data Mining,R,,,,,,Predictive Modelling Role
Apache,Hadoop,Apache Spark,Big Data,flume,Data Mining,Analytics,R,Statistics,Python,,,,,,Predictive Modelling Role
flume,Hadoop,Apache,Big Data,Apache Spark,Python,Analytics,Data Mining,Statistics,R,,,,,,Predictive Modelling Role
Analytics,Data Analysis,Data Structures and Algorithms,Statistics,Data Modeling,NoSQL,Relational Databases,Data Warehousing,,,,,,,,Predictive Analyst
Big Data,Apache Spark,Hadoop,flume,Apache,Statistics,R,Analytics,Python,Data Mining,,,,,,Predictive Modelling Role
Hadoop,Big Data,flume,Apache Spark,Apache,Analytics,Statistics,Python,R,Data Mining,,,,,,Predictive Modelling Role
Big Data,Apache,Apache Spark,flume,Hadoop,Statistics,Data Mining,R,Python,Analytics,,,,,,Predictive Modelling Role
Data Modeling,Data Analysis,Statistics,Data Structures and Algorithms,Analytics,Data Warehousing,NoSQL,Relational Databases,,,,,,,,Predictive Analyst
Hadoop,Big Data,Apache Spark,Apache,flume,Analytics,Statistics,R,Data Mining,Python,,,,,,Predictive Modelling Role
Data Structures and Algorithms,Data Modeling,Statistics,Data Analysis,Analytics,Relational Databases,Data Warehousing,NoSQL,,,,,,,,Predictive Analyst
Data Mining,statistics,Deep Learning,Analytics,Machine Learning,Perl,Data Visualization tools,Python,Data Science,Big Data,Hadoop,C,Java,SQL,C++,Data Scientist
Analytics,Deep Learning,statistics,Machine Learning,Data Mining,Data Science,Python,Data Visualization tools,Big Data,Perl,SQL,Java,C,C++,Hadoop,Data Scientist
statistics,Analytics,Data Mining,Machine Learning,Deep Learning,Data Visualization tools,Data Science,Perl,Big Data,Python,C,SQL,Hadoop,C++,Java,Data Scientist
flume,Apache Spark,Hadoop,Big Data,Apache,Python,R,Analytics,Statistics,Data Mining,,,,,,Predictive Modelling Role
Statistics,Analytics,Data Modeling,Data Analysis,Data Structures and Algorithms,Data Warehousing,Relational Databases,NoSQL,,,,,,,,Predictive Analyst
Apache Spark,Hadoop,Big Data,Apache,flume,R,Analytics,Statistics,Data Mining,Python,,,,,,Predictive Modelling Role
Machine Learning,Data Mining,statistics,Analytics,Deep Learning,Big Data,Perl,Data Visualization tools,Data Science,Python,C++,Hadoop,C,SQL,Java,Data Scientist
Data Analysis,Data Modeling,Data Structures and Algorithms,Analytics,Statistics,Data Warehousing,Relational Databases,NoSQL,,,,,,,,Predictive Analyst
statistics,Data Mining,Deep Learning,Machine Learning,Analytics,Data Visualization tools,Perl,Python,Big Data,Data Science,C,Hadoop,Java,C++,SQL,Data Scientist
Apache,Apache Spark,Hadoop,Big Data,flume,Data Mining,R,Analytics,Statistics,Python,,,,,,Predictive Modelling Role
Data Analysis,Data Modeling,Analytics,Data Structures and Algorithms,Statistics,Data Warehousing,NoSQL,Relational Databases,,,,,,,,Predictive Analyst
Apache Spark,Apache,Big Data,Hadoop,flume,R,Data Mining,Statistics,Analytics,Python,,,,,,Predictive Modelling Role
Machine Learning,Data Mining,Analytics,Deep Learning,statistics,Big Data,Perl,Data Science,Python,Data Visualization tools,C++,Hadoop,SQL,Java,C,Data Scientist
Data Structures and Algorithms,Data Modeling,Analytics,Statistics,Data Analysis,NoSQL,Relational Databases,Data Warehousing,,,,,,,,Predictive Analyst
Data Analysis,Data Structures and Algorithms,Statistics,Analytics,Data Modeling,NoSQL,Data Warehousing,Relational Databases,,,,,,,,Predictive Analyst
Big Data,Apache Spark,flume,Apache,Hadoop,Statistics,R,Python,Data Mining,Analytics,,,,,,Predictive Modelling Role
Statistics,Data Analysis,Analytics,Data Structures and Algorithms,Data Modeling,Data Warehousing,NoSQL,Relational Databases,,,,,,,,Predictive Analyst
Apache Spark,Big Data,Hadoop,Apache,flume,R,Statistics,Analytics,Data Mining,Python,,,,,,Predictive Modelling Role
Machine Learning,Analytics,Deep Learning,Data Mining,statistics,Big Data,Data Science,Python,Perl,Data Visualization tools,C++,SQL,Java,Hadoop,C,Data Scientist
Analytics,Deep Learning,statistics,Data Mining,Machine Learning,Data Science,Python,Data Visualization tools,Perl,Big Data,SQL,Java,C,Hadoop,C++,Data Scientist
Big Data,Hadoop,Apache,Apache Spark,flume,Statistics,Analytics,Data Mining,R,Python,,,,,,Predictive Modelling Role
statistics,Analytics,Machine Learning,Data Mining,Deep Learning,Data Visualization tools,Data Science,Big Data,Perl,Python,C,SQL,C++,Hadoop,Java,Data Scientist
Apache,Hadoop,Apache Spark,flume,Big Data,Data Mining,Analytics,R,Python,Statistics,,,,,,Predictive Modelling Role
Data Mining,Analytics,Machine Learning,statistics,Deep Learning,Perl,Data Science,Big Data,Data Visualization tools,Python,Hadoop,SQL,C++,C,Java,Data Scientist
Data Modeling,Data Analysis,Data Structures and Algorithms,Statistics,Analytics,Relational Databases,NoSQL,Data Warehousing,,,,,,,,Predictive Analyst
Analytics,statistics,Machine Learning,Deep Learning,Data Mining,Data Science,Data Visualization tools,Big Data,Python,Perl,SQL,C,C++,Java,Hadoop,Data Scientist
Apache Spark,Hadoop,Big Data,flume,Apache,R,Analytics,Statistics,Python,Data Mining,,,,,,Predictive Modelling Role
Data Mining,Machine Learning,statistics,Deep Learning,Analytics,Perl,Big Data,Data Visualization tools,Python,Data Science,Hadoop,C++,C,Java,SQL,Data Scientist
Deep Learning,statistics,Analytics,Data Mining,Machine Learning,Python,Data Visualization tools,Data Science,Perl,Big Data,Java,C,SQL,Hadoop,C++,Data Scientist
Machine Learning,Deep Learning,statistics,Data Mining,Analytics,Big Data,Python,Data Visualization tools,Perl,Data Science,C++,Java,C,Hadoop,SQL,Data Scientist
Apache,Hadoop,flume,Big Data,Apache Spark,Data Mining,Analytics,Python,Statistics,R,,,,,,Predictive Modelling Role
Data Structures and Algorithms,Data Modeling,Data Analysis,Analytics,Statistics,NoSQL,Relational Databases,Data Warehousing,,,,,,,,Predictive Analyst
Data Modeling,Data Structures and Algorithms,Analytics,Statistics,Data Analysis,Relational Databases,NoSQL,Data Warehousing,,,,,,,,Predictive Analyst
Analytics,Deep Learning,Data Mining,statistics,Machine Learning,Data Science,Python,Perl,Data Visualization tools,Big Data,SQL,Java,Hadoop,C,C++,Data Scientist
flume,Hadoop,Big Data,Apache Spark,Apache,Python,Analytics,Statistics,R,Data Mining,,,,,,Predictive Modelling Role
Apache Spark,Hadoop,flume,Big Data,Apache,R,Analytics,Python,Statistics,Data Mining,,,,,,Predictive Modelling Role
statistics,Data Mining,Deep Learning,Analytics,Machine Learning,Data Visualization tools,Perl,Python,Data Science,Big Data,C,Hadoop,Java,SQL,C++,Data Scientist
Deep Learning,Machine Learning,Data Mining,statistics,Analytics,Python,Big Data,Perl,Data Visualization tools,Data Science,Java,C++,Hadoop,C,SQL,Data Scientist
Analytics,Statistics,Data Analysis,Data Structures and Algorithms,Data Modeling,Relational Databases,Data Warehousing,NoSQL,,,,,,,,Predictive Analyst
Apache Spark,Big Data,flume,Apache,Hadoop,R,Statistics,Python,Data Mining,Analytics,,,,,,Predictive Modelling Role
Analytics,Machine Learning,Data Mining,statistics,Deep Learning,Data Science,Big Data,Perl,Data Visualization tools,Python,SQL,C++,Hadoop,C,Java,Data Scientist
Machine Learning,Analytics,statistics,Data Mining,Deep Learning,Big Data,Data Science,Data Visualization tools,Perl,Python,C++,SQL,C,Hadoop,Java,Data Scientist
Data Modeling,Data Analysis,Statistics,Analytics,Data Structures and Algorithms,NoSQL,Data Warehousing,Relational Databases,,,,,,,,Predictive Analyst
Data Analysis,Data Modeling,Statistics,Data Structures and Algorithms,Analytics,NoSQL,Data Warehousing,Relational Databases,,,,,,,,Predictive Analyst
Analytics,Data Analysis,Data Structures and Algorithms,Data Modeling,Statistics,Data Warehousing,Relational Databases,NoSQL,,,,,,,,Predictive Analyst
Analytics,Statistics,Data Analysis,Data Modeling,Data Structures and Algorithms,NoSQL,Data Warehousing,Relational Databases,,,,,,,,Predictive Analyst
Analytics,Data Mining,Machine Learning,Deep Learning,statistics,Data Science,Perl,Big Data,Python,Data Visualization tools,SQL,Hadoop,C++,Java,C,Data Scientist
statistics,Data Mining,Machine Learning,Analytics,Deep Learning,Data Visualization tools,Perl,Big Data,Data Science,Python,C,Hadoop,C++,SQL,Java,Data Scientist
Apache Spark,Hadoop,flume,Apache,Big Data,R,Analytics,Python,Data Mining,Statistics,,,,,,Predictive Modelling Role
Data Mining,Deep Learning,Machine Learning,Analytics,statistics,Perl,Python,Big Data,Data Science,Data Visualization tools,Hadoop,Java,C++,SQL,C,Data Scientist
flume,Hadoop,Apache Spark,Apache,Big Data,Python,Analytics,R,Data Mining,Statistics,,,,,,Predictive Modelling Role
Data Analysis,Statistics,Analytics,Data Modeling,Data Structures and Algorithms,Relational Databases,Data Warehousing,NoSQL,,,,,,,,Predictive Analyst
Data Structures and Algorithms,Statistics,Analytics,Data Modeling,Data Analysis,Relational Databases,NoSQL,Data Warehousing,,,,,,,,Predictive Analyst
Deep Learning,Machine Learning,statistics,Data Mining,Analytics,Python,Big Data,Data Visualization tools,Perl,Data Science,Java,C++,C,Hadoop,SQL,Data Scientist
Machine Learning,Analytics,Data Mining,statistics,Deep Learning,Big Data,Data Science,Perl,Data Visualization tools,Python,C++,SQL,Hadoop,C,Java,Data Scientist
Analytics,Data Modeling,Statistics,Data Analysis,Data Structures and Algorithms,Relational Databases,NoSQL,Data Warehousing,,,,,,,,Predictive Analyst
Machine Learning,statistics,Deep Learning,Data Mining,Analytics,Big Data,Data Visualization tools,Python,Perl,Data Science,C++,C,Java,Hadoop,SQL,Data Scientist
Statistics,Analytics,Data Analysis,Data Structures and Algorithms,Data Modeling,Data Warehousing,Relational Databases,NoSQL,,,,,,,,Predictive Analyst
Apache Spark,Hadoop,Apache,Big Data,flume,R,Analytics,Data Mining,Statistics,Python,,,,,,Predictive Modelling Role
Analytics,Data Analysis,Statistics,Data Structures and Algorithms,Data Modeling,Relational Databases,NoSQL,Data Warehousing,,,,,,,,Predictive Analyst
Deep Learning,statistics,Machine Learning,Analytics,Data Mining,Python,Data Visualization tools,Big Data,Data Science,Perl,Java,C,C++,SQL,Hadoop,Data Scientist
Apache Spark,flume,Hadoop,Big Data,Apache,R,Python,Analytics,Statistics,Data Mining,,,,,,Predictive Modelling Role
Analytics,Data Modeling,Data Structures and Algorithms,Data Analysis,Statistics,Data Warehousing,NoSQL,Relational Databases,,,,,,,,Predictive Analyst
Data Modeling,Analytics,Data Structures and Algorithms,Statistics,Data Analysis,Relational Databases,Data Warehousing,NoSQL,,,,,,,,Predictive Analyst
statistics,Analytics,Deep Learning,Machine Learning,Data Mining,Data Visualization tools,Data Science,Python,Big Data,Perl,C,SQL,Java,C++,Hadoop,Data Scientist
Statistics,Data Analysis,Data Structures and Algorithms,Analytics,Data Modeling,Relational Databases,NoSQL,Data Warehousing,,,,,,,,Predictive Analyst
Big Data,Apache,flume,Hadoop,Apache Spark,Statistics,Data Mining,Python,Analytics,R,,,,,,Predictive Modelling Role
Hadoop,Apache,flume,Apache Spark,Big Data,Analytics,Data Mining,Python,R,Statistics,,,,,,Predictive Modelling Role
Data Mining,Machine Learning,Analytics,statistics,Deep Learning,Perl,Big Data,Data Science,Data Visualization tools,Python,Hadoop,C++,SQL,C,Java,Data Scientist
Big Data,flume,Apache Spark,Apache,Hadoop,Statistics,Python,R,Data Mining,Analytics,,,,,,Predictive Modelling Role
Data Mining,Analytics,statistics,Deep Learning,Machine Learning,Perl,Data Science,Data Visualization tools,Python,Big Data,Hadoop,SQL,C,Java,C++,Data Scientist
Deep Learning,Machine Learning,statistics,Analytics,Data Mining,Python,Big Data,Data Visualization tools,Data Science,Perl,Java,C++,C,SQL,Hadoop,Data Scientist
Data Structures and Algorithms,Statistics,Data Modeling,Analytics,Data Analysis,NoSQL,Relational Databases,Data Warehousing,,,,,,,,Predictive Analyst
flume,Apache Spark,Apache,Big Data,Hadoop,Python,R,Data Mining,Statistics,Analytics,,,,,,Predictive Modelling Role
Analytics,Machine Learning,Data Mining,Deep Learning,statistics,Data Science,Big Data,Perl,Python,Data Visualization tools,SQL,C++,Hadoop,Java,C,Data Scientist
Machine Learning,statistics,Analytics,Data Mining,Deep Learning,Big Data,Data Visualization tools,Data Science,Perl,Python,C++,C,SQL,Hadoop,Java,Data Scientist
statistics,Machine Learning,Deep Learning,Analytics,Data Mining,Data Visualization tools,Big Data,Python,Data Science,Perl,C,C++,Java,SQL,Hadoop,Data Scientist
statistics,Data Mining,Machine Learning,Deep Learning,Analytics,Data Visualization tools,Perl,Big Data,Python,Data Science,C,Hadoop,C++,Java,SQL,Data Scientist
Data Modeling,Data Structures and Algorithms,Statistics,Analytics,Data Analysis,Data Warehousing,NoSQL,Relational Databases,,,,,,,,Predictive Analyst
Data Structures and Algorithms,Analytics,Statistics,Data Analysis,Data Modeling,Relational Databases,NoSQL,Data Warehousing,,,,,,,,Predictive Analyst
Data Modeling,Analytics,Statistics,Data Structures and Algorithms,Data Analysis,Data Warehousing,Relational Databases,NoSQL,,,,,,,,Predictive Analyst
Big Data,Apache,Hadoop,flume,Apache Spark,Statistics,Data Mining,Analytics,Python,R,,,,,,Predictive Modelling Role
Analytics,Data Modeling,Data Analysis,Statistics,Data Structures and Algorithms,NoSQL,Relational Databases,Data Warehousing,,,,,,,,Predictive Analyst
Analytics,Deep Learning,Data Mining,Machine Learning,statistics,Data Science,Python,Perl,Big Data,Data Visualization tools,SQL,Java,Hadoop,C++,C,Data Scientist
Data Analysis,Analytics,Data Modeling,Data Structures and Algorithms,Statistics,Data Warehousing,Relational Databases,NoSQL,,,,,,,,Predictive Analyst
Data Mining,Deep Learning,Analytics,Machine Learning,statistics,Perl,Python,Data Science,Big Data,Data Visualization tools,Hadoop,Java,SQL,C++,C,Data Scientist
Deep Learning,statistics,Data Mining,Analytics,Machine Learning,Python,Data Visualization tools,Perl,Data Science,Big Data,Java,C,Hadoop,SQL,C++,Data Scientist
Big Data,Apache Spark,Apache,Hadoop,flume,Statistics,R,Data Mining,Analytics,Python,,,,,,Predictive Modelling Role
Data Modeling,Data Analysis,Analytics,Data Structures and Algorithms,Statistics,NoSQL,Data Warehousing,Relational Databases,,,,,,,,Predictive Analyst
Apache,Hadoop,Big Data,flume,Apache Spark,Data Mining,Analytics,Statistics,Python,R,,,,,,Predictive Modelling Role
Data Analysis,Data Modeling,Data Structures and Algorithms,Statistics,Analytics,NoSQL,Relational Databases,Data Warehousing,,,,,,,,Predictive Analyst
Machine Learning,statistics,Data Mining,Analytics,Deep Learning,Big Data,Data Visualization tools,Perl,Data Science,Python,C++,C,Hadoop,SQL,Java,Data Scientist
Data Modeling,Statistics,Analytics,Data Structures and Algorithms,Data Analysis,Data Warehousing,NoSQL,Relational Databases,,,,,,,,Predictive Analyst
Deep Learning,Analytics,statistics,Data Mining,Machine Learning,Python,Data Science,Data Visualization tools,Perl,Big Data,Java,SQL,C,Hadoop,C++,Data Scientist
Data Structures and Algorithms,Statistics,Data Modeling,Data Analysis,Analytics,Relational Databases,NoSQL,Data Warehousing,,,,,,,,Predictive Analyst
Data Structures and Algorithms,Analytics,Data Modeling,Data Analysis,Statistics,Relational Databases,Data Warehousing,NoSQL,,,,,,,,Predictive Analyst
Analytics,Data Structures and Algorithms,Statistics,Data Modeling,Data Analysis,Data Warehousing,Relational Databases,NoSQL,,,,,,,,Predictive Analyst
Analytics,Machine Learning,statistics,Data Mining,Deep Learning,Data Science,Big Data,Data Visualization tools,Perl,Python,SQL,C++,C,Hadoop,Java,Data Scientist
Deep Learning,Data Mining,Machine Learning,Analytics,statistics,Python,Perl,Big Data,Data Science,Data Visualization tools,Java,Hadoop,C++,SQL,C,Data Scientist
Analytics,Data Modeling,Data Analysis,Data Structures and Algorithms,Statistics,Relational Databases,NoSQL,Data Warehousing,,,,,,,,Predictive Analyst
Deep Learning,Data Mining,Analytics,statistics,Machine Learning,Python,Perl,Data Science,Data Visualization tools,Big Data,Java,Hadoop,SQL,C,C++,Data Scientist
Data Structures and Algorithms,Data Modeling,Statistics,Analytics,Data Analysis,NoSQL,Data Warehousing,Relational Databases,,,,,,,,Predictive Analyst
Data Modeling,Data Structures and Algorithms,Data Analysis,Statistics,Analytics,Relational Databases,Data Warehousing,NoSQL,,,,,,,,Predictive Analyst
Data Mining,statistics,Machine Learning,Analytics,Deep Learning,Perl,Data Visualization tools,Big Data,Data Science,Python,Hadoop,C,C++,SQL,Java,Data Scientist
Apache,Big Data,Hadoop,Apache Spark,flume,Data Mining,Statistics,Analytics,R,Python,,,,,,Predictive Modelling Role
Big Data,Apache,Hadoop,Apache Spark,flume,Statistics,Data Mining,Analytics,R,Python,,,,,,Predictive Modelling Role
Data Structures and Algorithms,Analytics,Data Analysis,Data Modeling,Statistics,NoSQL,Data Warehousing,Relational Databases,,,,,,,,Predictive Analyst
Deep Learning,statistics,Data Mining,Machine Learning,Analytics,Python,Data Visualization tools,Perl,Big Data,Data Science,Java,C,Hadoop,C++,SQL,Data Scientist
statistics,Deep Learning,Analytics,Machine Learning,Data Mining,Data Visualization tools,Python,Data Science,Big Data,Perl,C,Java,SQL,C++,Hadoop,Data Scientist
Data Modeling,Data Structures and Algorithms,Data Analysis,Analytics,Statistics,Relational Databases,NoSQL,Data Warehousing,,,,,,,,Predictive Analyst
flume,Apache,Hadoop,Big Data,Apache Spark,Python,Data Mining,Analytics,Statistics,R,,,,,,Predictive Modelling Role
Analytics,Statistics,Data Structures and Algorithms,Data Analysis,Data Modeling,NoSQL,Data Warehousing,Relational Databases,,,,,,,,Predictive Analyst
Apache Spark,flume,Apache,Hadoop,Big Data,R,Python,Data Mining,Analytics,Statistics,,,,,,Predictive Modelling Role
Data Structures and Algorithms,Data Modeling,Analytics,Data Analysis,Statistics,Relational Databases,NoSQL,Data Warehousing,,,,,,,,Predictive Analyst
Hadoop,Apache,flume,Big Data,Apache Spark,Analytics,Data Mining,Python,Statistics,R,,,,,,Predictive Modelling Role
Deep Learning,Data Mining,statistics,Machine Learning,Analytics,Python,Perl,Data Visualization tools,Big Data,Data Science,Java,Hadoop,C,C++,SQL,Data Scientist
Hadoop,Apache,Big Data,Apache Spark,flume,Analytics,Data Mining,Statistics,R,Python,,,,,,Predictive Modelling Role
Analytics,Data Structures and Algorithms,Statistics,Data Analysis,Data Modeling,NoSQL,Relational Databases,Data Warehousing,,,,,,,,Predictive Analyst
Data Structures and Algorithms,Analytics,Data Analysis,Statistics,Data Modeling,Data Warehousing,NoSQL,Relational Databases,,,,,,,,Predictive Analyst
flume,Big Data,Apache Spark,Hadoop,Apache,Python,Statistics,R,Analytics,Data Mining,,,,,,Predictive Modelling Role
Data Mining,statistics,Machine Learning,Deep Learning,Analytics,Perl,Data Visualization tools,Big Data,Python,Data Science,Hadoop,C,C++,Java,SQL,Data Scientist
Data Analysis,Statistics,Data Structures and Algorithms,Data Modeling,Analytics,Relational Databases,NoSQL,Data Warehousing,,,,,,,,Predictive Analyst
Data Modeling,Data Analysis,Analytics,Statistics,Data Structures and Algorithms,Relational Databases,Data Warehousing,NoSQL,,,,,,,,Predictive Analyst
Apache Spark,Apache,Hadoop,flume,Big Data,R,Data Mining,Analytics,Python,Statistics,,,,,,Predictive Modelling Role
Data Structures and Algorithms,Statistics,Data Analysis,Data Modeling,Analytics,Data Warehousing,NoSQL,Relational Databases,,,,,,,,Predictive Analyst
Statistics,Data Structures and Algorithms,Data Analysis,Analytics,Data Modeling,Relational Databases,Data Warehousing,NoSQL,,,,,,,,Predictive Analyst
Data Structures and Algorithms,Data Modeling,Data Analysis,Statistics,Analytics,Data Warehousing,Relational Databases,NoSQL,,,,,,,,Predictive Analyst
Data Modeling,Statistics,Data Structures and Algorithms,Data Analysis,Analytics,Data Warehousing,NoSQL,Relational Databases,,,,,,,,Predictive Analyst
Analytics,statistics,Data Mining,Deep Learning,Machine Learning,Data Science,Data Visualization tools,Perl,Python,Big Data,SQL,C,Hadoop,Java,C++,Data Scientist
Machine Learning,Data Mining,Deep Learning,statistics,Analytics,Big Data,Perl,Python,Data Visualization tools,Data Science,C++,Hadoop,Java,C,SQL,Data Scientist
Apache,Apache Spark,Big Data,flume,Hadoop,Data Mining,R,Statistics,Python,Analytics,,,,,,Predictive Modelling Role
Data Mining,Deep Learning,Machine Learning,statistics,Analytics,Perl,Python,Big Data,Data Visualization tools,Data Science,Hadoop,Java,C++,C,SQL,Data Scientist
Apache,flume,Apache Spark,Big Data,Hadoop,Data Mining,Python,R,Statistics,Analytics,,,,,,Predictive Modelling Role
Machine Learning,Deep Learning,Analytics,Data Mining,statistics,Big Data,Python,Data Science,Perl,Data Visualization tools,C++,Java,SQL,Hadoop,C,Data Scientist
Data Modeling,Data Structures and Algorithms,Statistics,Data Analysis,Analytics,Data Warehousing,Relational Databases,NoSQL,,,,,,,,Predictive Analyst
Hadoop,Apache,Apache Spark,Big Data,flume,Analytics,Data Mining,R,Statistics,Python,,,,,,Predictive Modelling Role
Data Modeling,Data Analysis,Data Structures and Algorithms,Analytics,Statistics,Relational Databases,Data Warehousing,NoSQL,,,,,,,,Predictive Analyst
Data Structures and Algorithms,Data Analysis,Data Modeling,Analytics,Statistics,NoSQL,Data Warehousing,Relational Databases,,,,,,,,Predictive Analyst
Data Structures and Algorithms,Analytics,Statistics,Data Modeling,Data Analysis,Relational Databases,Data Warehousing,NoSQL,,,,,,,,Predictive Analyst
Analytics,Deep Learning,Machine Learning,statistics,Data Mining,Data Science,Python,Big Data,Data Visualization tools,Perl,SQL,Java,C++,C,Hadoop,Data Scientist
flume,Apache Spark,Big Data,Hadoop,Apache,Python,R,Statistics,Analytics,Data Mining,,,,,,Predictive Modelling Role
Analytics,Statistics,Data Structures and Algorithms,Data Modeling,Data Analysis,Data Warehousing,NoSQL,Relational Databases,,,,,,,,Predictive Analyst
flume,Apache,Hadoop,Apache Spark,Big Data,Python,Data Mining,Analytics,R,Statistics,,,,,,Predictive Modelling Role
flume,Hadoop,Apache Spark,Big Data,Apache,Python,Analytics,R,Statistics,Data Mining,,,,,,Predictive Modelling Role
Statistics,Data Modeling,Data Analysis,Analytics,Data Structures and Algorithms,Relational Databases,NoSQL,Data Warehousing,,,,,,,,Predictive Analyst
Data Analysis,Data Structures and Algorithms,Statistics,Data Modeling,Analytics,Relational Databases,Data Warehousing,NoSQL,,,,,,,,Predictive Analyst
Big Data,Apache,Apache Spark,Hadoop,flume,Statistics,Data Mining,R,Analytics,Python,,,,,,Predictive Modelling Role
Data Analysis,Data Modeling,Statistics,Analytics,Data Structures and Algorithms,Data Warehousing,NoSQL,Relational Databases,,,,,,,,Predictive Analyst
Apache Spark,Apache,Big Data,flume,Hadoop,R,Data Mining,Statistics,Python,Analytics,,,,,,Predictive Modelling Role
Machine Learning,Data Mining,Analytics,statistics,Deep Learning,Big Data,Perl,Data Science,Data Visualization tools,Python,C++,Hadoop,SQL,C,Java,Data Scientist
statistics,Deep Learning,Data Mining,Machine Learning,Analytics,Data Visualization tools,Python,Perl,Big Data,Data Science,C,Java,Hadoop,C++,SQL,Data Scientist
Deep Learning,Machine Learning,Analytics,statistics,Data Mining,Python,Big Data,Data Science,Data Visualization tools,Perl,Java,C++,SQL,C,Hadoop,Data Scientist
Apache,Apache Spark,Hadoop,flume,Big Data,Data Mining,R,Analytics,Python,Statistics,,,,,,Predictive Modelling Role
statistics,Analytics,Data Mining,Deep Learning,Machine Learning,Data Visualization tools,Data Science,Perl,Python,Big Data,C,SQL,Hadoop,Java,C++,Data Scientist
Analytics,Machine Learning,Deep Learning,statistics,Data Mining,Data Science,Big Data,Python,Data Visualization tools,Perl,SQL,C++,Java,C,Hadoop,Data Scientist
Data Mining,statistics,Analytics,Machine Learning,Deep Learning,Perl,Data Visualization tools,Data Science,Big Data,Python,Hadoop,C,SQL,C++,Java,Data Scientist
Hadoop,Apache Spark,flume,Big Data,Apache,Analytics,R,Python,Statistics,Data Mining,,,,,,Predictive Modelling Role
Data Analysis,Analytics,Data Modeling,Statistics,Data Structures and Algorithms,Data Warehousing,NoSQL,Relational Databases,,,,,,,,Predictive Analyst
Statistics,Data Modeling,Analytics,Data Analysis,Data Structures and Algorithms,Data Warehousing,NoSQL,Relational Databases,,,,,,,,Predictive Analyst
Analytics,Data Analysis,Data Modeling,Statistics,Data Structures and Algorithms,NoSQL,Data Warehousing,Relational Databases,,,,,,,,Predictive Analyst
Hadoop,Big Data,Apache,flume,Apache Spark,Analytics,Statistics,Data Mining,Python,R,,,,,,Predictive Modelling Role
Statistics,Analytics,Data Structures and Algorithms,Data Analysis,Data Modeling,Data Warehousing,NoSQL,Relational Databases,,,,,,,,Predictive Analyst
Machine Learning,Analytics,statistics,Deep Learning,Data Mining,Big Data,Data Science,Data Visualization tools,Python,Perl,C++,SQL,C,Java,Hadoop,Data Scientist
Data Modeling,Analytics,Data Analysis,Statistics,Data Structures and Algorithms,Relational Databases,NoSQL,Data Warehousing,,,,,,,,Predictive Analyst
Analytics,Machine Learning,statistics,Deep Learning,Data Mining,Data Science,Big Data,Data Visualization tools,Python,Perl,SQL,C++,C,Java,Hadoop,Data Scientist
Big Data,flume,Apache,Hadoop,Apache Spark,Statistics,Python,Data Mining,Analytics,R,,,,,,Predictive Modelling Role
statistics,Deep Learning,Machine Learning,Analytics,Data Mining,Data Visualization tools,Python,Big Data,Data Science,Perl,C,Java,C++,SQL,Hadoop,Data Scientist
Big Data,Hadoop,Apache Spark,Apache,flume,Statistics,Analytics,R,Data Mining,Python,,,,,,Predictive Modelling Role
Statistics,Data Structures and Algorithms,Data Modeling,Data Analysis,Analytics,NoSQL,Relational Databases,Data Warehousing,,,,,,,,Predictive Analyst
Deep Learning,statistics,Analytics,Machine Learning,Data Mining,Python,Data Visualization tools,Data Science,Big Data,Perl,Java,C,SQL,C++,Hadoop,Data Scientist
Data Modeling,Analytics,Statistics,Data Analysis,Data Structures and Algorithms,NoSQL,Relational Databases,Data Warehousing,,,,,,,,Predictive Analyst
Apache Spark,Big Data,Apache,Hadoop,flume,R,Statistics,Data Mining,Analytics,Python,,,,,,Predictive Modelling Role
Hadoop,Apache Spark,Apache,flume,Big Data,Analytics,R,Data Mining,Python,Statistics,,,,,,Predictive Modelling Role
Big Data,flume,Apache Spark,Hadoop,Apache,Statistics,Python,R,Analytics,Data Mining,,,,,,Predictive Modelling Role
Analytics,Statistics,Data Modeling,Data Structures and Algorithms,Data Analysis,Relational Databases,NoSQL,Data Warehousing,,,,,,,,Predictive Analyst
Analytics,Data Mining,Deep Learning,statistics,Machine Learning,Data Science,Perl,Python,Data Visualization tools,Big Data,SQL,Hadoop,Java,C,C++,Data Scientist
Hadoop,flume,Apache Spark,Big Data,Apache,Analytics,Python,R,Statistics,Data Mining,,,,,,Predictive Modelling Role
Analytics,Data Structures and Algorithms,Data Analysis,Data Modeling,Statistics,Data Warehousing,NoSQL,Relational Databases,,,,,,,,Predictive Analyst
statistics,Machine Learning,Deep Learning,Data Mining,Analytics,Data Visualization tools,Big Data,Python,Perl,Data Science,C,C++,Java,Hadoop,SQL,Data Scientist
Data Mining,Deep Learning,statistics,Analytics,Machine Learning,Perl,Python,Data Visualization tools,Data Science,Big Data,Hadoop,Java,C,SQL,C++,Data Scientist
Big Data,Hadoop,Apache,flume,Apache Spark,Statistics,Analytics,Data Mining,Python,R,,,,,,Predictive Modelling Role
Big Data,flume,Hadoop,Apache,Apache Spark,Statistics,Python,Analytics,Data Mining,R,,,,,,Predictive Modelling Role
Data Analysis,Data Structures and Algorithms,Data Modeling,Statistics,Analytics,NoSQL,Data Warehousing,Relational Databases,,,,,,,,Predictive Analyst
Apache Spark,Apache,flume,Big Data,Hadoop,R,Data Mining,Python,Statistics,Analytics,,,,,,Predictive Modelling Role
statistics,Machine Learning,Data Mining,Analytics,Deep Learning,Data Visualization tools,Big Data,Perl,Data Science,Python,C,C++,Hadoop,SQL,Java,Data Scientist
Statistics,Data Analysis,Data Modeling,Data Structures and Algorithms,Analytics,Relational Databases,NoSQL,Data Warehousing,,,,,,,,Predictive Analyst
Apache,Big Data,flume,Hadoop,Apache Spark,Data Mining,Statistics,Python,Analytics,R,,,,,,Predictive Modelling Role
Big Data,flume,Hadoop,Apache Spark,Apache,Statistics,Python,Analytics,R,Data Mining,,,,,,Predictive Modelling Role
Analytics,Data Structures and Algorithms,Data Modeling,Data Analysis,Statistics,Data Warehousing,Relational Databases,NoSQL,,,,,,,,Predictive Analyst
Apache Spark,flume,Big Data,Hadoop,Apache,R,Python,Statistics,Analytics,Data Mining,,,,,,Predictive Modelling Role
Apache Spark,Big Data,Apache,flume,Hadoop,R,Statistics,Data Mining,Python,Analytics,,,,,,Predictive Modelling Role
Apache,Apache Spark,flume,Big Data,Hadoop,Data Mining,R,Python,Statistics,Analytics,,,,,,Predictive Modelling Role
Hadoop,flume,Big Data,Apache Spark,Apache,Analytics,Python,Statistics,R,Data Mining,,,,,,Predictive Modelling Role
Deep Learning,Data Mining,Analytics,Machine Learning,statistics,Python,Perl,Data Science,Big Data,Data Visualization tools,Java,Hadoop,SQL,C++,C,Data Scientist
Apache,Hadoop,flume,Apache Spark,Big Data,Data Mining,Analytics,Python,R,Statistics,,,,,,Predictive Modelling Role
Statistics,Analytics,Data Analysis,Data Modeling,Data Structures and Algorithms,Data Warehousing,NoSQL,Relational Databases,,,,,,,,Predictive Analyst
statistics,Data Mining,Analytics,Deep Learning,Machine Learning,Data Visualization tools,Perl,Data Science,Python,Big Data,C,Hadoop,SQL,Java,C++,Data Scientist
Data Analysis,Statistics,Data Structures and Algorithms,Analytics,Data Modeling,NoSQL,Relational Databases,Data Warehousing,,,,,,,,Predictive Analyst
Data Mining,Deep Learning,statistics,Machine Learning,Analytics,Perl,Python,Data Visualization tools,Big Data,Data Science,Hadoop,Java,C,C++,SQL,Data Scientist
Statistics,Data Analysis,Data Modeling,Analytics,Data Structures and Algorithms,Relational Databases,Data Warehousing,NoSQL,,,,,,,,Predictive Analyst
Statistics,Data Analysis,Data Structures and Algorithms,Data Modeling,Analytics,NoSQL,Relational Databases,Data Warehousing,,,,,,,,Predictive Analyst
Data Mining,Machine Learning,Deep Learning,Analytics,statistics,Perl,Big Data,Python,Data Science,Data Visualization tools,Hadoop,C++,Java,SQL,C,Data Scientist
Statistics,Data Structures and Algorithms,Analytics,Data Analysis,Data Modeling,Data Warehousing,Relational Databases,NoSQL,,,,,,,,Predictive Analyst
statistics,Deep Learning,Machine Learning,Data Mining,Analytics,Data Visualization tools,Python,Big Data,Perl,Data Science,C,Java,C++,Hadoop,SQL,Data Scientist
Big Data,Apache Spark,Apache,flume,Hadoop,Statistics,R,Data Mining,Python,Analytics,,,,,,Predictive Modelling Role
Hadoop,Big Data,Apache,Apache Spark,flume,Analytics,Statistics,Data Mining,R,Python,,,,,,Predictive Modelling Role
Data Analysis,Statistics,Data Modeling,Data Structures and Algorithms,Analytics,NoSQL,Relational Databases,Data Warehousing,,,,,,,,Predictive Analyst
Hadoop,Apache Spark,Apache,Big Data,flume,Analytics,R,Data Mining,Statistics,Python,,,,,,Predictive Modelling Role
Deep Learning,statistics,Machine Learning,Data Mining,Analytics,Python,Data Visualization tools,Big Data,Perl,Data Science,Java,C,C++,Hadoop,SQL,Data Scientist
Deep Learning,Analytics,Data Mining,Machine Learning,statistics,Python,Data Science,Perl,Big Data,Data Visualization tools,Java,SQL,Hadoop,C++,C,Data Scientist
Big Data,Hadoop,flume,Apache Spark,Apache,Statistics,Analytics,Python,R,Data Mining,,,,,,Predictive Modelling Role
Analytics,statistics,Machine Learning,Data Mining,Deep Learning,Data Science,Data Visualization tools,Big Data,Perl,Python,SQL,C,C++,Hadoop,Java,Data Scientist
Data Mining,Deep Learning,Analytics,statistics,Machine Learning,Perl,Python,Data Science,Data Visualization tools,Big Data,Hadoop,Java,SQL,C,C++,Data Scientist
Apache Spark,flume,Big Data,Apache,Hadoop,R,Python,Statistics,Data Mining,Analytics,,,,,,Predictive Modelling Role
Analytics,statistics,Deep Learning,Machine Learning,Data Mining,Data Science,Data Visualization tools,Python,Big Data,Perl,SQL,C,Java,C++,Hadoop,Data Scientist
Analytics,Data Analysis,Data Modeling,Data Structures and Algorithms,Statistics,Relational Databases,Data Warehousing,NoSQL,,,,,,,,Predictive Analyst
Apache,Hadoop,Big Data,Apache Spark,flume,Data Mining,Analytics,Statistics,R,Python,,,,,,Predictive Modelling Role
Data Modeling,Data Structures and Algorithms,Analytics,Data Analysis,Statistics,NoSQL,Relational Databases,Data Warehousing,,,,,,,,Predictive Analyst
Hadoop,Apache,Apache Spark,flume,Big Data,Analytics,Data Mining,R,Python,Statistics,,,,,,Predictive Modelling Role
Data Analysis,Analytics,Data Structures and Algorithms,Statistics,Data Modeling,Relational Databases,NoSQL,Data Warehousing,,,,,,,,Predictive Analyst
Apache,Big Data,flume,Apache Spark,Hadoop,Data Mining,Statistics,Python,R,Analytics,,,,,,Predictive Modelling Role
Machine Learning,Deep Learning,statistics,Analytics,Data Mining,Big Data,Python,Data Visualization tools,Data Science,Perl,C++,Java,C,SQL,Hadoop,Data Scientist
Data Structures and Algorithms,Statistics,Analytics,Data Analysis,Data Modeling,Relational Databases,Data Warehousing,NoSQL,,,,,,,,Predictive Analyst
Big Data,Apache,flume,Apache Spark,Hadoop,Statistics,Data Mining,Python,R,Analytics,,,,,,Predictive Modelling Role
Big Data,Hadoop,flume,Apache,Apache Spark,Statistics,Analytics,Python,Data Mining,R,,,,,,Predictive Modelling Role
Apache,Big Data,Apache Spark,flume,Hadoop,Data Mining,Statistics,R,Python,Analytics,,,,,,Predictive Modelling Role
Apache Spark,flume,Hadoop,Apache,Big Data,R,Python,Analytics,Data Mining,Statistics,,,,,,Predictive Modelling Role
flume,Apache Spark,Big Data,Apache,Hadoop,Python,R,Statistics,Data Mining,Analytics,,,,,,Predictive Modelling Role
Deep Learning,Analytics,Machine Learning,statistics,Data Mining,Python,Data Science,Big Data,Data Visualization tools,Perl,Java,SQL,C++,C,Hadoop,Data Scientist
Data Analysis,Data Structures and Algorithms,Data Modeling,Analytics,Statistics,Data Warehousing,NoSQL,Relational Databases,,,,,,,,Predictive Analyst
Statistics,Data Modeling,Data Structures and Algorithms,Analytics,Data Analysis,Relational Databases,Data Warehousing,NoSQL,,,,,,,,Predictive Analyst
statistics,Machine Learning,Data Mining,Deep Learning,Analytics,Data Visualization tools,Big Data,Perl,Python,Data Science,C,C++,Hadoop,Java,SQL,Data Scientist
Data Structures and Algorithms,Statistics,Data Analysis,Analytics,Data Modeling,Data Warehousing,Relational Databases,NoSQL,,,,,,,,Predictive Analyst
Apache,Big Data,Hadoop,flume,Apache Spark,Data Mining,Statistics,Analytics,Python,R,,,,,,Predictive Modelling Role
Analytics,statistics,Data Mining,Machine Learning,Deep Learning,Data Science,Data Visualization tools,Perl,Big Data,Python,SQL,C,Hadoop,C++,Java,Data Scientist
Apache Spark,flume,Apache,Big Data,Hadoop,R,Python,Data Mining,Statistics,Analytics,,,,,,Predictive Modelling Role
statistics,Data Mining,Analytics,Machine Learning,Deep Learning,Data Visualization tools,Perl,Data Science,Big Data,Python,C,Hadoop,SQL,C++,Java,Data Scientist
Machine Learning,statistics,Deep Learning,Analytics,Data Mining,Big Data,Data Visualization tools,Python,Data Science,Perl,C++,C,Java,SQL,Hadoop,Data Scientist
Hadoop,flume,Apache,Big Data,Apache Spark,Analytics,Python,Data Mining,Statistics,R,,,,,,Predictive Modelling Role
Analytics,Data Structures and Algorithms,Data Modeling,Statistics,Data Analysis,Data Warehousing,NoSQL,Relational Databases,,,,,,,,Predictive Analyst
Hadoop,Apache,Big Data,flume,Apache Spark,Analytics,Data Mining,Statistics,Python,R,,,,,,Predictive Modelling Role
Hadoop,Apache Spark,flume,Apache,Big Data,Analytics,R,Python,Data Mining,Statistics,,,,,,Predictive Modelling Role
Hadoop,Apache Spark,Big Data,Apache,flume,Analytics,R,Statistics,Data Mining,Python,,,,,,Predictive Modelling Role
Data Modeling,Statistics,Data Analysis,Data Structures and Algorithms,Analytics,Data Warehousing,Relational Databases,NoSQL,,,,,,,,Predictive Analyst
Data Modeling,Analytics,Data Analysis,Data Structures and Algorithms,Statistics,NoSQL,Relational Databases,Data Warehousing,,,,,,,,Predictive Analyst
Statistics,Data Modeling,Data Analysis,Data Structures and Algorithms,Analytics,Relational Databases,Data Warehousing,NoSQL,,,,,,,,Predictive Analyst
Analytics,Deep Learning,Machine Learning,Data Mining,statistics,Data Science,Python,Big Data,Perl,Data Visualization tools,SQL,Java,C++,Hadoop,C,Data Scientist
Data Structures and Algorithms,Analytics,Data Modeling,Statistics,Data Analysis,NoSQL,Data Warehousing,Relational Databases,,,,,,,,Predictive Analyst
Data Structures and Algorithms,Data Analysis,Data Modeling,Statistics,Analytics,Data Warehousing,NoSQL,Relational Databases,,,,,,,,Predictive Analyst
Analytics,Data Modeling,Data Structures and Algorithms,Statistics,Data Analysis,Data Warehousing,Relational Databases,NoSQL,,,,,,,,Predictive Analyst
Hadoop,Big Data,flume,Apache,Apache Spark,Analytics,Statistics,Python,Data Mining,R,,,,,,Predictive Modelling Role
Statistics,Data Structures and Algorithms,Analytics,Data Modeling,Data Analysis,NoSQL,Relational Databases,Data Warehousing,,,,,,,,Predictive Analyst
Apache,flume,Hadoop,Big Data,Apache Spark,Data Mining,Python,Analytics,Statistics,R,,,,,,Predictive Modelling Role
flume,Big Data,Apache,Hadoop,Apache Spark,Python,Statistics,Data Mining,Analytics,R,,,,,,Predictive Modelling Role
Deep Learning,Analytics,statistics,Machine Learning,Data Mining,Python,Data Science,Data Visualization tools,Big Data,Perl,Java,SQL,C,C++,Hadoop,Data Scientist
Data Analysis,Data Structures and Algorithms,Analytics,Statistics,Data Modeling,Relational Databases,Data Warehousing,NoSQL,,,,,,,,Predictive Analyst
Machine Learning,Data Mining,statistics,Deep Learning,Analytics,Big Data,Perl,Data Visualization tools,Python,Data Science,C++,Hadoop,C,Java,SQL,Data Scientist
flume,Apache,Apache Spark,Hadoop,Big Data,Python,Data Mining,R,Analytics,Statistics,,,,,,Predictive Modelling Role
Statistics,Data Modeling,Data Structures and Algorithms,Data Analysis,Analytics,NoSQL,Data Warehousing,Relational Databases,,,,,,,,Predictive Analyst
Deep Learning,Data Mining,statistics,Analytics,Machine Learning,Python,Perl,Data Visualization tools,Data Science,Big Data,Java,Hadoop,C,SQL,C++,Data Scientist
Hadoop,flume,Apache Spark,Apache,Big Data,Analytics,Python,R,Data Mining,Statistics,,,,,,Predictive Modelling Role
Data Modeling,Statistics,Analytics,Data Analysis,Data Structures and Algorithms,NoSQL,Data Warehousing,Relational Databases,,,,,,,,Predictive Analyst
Hadoop,Big Data,Apache Spark,flume,Apache,Analytics,Statistics,R,Python,Data Mining,,,,,,Predictive Modelling Role
Data Mining,statistics,Analytics,Deep Learning,Machine Learning,Perl,Data Visualization tools,Data Science,Python,Big Data,Hadoop,C,SQL,Java,C++,Data Scientist
Data Structures and Algorithms,Data Analysis,Statistics,Analytics,Data Modeling,Data Warehousing,NoSQL,Relational Databases,,,,,,,,Predictive Analyst
Big Data,flume,Apache,Apache Spark,Hadoop,Statistics,Python,Data Mining,R,Analytics,,,,,,Predictive Modelling Role
Analytics,Data Modeling,Statistics,Data Structures and Algorithms,Data Analysis,Relational Databases,Data Warehousing,NoSQL,,,,,,,,Predictive Analyst
Data Analysis,Analytics,Data Structures and Algorithms,Data Modeling,Statistics,Relational Databases,Data Warehousing,NoSQL,,,,,,,,Predictive Analyst
Apache,Apache Spark,Big Data,Hadoop,flume,Data Mining,R,Statistics,Analytics,Python,,,,,,Predictive Modelling Role
Machine Learning,statistics,Data Mining,Deep Learning,Analytics,Big Data,Data Visualization tools,Perl,Python,Data Science,C++,C,Hadoop,Java,SQL,Data Scientist
Data Analysis,Statistics,Analytics,Data Structures and Algorithms,Data Modeling,NoSQL,Data Warehousing,Relational Databases,,,,,,,,Predictive Analyst
flume,Big Data,Apache,Apache Spark,Hadoop,Python,Statistics,Data Mining,R,Analytics,,,,,,Predictive Modelling Role
Data Analysis,Data Structures and Algorithms,Analytics,Data Modeling,Statistics,Relational Databases,NoSQL,Data Warehousing,,,,,,,,Predictive Analyst
Analytics,Data Structures and Algorithms,Data Analysis,Statistics,Data Modeling,NoSQL,Data Warehousing,Relational Databases,,,,,,,,Predictive Analyst
