SnowSQL,SnowPipe,Unix,Python,Streams,ETL,Data Warehousing,Data Modeling,Powerbi,Cross Team's Environments,AWS,Azure Data ecosystem,,,,Snowflake Developer
SnowPipe,SnowSQL,Unix,Python,Streams,Data Warehousing,ETL,Data Modeling,Powerbi,Cross Team's Environments,Azure Data ecosystem,AWS,,,,Snowflake Developer
Unix,SnowSQL,SnowPipe,Python,Streams,Data Modeling,ETL,Data Warehousing,Powerbi,Cross Team's Environments,AWS,Azure Data ecosystem,,,,Snowflake Developer
SnowSQL,Unix,SnowPipe,Python,Streams,ETL,Data Modeling,Data Warehousing,Powerbi,Cross Team's Environments,Azure Data ecosystem,AWS,,,,Snowflake Developer
SnowPipe,Unix,SnowSQL,Python,Streams,Data Warehousing,Data Modeling,ETL,Powerbi,Cross Team's Environments,AWS,Azure Data ecosystem,,,,Snowflake Developer
Unix,SnowPipe,SnowSQL,Python,Streams,Data Modeling,Data Warehousing,ETL,Powerbi,Cross Team's Environments,Azure Data ecosystem,AWS,,,,Snowflake Developer
Unix,SnowPipe,Python,SnowSQL,Streams,Data Modeling,Data Warehousing,Powerbi,ETL,Cross Team's Environments,AWS,Azure Data ecosystem,,,,Snowflake Developer
SnowPipe,Unix,Python,SnowSQL,Streams,Data Warehousing,Data Modeling,Powerbi,ETL,Cross Team's Environments,Azure Data ecosystem,AWS,,,,Snowflake Developer
Python,Unix,SnowPipe,SnowSQL,Streams,Powerbi,Data Modeling,Data Warehousing,ETL,Cross Team's Environments,AWS,Azure Data ecosystem,,,,Snowflake Developer
Unix,Python,SnowPipe,SnowSQL,Streams,Data Modeling,Powerbi,Data Warehousing,ETL,Cross Team's Environments,Azure Data ecosystem,AWS,,,,Snowflake Developer
SnowPipe,Python,Unix,SnowSQL,Streams,Data Warehousing,Powerbi,Data Modeling,ETL,Cross Team's Environments,AWS,Azure Data ecosystem,,,,Snowflake Developer
Python,SnowPipe,Unix,SnowSQL,Streams,Powerbi,Data Warehousing,Data Modeling,ETL,Cross Team's Environments,Azure Data ecosystem,AWS,,,,Snowflake Developer
Python,SnowSQL,Unix,SnowPipe,Streams,Powerbi,ETL,Data Modeling,Data Warehousing,Cross Team's Environments,AWS,Azure Data ecosystem,,,,Snowflake Developer
SnowSQL,Python,Unix,SnowPipe,Streams,ETL,Powerbi,Data Modeling,Data Warehousing,Cross Team's Environments,Azure Data ecosystem,AWS,,,,Snowflake Developer
Unix,Python,SnowSQL,SnowPipe,Streams,Data Modeling,Powerbi,ETL,Data Warehousing,Cross Team's Environments,AWS,Azure Data ecosystem,,,,Snowflake Developer
Python,Unix,SnowSQL,SnowPipe,Streams,Powerbi,Data Modeling,ETL,Data Warehousing,Cross Team's Environments,Azure Data ecosystem,AWS,,,,Snowflake Developer
SnowSQL,Unix,Python,SnowPipe,Streams,ETL,Data Modeling,Powerbi,Data Warehousing,Cross Team's Environments,AWS,Azure Data ecosystem,,,,Snowflake Developer
Unix,SnowSQL,Python,SnowPipe,Streams,Data Modeling,ETL,Powerbi,Data Warehousing,Cross Team's Environments,Azure Data ecosystem,AWS,,,,Snowflake Developer
SnowPipe,SnowSQL,Python,Unix,Streams,Data Warehousing,ETL,Powerbi,Data Modeling,Cross Team's Environments,AWS,Azure Data ecosystem,,,,Snowflake Developer
SnowSQL,SnowPipe,Python,Unix,Streams,ETL,Data Warehousing,Powerbi,Data Modeling,Cross Team's Environments,Azure Data ecosystem,AWS,,,,Snowflake Developer
Python,SnowPipe,SnowSQL,Unix,Streams,Powerbi,Data Warehousing,ETL,Data Modeling,Cross Team's Environments,AWS,Azure Data ecosystem,,,,Snowflake Developer
SnowPipe,Python,SnowSQL,Unix,Streams,Data Warehousing,Powerbi,ETL,Data Modeling,Cross Team's Environments,Azure Data ecosystem,AWS,,,,Snowflake Developer
SnowSQL,Python,SnowPipe,Unix,Streams,ETL,Powerbi,Data Warehousing,Data Modeling,Cross Team's Environments,AWS,Azure Data ecosystem,,,,Snowflake Developer
Python,SnowSQL,SnowPipe,Unix,Streams,Powerbi,ETL,Data Warehousing,Data Modeling,Cross Team's Environments,Azure Data ecosystem,AWS,,,,Snowflake Developer
Streams,SnowSQL,SnowPipe,Unix,Python,Cross Team's Environments,ETL,Data Warehousing,Data Modeling,Powerbi,AWS,Azure Data ecosystem,,,,Snowflake Developer
SnowSQL,Streams,SnowPipe,Unix,Python,ETL,Cross Team's Environments,Data Warehousing,Data Modeling,Powerbi,Azure Data ecosystem,AWS,,,,Snowflake Developer
SnowPipe,Streams,SnowSQL,Unix,Python,Data Warehousing,Cross Team's Environments,ETL,Data Modeling,Powerbi,AWS,Azure Data ecosystem,,,,Snowflake Developer
Streams,SnowPipe,SnowSQL,Unix,Python,Cross Team's Environments,Data Warehousing,ETL,Data Modeling,Powerbi,Azure Data ecosystem,AWS,,,,Snowflake Developer
SnowSQL,SnowPipe,Streams,Unix,Python,ETL,Data Warehousing,Cross Team's Environments,Data Modeling,Powerbi,AWS,Azure Data ecosystem,,,,Snowflake Developer
SnowPipe,SnowSQL,Streams,Unix,Python,Data Warehousing,ETL,Cross Team's Environments,Data Modeling,Powerbi,Azure Data ecosystem,AWS,,,,Snowflake Developer
SnowPipe,SnowSQL,Unix,Streams,Python,Data Warehousing,ETL,Data Modeling,Cross Team's Environments,Powerbi,AWS,Azure Data ecosystem,,,,Snowflake Developer
SnowSQL,SnowPipe,Unix,Streams,Python,ETL,Data Warehousing,Data Modeling,Cross Team's Environments,Powerbi,Azure Data ecosystem,AWS,,,,Snowflake Developer
Unix,SnowPipe,SnowSQL,Streams,Python,Data Modeling,Data Warehousing,ETL,Cross Team's Environments,Powerbi,AWS,Azure Data ecosystem,,,,Snowflake Developer
SnowPipe,Unix,SnowSQL,Streams,Python,Data Warehousing,Data Modeling,ETL,Cross Team's Environments,Powerbi,Azure Data ecosystem,AWS,,,,Snowflake Developer
SnowSQL,Unix,SnowPipe,Streams,Python,ETL,Data Modeling,Data Warehousing,Cross Team's Environments,Powerbi,AWS,Azure Data ecosystem,,,,Snowflake Developer
Unix,SnowSQL,SnowPipe,Streams,Python,Data Modeling,ETL,Data Warehousing,Cross Team's Environments,Powerbi,Azure Data ecosystem,AWS,,,,Snowflake Developer
Unix,Streams,SnowPipe,SnowSQL,Python,Data Modeling,Cross Team's Environments,Data Warehousing,ETL,Powerbi,AWS,Azure Data ecosystem,,,,Snowflake Developer
Streams,Unix,SnowPipe,SnowSQL,Python,Cross Team's Environments,Data Modeling,Data Warehousing,ETL,Powerbi,Azure Data ecosystem,AWS,,,,Snowflake Developer
SnowPipe,Unix,Streams,SnowSQL,Python,Data Warehousing,Data Modeling,Cross Team's Environments,ETL,Powerbi,AWS,Azure Data ecosystem,,,,Snowflake Developer
Unix,SnowPipe,Streams,SnowSQL,Python,Data Modeling,Data Warehousing,Cross Team's Environments,ETL,Powerbi,Azure Data ecosystem,AWS,,,,Snowflake Developer
Streams,SnowPipe,Unix,SnowSQL,Python,Cross Team's Environments,Data Warehousing,Data Modeling,ETL,Powerbi,AWS,Azure Data ecosystem,,,,Snowflake Developer
SnowPipe,Streams,Unix,SnowSQL,Python,Data Warehousing,Cross Team's Environments,Data Modeling,ETL,Powerbi,Azure Data ecosystem,AWS,,,,Snowflake Developer
SnowSQL,Streams,Unix,SnowPipe,Python,ETL,Cross Team's Environments,Data Modeling,Data Warehousing,Powerbi,AWS,Azure Data ecosystem,,,,Snowflake Developer
Streams,SnowSQL,Unix,SnowPipe,Python,Cross Team's Environments,ETL,Data Modeling,Data Warehousing,Powerbi,Azure Data ecosystem,AWS,,,,Snowflake Developer
Unix,SnowSQL,Streams,SnowPipe,Python,Data Modeling,ETL,Cross Team's Environments,Data Warehousing,Powerbi,AWS,Azure Data ecosystem,,,,Snowflake Developer
SnowSQL,Unix,Streams,SnowPipe,Python,ETL,Data Modeling,Cross Team's Environments,Data Warehousing,Powerbi,Azure Data ecosystem,AWS,,,,Snowflake Developer
Streams,Unix,SnowSQL,SnowPipe,Python,Cross Team's Environments,Data Modeling,ETL,Data Warehousing,Powerbi,AWS,Azure Data ecosystem,,,,Snowflake Developer
Unix,Streams,SnowSQL,SnowPipe,Python,Data Modeling,Cross Team's Environments,ETL,Data Warehousing,Powerbi,Azure Data ecosystem,AWS,,,,Snowflake Developer
Python,Streams,SnowSQL,SnowPipe,Unix,Powerbi,Cross Team's Environments,ETL,Data Warehousing,Data Modeling,AWS,Azure Data ecosystem,,,,Snowflake Developer
Streams,Python,SnowSQL,SnowPipe,Unix,Cross Team's Environments,Powerbi,ETL,Data Warehousing,Data Modeling,Azure Data ecosystem,AWS,,,,Snowflake Developer
SnowSQL,Python,Streams,SnowPipe,Unix,ETL,Powerbi,Cross Team's Environments,Data Warehousing,Data Modeling,AWS,Azure Data ecosystem,,,,Snowflake Developer
Python,SnowSQL,Streams,SnowPipe,Unix,Powerbi,ETL,Cross Team's Environments,Data Warehousing,Data Modeling,Azure Data ecosystem,AWS,,,,Snowflake Developer
Streams,SnowSQL,Python,SnowPipe,Unix,Cross Team's Environments,ETL,Powerbi,Data Warehousing,Data Modeling,AWS,Azure Data ecosystem,,,,Snowflake Developer
SnowSQL,Streams,Python,SnowPipe,Unix,ETL,Cross Team's Environments,Powerbi,Data Warehousing,Data Modeling,Azure Data ecosystem,AWS,,,,Snowflake Developer
SnowSQL,Streams,SnowPipe,Python,Unix,ETL,Cross Team's Environments,Data Warehousing,Powerbi,Data Modeling,AWS,Azure Data ecosystem,,,,Snowflake Developer
Streams,SnowSQL,SnowPipe,Python,Unix,Cross Team's Environments,ETL,Data Warehousing,Powerbi,Data Modeling,Azure Data ecosystem,AWS,,,,Snowflake Developer
SnowPipe,SnowSQL,Streams,Python,Unix,Data Warehousing,ETL,Cross Team's Environments,Powerbi,Data Modeling,AWS,Azure Data ecosystem,,,,Snowflake Developer
SnowSQL,SnowPipe,Streams,Python,Unix,ETL,Data Warehousing,Cross Team's Environments,Powerbi,Data Modeling,Azure Data ecosystem,AWS,,,,Snowflake Developer
Streams,SnowPipe,SnowSQL,Python,Unix,Cross Team's Environments,Data Warehousing,ETL,Powerbi,Data Modeling,AWS,Azure Data ecosystem,,,,Snowflake Developer
SnowPipe,Streams,SnowSQL,Python,Unix,Data Warehousing,Cross Team's Environments,ETL,Powerbi,Data Modeling,Azure Data ecosystem,AWS,,,,Snowflake Developer
SnowPipe,Python,SnowSQL,Streams,Unix,Data Warehousing,Powerbi,ETL,Cross Team's Environments,Data Modeling,AWS,Azure Data ecosystem,,,,Snowflake Developer
Python,SnowPipe,SnowSQL,Streams,Unix,Powerbi,Data Warehousing,ETL,Cross Team's Environments,Data Modeling,Azure Data ecosystem,AWS,,,,Snowflake Developer
SnowSQL,SnowPipe,Python,Streams,Unix,ETL,Data Warehousing,Powerbi,Cross Team's Environments,Data Modeling,AWS,Azure Data ecosystem,,,,Snowflake Developer
SnowPipe,SnowSQL,Python,Streams,Unix,Data Warehousing,ETL,Powerbi,Cross Team's Environments,Data Modeling,Azure Data ecosystem,AWS,,,,Snowflake Developer
Python,SnowSQL,SnowPipe,Streams,Unix,Powerbi,ETL,Data Warehousing,Cross Team's Environments,Data Modeling,AWS,Azure Data ecosystem,,,,Snowflake Developer
SnowSQL,Python,SnowPipe,Streams,Unix,ETL,Powerbi,Data Warehousing,Cross Team's Environments,Data Modeling,Azure Data ecosystem,AWS,,,,Snowflake Developer
Streams,Python,SnowPipe,SnowSQL,Unix,Cross Team's Environments,Powerbi,Data Warehousing,ETL,Data Modeling,AWS,Azure Data ecosystem,,,,Snowflake Developer
Python,Streams,SnowPipe,SnowSQL,Unix,Powerbi,Cross Team's Environments,Data Warehousing,ETL,Data Modeling,Azure Data ecosystem,AWS,,,,Snowflake Developer
SnowPipe,Streams,Python,SnowSQL,Unix,Data Warehousing,Cross Team's Environments,Powerbi,ETL,Data Modeling,AWS,Azure Data ecosystem,,,,Snowflake Developer
Streams,SnowPipe,Python,SnowSQL,Unix,Cross Team's Environments,Data Warehousing,Powerbi,ETL,Data Modeling,Azure Data ecosystem,AWS,,,,Snowflake Developer
Python,SnowPipe,Streams,SnowSQL,Unix,Powerbi,Data Warehousing,Cross Team's Environments,ETL,Data Modeling,AWS,Azure Data ecosystem,,,,Snowflake Developer
SnowPipe,Python,Streams,SnowSQL,Unix,Data Warehousing,Powerbi,Cross Team's Environments,ETL,Data Modeling,Azure Data ecosystem,AWS,,,,Snowflake Developer
Unix,Python,Streams,SnowSQL,SnowPipe,Data Modeling,Powerbi,Cross Team's Environments,ETL,Data Warehousing,AWS,Azure Data ecosystem,,,,Snowflake Developer
Python,Unix,Streams,SnowSQL,SnowPipe,Powerbi,Data Modeling,Cross Team's Environments,ETL,Data Warehousing,Azure Data ecosystem,AWS,,,,Snowflake Developer
Streams,Unix,Python,SnowSQL,SnowPipe,Cross Team's Environments,Data Modeling,Powerbi,ETL,Data Warehousing,AWS,Azure Data ecosystem,,,,Snowflake Developer
Unix,Streams,Python,SnowSQL,SnowPipe,Data Modeling,Cross Team's Environments,Powerbi,ETL,Data Warehousing,Azure Data ecosystem,AWS,,,,Snowflake Developer
Python,Streams,Unix,SnowSQL,SnowPipe,Powerbi,Cross Team's Environments,Data Modeling,ETL,Data Warehousing,AWS,Azure Data ecosystem,,,,Snowflake Developer
Streams,Python,Unix,SnowSQL,SnowPipe,Cross Team's Environments,Powerbi,Data Modeling,ETL,Data Warehousing,Azure Data ecosystem,AWS,,,,Snowflake Developer
Streams,Python,SnowSQL,Unix,SnowPipe,Cross Team's Environments,Powerbi,ETL,Data Modeling,Data Warehousing,AWS,Azure Data ecosystem,,,,Snowflake Developer
Python,Streams,SnowSQL,Unix,SnowPipe,Powerbi,Cross Team's Environments,ETL,Data Modeling,Data Warehousing,Azure Data ecosystem,AWS,,,,Snowflake Developer
SnowSQL,Streams,Python,Unix,SnowPipe,ETL,Cross Team's Environments,Powerbi,Data Modeling,Data Warehousing,AWS,Azure Data ecosystem,,,,Snowflake Developer
Streams,SnowSQL,Python,Unix,SnowPipe,Cross Team's Environments,ETL,Powerbi,Data Modeling,Data Warehousing,Azure Data ecosystem,AWS,,,,Snowflake Developer
Python,SnowSQL,Streams,Unix,SnowPipe,Powerbi,ETL,Cross Team's Environments,Data Modeling,Data Warehousing,AWS,Azure Data ecosystem,,,,Snowflake Developer
SnowSQL,Python,Streams,Unix,SnowPipe,ETL,Powerbi,Cross Team's Environments,Data Modeling,Data Warehousing,Azure Data ecosystem,AWS,,,,Snowflake Developer
SnowSQL,Unix,Streams,Python,SnowPipe,ETL,Data Modeling,Cross Team's Environments,Powerbi,Data Warehousing,AWS,Azure Data ecosystem,,,,Snowflake Developer
Unix,SnowSQL,Streams,Python,SnowPipe,Data Modeling,ETL,Cross Team's Environments,Powerbi,Data Warehousing,Azure Data ecosystem,AWS,,,,Snowflake Developer
Streams,SnowSQL,Unix,Python,SnowPipe,Cross Team's Environments,ETL,Data Modeling,Powerbi,Data Warehousing,AWS,Azure Data ecosystem,,,,Snowflake Developer
SnowSQL,Streams,Unix,Python,SnowPipe,ETL,Cross Team's Environments,Data Modeling,Powerbi,Data Warehousing,Azure Data ecosystem,AWS,,,,Snowflake Developer
Unix,Streams,SnowSQL,Python,SnowPipe,Data Modeling,Cross Team's Environments,ETL,Powerbi,Data Warehousing,AWS,Azure Data ecosystem,,,,Snowflake Developer
Streams,Unix,SnowSQL,Python,SnowPipe,Cross Team's Environments,Data Modeling,ETL,Powerbi,Data Warehousing,Azure Data ecosystem,AWS,,,,Snowflake Developer
Python,Unix,SnowSQL,Streams,SnowPipe,Powerbi,Data Modeling,ETL,Cross Team's Environments,Data Warehousing,AWS,Azure Data ecosystem,,,,Snowflake Developer
Unix,Python,SnowSQL,Streams,SnowPipe,Data Modeling,Powerbi,ETL,Cross Team's Environments,Data Warehousing,Azure Data ecosystem,AWS,,,,Snowflake Developer
SnowSQL,Python,Unix,Streams,SnowPipe,ETL,Powerbi,Data Modeling,Cross Team's Environments,Data Warehousing,AWS,Azure Data ecosystem,,,,Snowflake Developer
Python,SnowSQL,Unix,Streams,SnowPipe,Powerbi,ETL,Data Modeling,Cross Team's Environments,Data Warehousing,Azure Data ecosystem,AWS,,,,Snowflake Developer
Unix,SnowSQL,Python,Streams,SnowPipe,Data Modeling,ETL,Powerbi,Cross Team's Environments,Data Warehousing,AWS,Azure Data ecosystem,,,,Snowflake Developer
SnowSQL,Unix,Python,Streams,SnowPipe,ETL,Data Modeling,Powerbi,Cross Team's Environments,Data Warehousing,Azure Data ecosystem,AWS,,,,Snowflake Developer
SnowPipe,Unix,Python,Streams,SnowSQL,Data Warehousing,Data Modeling,Powerbi,Cross Team's Environments,ETL,AWS,Azure Data ecosystem,,,,Snowflake Developer
Unix,SnowPipe,Python,Streams,SnowSQL,Data Modeling,Data Warehousing,Powerbi,Cross Team's Environments,ETL,Azure Data ecosystem,AWS,,,,Snowflake Developer
Python,SnowPipe,Unix,Streams,SnowSQL,Powerbi,Data Warehousing,Data Modeling,Cross Team's Environments,ETL,AWS,Azure Data ecosystem,,,,Snowflake Developer
SnowPipe,Python,Unix,Streams,SnowSQL,Data Warehousing,Powerbi,Data Modeling,Cross Team's Environments,ETL,Azure Data ecosystem,AWS,,,,Snowflake Developer
Unix,Python,SnowPipe,Streams,SnowSQL,Data Modeling,Powerbi,Data Warehousing,Cross Team's Environments,ETL,AWS,Azure Data ecosystem,,,,Snowflake Developer
Python,Unix,SnowPipe,Streams,SnowSQL,Powerbi,Data Modeling,Data Warehousing,Cross Team's Environments,ETL,Azure Data ecosystem,AWS,,,,Snowflake Developer
Python,Unix,Streams,SnowPipe,SnowSQL,Powerbi,Data Modeling,Cross Team's Environments,Data Warehousing,ETL,AWS,Azure Data ecosystem,,,,Snowflake Developer
Unix,Python,Streams,SnowPipe,SnowSQL,Data Modeling,Powerbi,Cross Team's Environments,Data Warehousing,ETL,Azure Data ecosystem,AWS,,,,Snowflake Developer
Streams,Python,Unix,SnowPipe,SnowSQL,Cross Team's Environments,Powerbi,Data Modeling,Data Warehousing,ETL,AWS,Azure Data ecosystem,,,,Snowflake Developer
Python,Streams,Unix,SnowPipe,SnowSQL,Powerbi,Cross Team's Environments,Data Modeling,Data Warehousing,ETL,Azure Data ecosystem,AWS,,,,Snowflake Developer
Unix,Streams,Python,SnowPipe,SnowSQL,Data Modeling,Cross Team's Environments,Powerbi,Data Warehousing,ETL,AWS,Azure Data ecosystem,,,,Snowflake Developer
Streams,Unix,Python,SnowPipe,SnowSQL,Cross Team's Environments,Data Modeling,Powerbi,Data Warehousing,ETL,Azure Data ecosystem,AWS,,,,Snowflake Developer
Streams,SnowPipe,Python,Unix,SnowSQL,Cross Team's Environments,Data Warehousing,Powerbi,Data Modeling,ETL,AWS,Azure Data ecosystem,,,,Snowflake Developer
SnowPipe,Streams,Python,Unix,SnowSQL,Data Warehousing,Cross Team's Environments,Powerbi,Data Modeling,ETL,Azure Data ecosystem,AWS,,,,Snowflake Developer
Python,Streams,SnowPipe,Unix,SnowSQL,Powerbi,Cross Team's Environments,Data Warehousing,Data Modeling,ETL,AWS,Azure Data ecosystem,,,,Snowflake Developer
Streams,Python,SnowPipe,Unix,SnowSQL,Cross Team's Environments,Powerbi,Data Warehousing,Data Modeling,ETL,Azure Data ecosystem,AWS,,,,Snowflake Developer
SnowPipe,Python,Streams,Unix,SnowSQL,Data Warehousing,Powerbi,Cross Team's Environments,Data Modeling,ETL,AWS,Azure Data ecosystem,,,,Snowflake Developer
Python,SnowPipe,Streams,Unix,SnowSQL,Powerbi,Data Warehousing,Cross Team's Environments,Data Modeling,ETL,Azure Data ecosystem,AWS,,,,Snowflake Developer
Unix,SnowPipe,Streams,Python,SnowSQL,Data Modeling,Data Warehousing,Cross Team's Environments,Powerbi,ETL,AWS,Azure Data ecosystem,,,,Snowflake Developer
SnowPipe,Unix,Streams,Python,SnowSQL,Data Warehousing,Data Modeling,Cross Team's Environments,Powerbi,ETL,Azure Data ecosystem,AWS,,,,Snowflake Developer
Streams,Unix,SnowPipe,Python,SnowSQL,Cross Team's Environments,Data Modeling,Data Warehousing,Powerbi,ETL,AWS,Azure Data ecosystem,,,,Snowflake Developer
Unix,Streams,SnowPipe,Python,SnowSQL,Data Modeling,Cross Team's Environments,Data Warehousing,Powerbi,ETL,Azure Data ecosystem,AWS,,,,Snowflake Developer
SnowPipe,Streams,Unix,Python,SnowSQL,Data Warehousing,Cross Team's Environments,Data Modeling,Powerbi,ETL,AWS,Azure Data ecosystem,,,,Snowflake Developer
Streams,SnowPipe,Unix,Python,SnowSQL,Cross Team's Environments,Data Warehousing,Data Modeling,Powerbi,ETL,Azure Data ecosystem,AWS,,,,Snowflake Developer
