python,java,c,c++,Object-oriented design,software testing,Software Development,Software Development Life Cycle (SDLC),,,,,,,,Software Engineer
java,python,c,c++,Object-oriented design,Software Development,software testing,Software Development Life Cycle (SDLC),,,,,,,,Software Engineer
c,python,java,c++,Object-oriented design,Software Development Life Cycle (SDLC),software testing,Software Development,,,,,,,,Software Engineer
python,c,java,c++,Object-oriented design,software testing,Software Development Life Cycle (SDLC),Software Development,,,,,,,,Software Engineer
java,c,python,c++,Object-oriented design,Software Development,Software Development Life Cycle (SDLC),software testing,,,,,,,,Software Engineer
c,java,python,c++,Object-oriented design,Software Development Life Cycle (SDLC),Software Development,software testing,,,,,,,,Software Engineer
c,java,c++,python,Object-oriented design,software testing,Software Development,Software Development Life Cycle (SDLC),,,,,,,,Software Engineer
java,c,c++,python,Object-oriented design,Software Development,software testing,Software Development Life Cycle (SDLC),,,,,,,,Software Engineer
c++,c,java,python,Object-oriented design,Software Development Life Cycle (SDLC),software testing,Software Development,,,,,,,,Software Engineer
c,c++,java,python,Object-oriented design,software testing,Software Development Life Cycle (SDLC),Software Development,,,,,,,,Software Engineer
java,c++,c,python,Object-oriented design,Software Development,Software Development Life Cycle (SDLC),software testing,,,,,,,,Software Engineer
c++,java,c,python,Object-oriented design,Software Development Life Cycle (SDLC),Software Development,software testing,,,,,,,,Software Engineer
c++,python,c,java,Object-oriented design,software testing,Software Development,Software Development Life Cycle (SDLC),,,,,,,,Software Engineer
python,c++,c,java,Object-oriented design,Software Development,software testing,Software Development Life Cycle (SDLC),,,,,,,,Software Engineer
c,c++,python,java,Object-oriented design,Software Development Life Cycle (SDLC),software testing,Software Development,,,,,,,,Software Engineer
c++,c,python,java,Object-oriented design,software testing,Software Development Life Cycle (SDLC),Software Development,,,,,,,,Software Engineer
python,c,c++,java,Object-oriented design,Software Development,Software Development Life Cycle (SDLC),software testing,,,,,,,,Software Engineer
c,python,c++,java,Object-oriented design,Software Development Life Cycle (SDLC),Software Development,software testing,,,,,,,,Software Engineer
java,python,c++,c,Object-oriented design,software testing,Software Development,Software Development Life Cycle (SDLC),,,,,,,,Software Engineer
python,java,c++,c,Object-oriented design,Software Development,software testing,Software Development Life Cycle (SDLC),,,,,,,,Software Engineer
c++,java,python,c,Object-oriented design,Software Development Life Cycle (SDLC),software testing,Software Development,,,,,,,,Software Engineer
java,c++,python,c,Object-oriented design,software testing,Software Development Life Cycle (SDLC),Software Development,,,,,,,,Software Engineer
python,c++,java,c,Object-oriented design,Software Development,Software Development Life Cycle (SDLC),software testing,,,,,,,,Software Engineer
c++,python,java,c,Object-oriented design,Software Development Life Cycle (SDLC),Software Development,software testing,,,,,,,,Software Engineer
Object-oriented design,python,java,c,c++,software testing,Software Development,Software Development Life Cycle (SDLC),,,,,,,,Software Engineer
python,Object-oriented design,java,c,c++,Software Development,software testing,Software Development Life Cycle (SDLC),,,,,,,,Software Engineer
java,Object-oriented design,python,c,c++,Software Development Life Cycle (SDLC),software testing,Software Development,,,,,,,,Software Engineer
Object-oriented design,java,python,c,c++,software testing,Software Development Life Cycle (SDLC),Software Development,,,,,,,,Software Engineer
python,java,Object-oriented design,c,c++,Software Development,Software Development Life Cycle (SDLC),software testing,,,,,,,,Software Engineer
java,python,Object-oriented design,c,c++,Software Development Life Cycle (SDLC),Software Development,software testing,,,,,,,,Software Engineer
java,python,c,Object-oriented design,c++,software testing,Software Development,Software Development Life Cycle (SDLC),,,,,,,,Software Engineer
python,java,c,Object-oriented design,c++,Software Development,software testing,Software Development Life Cycle (SDLC),,,,,,,,Software Engineer
c,java,python,Object-oriented design,c++,Software Development Life Cycle (SDLC),software testing,Software Development,,,,,,,,Software Engineer
java,c,python,Object-oriented design,c++,software testing,Software Development Life Cycle (SDLC),Software Development,,,,,,,,Software Engineer
python,c,java,Object-oriented design,c++,Software Development,Software Development Life Cycle (SDLC),software testing,,,,,,,,Software Engineer
c,python,java,Object-oriented design,c++,Software Development Life Cycle (SDLC),Software Development,software testing,,,,,,,,Software Engineer
c,Object-oriented design,java,python,c++,software testing,Software Development,Software Development Life Cycle (SDLC),,,,,,,,Software Engineer
Object-oriented design,c,java,python,c++,Software Development,software testing,Software Development Life Cycle (SDLC),,,,,,,,Software Engineer
java,c,Object-oriented design,python,c++,Software Development Life Cycle (SDLC),software testing,Software Development,,,,,,,,Software Engineer
c,java,Object-oriented design,python,c++,software testing,Software Development Life Cycle (SDLC),Software Development,,,,,,,,Software Engineer
Object-oriented design,java,c,python,c++,Software Development,Software Development Life Cycle (SDLC),software testing,,,,,,,,Software Engineer
java,Object-oriented design,c,python,c++,Software Development Life Cycle (SDLC),Software Development,software testing,,,,,,,,Software Engineer
python,Object-oriented design,c,java,c++,software testing,Software Development,Software Development Life Cycle (SDLC),,,,,,,,Software Engineer
Object-oriented design,python,c,java,c++,Software Development,software testing,Software Development Life Cycle (SDLC),,,,,,,,Software Engineer
c,python,Object-oriented design,java,c++,Software Development Life Cycle (SDLC),software testing,Software Development,,,,,,,,Software Engineer
python,c,Object-oriented design,java,c++,software testing,Software Development Life Cycle (SDLC),Software Development,,,,,,,,Software Engineer
Object-oriented design,c,python,java,c++,Software Development,Software Development Life Cycle (SDLC),software testing,,,,,,,,Software Engineer
c,Object-oriented design,python,java,c++,Software Development Life Cycle (SDLC),Software Development,software testing,,,,,,,,Software Engineer
c++,Object-oriented design,python,java,c,software testing,Software Development,Software Development Life Cycle (SDLC),,,,,,,,Software Engineer
Object-oriented design,c++,python,java,c,Software Development,software testing,Software Development Life Cycle (SDLC),,,,,,,,Software Engineer
python,c++,Object-oriented design,java,c,Software Development Life Cycle (SDLC),software testing,Software Development,,,,,,,,Software Engineer
c++,python,Object-oriented design,java,c,software testing,Software Development Life Cycle (SDLC),Software Development,,,,,,,,Software Engineer
Object-oriented design,python,c++,java,c,Software Development,Software Development Life Cycle (SDLC),software testing,,,,,,,,Software Engineer
python,Object-oriented design,c++,java,c,Software Development Life Cycle (SDLC),Software Development,software testing,,,,,,,,Software Engineer
python,Object-oriented design,java,c++,c,software testing,Software Development,Software Development Life Cycle (SDLC),,,,,,,,Software Engineer
Object-oriented design,python,java,c++,c,Software Development,software testing,Software Development Life Cycle (SDLC),,,,,,,,Software Engineer
java,python,Object-oriented design,c++,c,Software Development Life Cycle (SDLC),software testing,Software Development,,,,,,,,Software Engineer
python,java,Object-oriented design,c++,c,software testing,Software Development Life Cycle (SDLC),Software Development,,,,,,,,Software Engineer
Object-oriented design,java,python,c++,c,Software Development,Software Development Life Cycle (SDLC),software testing,,,,,,,,Software Engineer
java,Object-oriented design,python,c++,c,Software Development Life Cycle (SDLC),Software Development,software testing,,,,,,,,Software Engineer
java,c++,python,Object-oriented design,c,software testing,Software Development,Software Development Life Cycle (SDLC),,,,,,,,Software Engineer
c++,java,python,Object-oriented design,c,Software Development,software testing,Software Development Life Cycle (SDLC),,,,,,,,Software Engineer
python,java,c++,Object-oriented design,c,Software Development Life Cycle (SDLC),software testing,Software Development,,,,,,,,Software Engineer
java,python,c++,Object-oriented design,c,software testing,Software Development Life Cycle (SDLC),Software Development,,,,,,,,Software Engineer
c++,python,java,Object-oriented design,c,Software Development,Software Development Life Cycle (SDLC),software testing,,,,,,,,Software Engineer
python,c++,java,Object-oriented design,c,Software Development Life Cycle (SDLC),Software Development,software testing,,,,,,,,Software Engineer
Object-oriented design,c++,java,python,c,software testing,Software Development,Software Development Life Cycle (SDLC),,,,,,,,Software Engineer
c++,Object-oriented design,java,python,c,Software Development,software testing,Software Development Life Cycle (SDLC),,,,,,,,Software Engineer
java,Object-oriented design,c++,python,c,Software Development Life Cycle (SDLC),software testing,Software Development,,,,,,,,Software Engineer
Object-oriented design,java,c++,python,c,software testing,Software Development Life Cycle (SDLC),Software Development,,,,,,,,Software Engineer
c++,java,Object-oriented design,python,c,Software Development,Software Development Life Cycle (SDLC),software testing,,,,,,,,Software Engineer
java,c++,Object-oriented design,python,c,Software Development Life Cycle (SDLC),Software Development,software testing,,,,,,,,Software Engineer
c,c++,Object-oriented design,python,java,software testing,Software Development,Software Development Life Cycle (SDLC),,,,,,,,Software Engineer
c++,c,Object-oriented design,python,java,Software Development,software testing,Software Development Life Cycle (SDLC),,,,,,,,Software Engineer
Object-oriented design,c,c++,python,java,Software Development Life Cycle (SDLC),software testing,Software Development,,,,,,,,Software Engineer
c,Object-oriented design,c++,python,java,software testing,Software Development Life Cycle (SDLC),Software Development,,,,,,,,Software Engineer
c++,Object-oriented design,c,python,java,Software Development,Software Development Life Cycle (SDLC),software testing,,,,,,,,Software Engineer
Object-oriented design,c++,c,python,java,Software Development Life Cycle (SDLC),Software Development,software testing,,,,,,,,Software Engineer
Object-oriented design,c++,python,c,java,software testing,Software Development,Software Development Life Cycle (SDLC),,,,,,,,Software Engineer
c++,Object-oriented design,python,c,java,Software Development,software testing,Software Development Life Cycle (SDLC),,,,,,,,Software Engineer
python,Object-oriented design,c++,c,java,Software Development Life Cycle (SDLC),software testing,Software Development,,,,,,,,Software Engineer
Object-oriented design,python,c++,c,java,software testing,Software Development Life Cycle (SDLC),Software Development,,,,,,,,Software Engineer
c++,python,Object-oriented design,c,java,Software Development,Software Development Life Cycle (SDLC),software testing,,,,,,,,Software Engineer
python,c++,Object-oriented design,c,java,Software Development Life Cycle (SDLC),Software Development,software testing,,,,,,,,Software Engineer
python,c,Object-oriented design,c++,java,software testing,Software Development,Software Development Life Cycle (SDLC),,,,,,,,Software Engineer
c,python,Object-oriented design,c++,java,Software Development,software testing,Software Development Life Cycle (SDLC),,,,,,,,Software Engineer
Object-oriented design,python,c,c++,java,Software Development Life Cycle (SDLC),software testing,Software Development,,,,,,,,Software Engineer
python,Object-oriented design,c,c++,java,software testing,Software Development Life Cycle (SDLC),Software Development,,,,,,,,Software Engineer
c,Object-oriented design,python,c++,java,Software Development,Software Development Life Cycle (SDLC),software testing,,,,,,,,Software Engineer
Object-oriented design,c,python,c++,java,Software Development Life Cycle (SDLC),Software Development,software testing,,,,,,,,Software Engineer
c++,c,python,Object-oriented design,java,software testing,Software Development,Software Development Life Cycle (SDLC),,,,,,,,Software Engineer
c,c++,python,Object-oriented design,java,Software Development,software testing,Software Development Life Cycle (SDLC),,,,,,,,Software Engineer
python,c++,c,Object-oriented design,java,Software Development Life Cycle (SDLC),software testing,Software Development,,,,,,,,Software Engineer
c++,python,c,Object-oriented design,java,software testing,Software Development Life Cycle (SDLC),Software Development,,,,,,,,Software Engineer
c,python,c++,Object-oriented design,java,Software Development,Software Development Life Cycle (SDLC),software testing,,,,,,,,Software Engineer
python,c,c++,Object-oriented design,java,Software Development Life Cycle (SDLC),Software Development,software testing,,,,,,,,Software Engineer
java,c,c++,Object-oriented design,python,software testing,Software Development,Software Development Life Cycle (SDLC),,,,,,,,Software Engineer
c,java,c++,Object-oriented design,python,Software Development,software testing,Software Development Life Cycle (SDLC),,,,,,,,Software Engineer
c++,java,c,Object-oriented design,python,Software Development Life Cycle (SDLC),software testing,Software Development,,,,,,,,Software Engineer
java,c++,c,Object-oriented design,python,software testing,Software Development Life Cycle (SDLC),Software Development,,,,,,,,Software Engineer
c,c++,java,Object-oriented design,python,Software Development,Software Development Life Cycle (SDLC),software testing,,,,,,,,Software Engineer
c++,c,java,Object-oriented design,python,Software Development Life Cycle (SDLC),Software Development,software testing,,,,,,,,Software Engineer
c++,c,Object-oriented design,java,python,software testing,Software Development,Software Development Life Cycle (SDLC),,,,,,,,Software Engineer
c,c++,Object-oriented design,java,python,Software Development,software testing,Software Development Life Cycle (SDLC),,,,,,,,Software Engineer
Object-oriented design,c++,c,java,python,Software Development Life Cycle (SDLC),software testing,Software Development,,,,,,,,Software Engineer
c++,Object-oriented design,c,java,python,software testing,Software Development Life Cycle (SDLC),Software Development,,,,,,,,Software Engineer
c,Object-oriented design,c++,java,python,Software Development,Software Development Life Cycle (SDLC),software testing,,,,,,,,Software Engineer
Object-oriented design,c,c++,java,python,Software Development Life Cycle (SDLC),Software Development,software testing,,,,,,,,Software Engineer
Object-oriented design,java,c++,c,python,software testing,Software Development,Software Development Life Cycle (SDLC),,,,,,,,Software Engineer
java,Object-oriented design,c++,c,python,Software Development,software testing,Software Development Life Cycle (SDLC),,,,,,,,Software Engineer
c++,Object-oriented design,java,c,python,Software Development Life Cycle (SDLC),software testing,Software Development,,,,,,,,Software Engineer
Object-oriented design,c++,java,c,python,software testing,Software Development Life Cycle (SDLC),Software Development,,,,,,,,Software Engineer
java,c++,Object-oriented design,c,python,Software Development,Software Development Life Cycle (SDLC),software testing,,,,,,,,Software Engineer
c++,java,Object-oriented design,c,python,Software Development Life Cycle (SDLC),Software Development,software testing,,,,,,,,Software Engineer
c,java,Object-oriented design,c++,python,software testing,Software Development,Software Development Life Cycle (SDLC),,,,,,,,Software Engineer
java,c,Object-oriented design,c++,python,Software Development,software testing,Software Development Life Cycle (SDLC),,,,,,,,Software Engineer
Object-oriented design,c,java,c++,python,Software Development Life Cycle (SDLC),software testing,Software Development,,,,,,,,Software Engineer
c,Object-oriented design,java,c++,python,software testing,Software Development Life Cycle (SDLC),Software Development,,,,,,,,Software Engineer
java,Object-oriented design,c,c++,python,Software Development,Software Development Life Cycle (SDLC),software testing,,,,,,,,Software Engineer
Object-oriented design,java,c,c++,python,Software Development Life Cycle (SDLC),Software Development,software testing,,,,,,,,Software Engineer
,,,,,,,,,,,,,,,
