HTML5,CSS3,Jquery,Javascript,Problem Solving,SQL,Visual Design,Analytics,Statistics,Agile Development,Prototyping,Wireframing,User Experience,,,UX Researcher
Javascript,CSS3,HTML5,Jquery,Problem Solving,Statistics,Visual Design,SQL,Analytics,Agile Development,User Experience,Prototyping,Wireframing,,,UX Researcher
Javascript,Problem Solving,Jquery,HTML5,CSS3,Statistics,Agile Development,Analytics,SQL,Visual Design,Wireframing,User Experience,Prototyping,,,UX Researcher
Javascript,Jquery,CSS3,Problem Solving,HTML5,Statistics,Analytics,Visual Design,Agile Development,SQL,Wireframing,Prototyping,User Experience,,,UX Researcher
UX writing,UI Prototyping,Analytics,Java,Wireframing,Javascript,HTML5,Agile Development,Jquery,CSS3,User Experience,,,,,UX Designer lead
Problem Solving,HTML5,Javascript,Jquery,CSS3,Agile Development,SQL,Statistics,Analytics,Visual Design,Wireframing,Prototyping,User Experience,,,UX Researcher
Jquery,Problem Solving,Javascript,HTML5,CSS3,Analytics,Agile Development,Statistics,SQL,Visual Design,Prototyping,User Experience,Wireframing,,,UX Researcher
Wireframing,Statistics,User testing,Prototyping,HTML5,CSS3,Analytics,Typography,Javascript,Graphic Design,Agile Development,User Interface,,,,UX Designer
Wireframing,UI Prototyping,Analytics,UX writing,Java,CSS3,HTML5,Agile Development,Javascript,Jquery,User Experience,,,,,UX Designer lead
Wireframing,User testing,Prototyping,Statistics,HTML5,CSS3,Typography,Javascript,Analytics,Graphic Design,Agile Development,User Interface,,,,UX Designer
Statistics,User testing,Prototyping,Wireframing,HTML5,Analytics,Typography,Javascript,CSS3,Graphic Design,User Interface,Agile Development,,,,UX Designer
Java,UI Prototyping,Analytics,Wireframing,UX writing,Jquery,HTML5,Agile Development,CSS3,Javascript,User Experience,,,,,UX Designer lead
Javascript,Jquery,Problem Solving,CSS3,HTML5,Statistics,Analytics,Agile Development,Visual Design,SQL,Prototyping,Wireframing,User Experience,,,UX Researcher
CSS3,HTML5,Jquery,Javascript,Problem Solving,Visual Design,SQL,Analytics,Statistics,Agile Development,Wireframing,Prototyping,User Experience,,,UX Researcher
UX writing,Wireframing,Analytics,UI Prototyping,Java,Javascript,CSS3,Agile Development,HTML5,Jquery,User Experience,,,,,UX Designer lead
Problem Solving,Jquery,HTML5,Javascript,CSS3,Agile Development,Analytics,SQL,Statistics,Visual Design,User Experience,Wireframing,Prototyping,,,UX Researcher
HTML5,Wireframing,User testing,Statistics,Prototyping,Graphic Design,CSS3,Typography,Analytics,Javascript,User Interface,Agile Development,,,,UX Designer
Javascript,HTML5,Jquery,Problem Solving,CSS3,Statistics,SQL,Analytics,Agile Development,Visual Design,User Experience,Wireframing,Prototyping,,,UX Researcher
CSS3,HTML5,Javascript,Jquery,Problem Solving,Visual Design,SQL,Statistics,Analytics,Agile Development,Prototyping,Wireframing,User Experience,,,UX Researcher
Java,UX writing,UI Prototyping,Analytics,Wireframing,Jquery,Javascript,HTML5,Agile Development,CSS3,User Experience,,,,,UX Designer lead
User testing,HTML5,Wireframing,Statistics,Prototyping,Typography,Graphic Design,CSS3,Analytics,Javascript,User Interface,Agile Development,,,,UX Designer
UX writing,UI Prototyping,Wireframing,Analytics,Java,Javascript,HTML5,CSS3,Agile Development,Jquery,User Experience,,,,,UX Designer lead
Javascript,HTML5,CSS3,Problem Solving,Jquery,Statistics,SQL,Visual Design,Agile Development,Analytics,Prototyping,Wireframing,User Experience,,,UX Researcher
User testing,Statistics,Prototyping,HTML5,Wireframing,Typography,Analytics,Javascript,Graphic Design,CSS3,User Interface,Agile Development,,,,UX Designer
HTML5,Problem Solving,Jquery,Javascript,CSS3,SQL,Agile Development,Analytics,Statistics,Visual Design,Prototyping,User Experience,Wireframing,,,UX Researcher
UX writing,Wireframing,Analytics,Java,UI Prototyping,Javascript,CSS3,Agile Development,Jquery,HTML5,User Experience,,,,,UX Designer lead
User testing,Wireframing,Statistics,Prototyping,HTML5,Typography,CSS3,Analytics,Javascript,Graphic Design,Agile Development,User Interface,,,,UX Designer
Java,UI Prototyping,Wireframing,Analytics,UX writing,Jquery,HTML5,CSS3,Agile Development,Javascript,User Experience,,,,,UX Designer lead
HTML5,Statistics,Wireframing,User testing,Prototyping,Graphic Design,Analytics,CSS3,Typography,Javascript,User Interface,Agile Development,,,,UX Designer
Java,Analytics,UI Prototyping,Wireframing,UX writing,Jquery,Agile Development,HTML5,CSS3,Javascript,User Experience,,,,,UX Designer lead
Prototyping,Wireframing,Statistics,User testing,HTML5,Javascript,CSS3,Analytics,Typography,Graphic Design,User Interface,Agile Development,,,,UX Designer
Wireframing,Prototyping,HTML5,User testing,Statistics,CSS3,Javascript,Graphic Design,Typography,Analytics,User Interface,Agile Development,,,,UX Designer
Wireframing,UI Prototyping,UX writing,Analytics,Java,CSS3,HTML5,Javascript,Agile Development,Jquery,User Experience,,,,,UX Designer lead
HTML5,Jquery,Problem Solving,Javascript,CSS3,SQL,Analytics,Agile Development,Statistics,Visual Design,Prototyping,Wireframing,User Experience,,,UX Researcher
Prototyping,HTML5,Statistics,User testing,Wireframing,Javascript,Graphic Design,Analytics,Typography,CSS3,Agile Development,User Interface,,,,UX Designer
Statistics,Prototyping,Wireframing,User testing,HTML5,Analytics,Javascript,CSS3,Typography,Graphic Design,User Interface,Agile Development,,,,UX Designer
Prototyping,User testing,Statistics,HTML5,Wireframing,Javascript,Typography,Analytics,Graphic Design,CSS3,User Interface,Agile Development,,,,UX Designer
Wireframing,Statistics,Prototyping,User testing,HTML5,CSS3,Analytics,Javascript,Typography,Graphic Design,User Interface,Agile Development,,,,UX Designer
Statistics,User testing,Wireframing,Prototyping,HTML5,Analytics,Typography,CSS3,Javascript,Graphic Design,Agile Development,User Interface,,,,UX Designer
CSS3,HTML5,Problem Solving,Jquery,Javascript,Visual Design,SQL,Agile Development,Analytics,Statistics,Prototyping,User Experience,Wireframing,,,UX Researcher
User testing,Wireframing,HTML5,Statistics,Prototyping,Typography,CSS3,Graphic Design,Analytics,Javascript,Agile Development,User Interface,,,,UX Designer
UX writing,UI Prototyping,Java,Wireframing,Analytics,Javascript,HTML5,Jquery,CSS3,Agile Development,User Experience,,,,,UX Designer lead
Wireframing,UI Prototyping,Analytics,Java,UX writing,CSS3,HTML5,Agile Development,Jquery,Javascript,User Experience,,,,,UX Designer lead
HTML5,Wireframing,Statistics,Prototyping,User testing,Graphic Design,CSS3,Analytics,Javascript,Typography,User Interface,Agile Development,,,,UX Designer
CSS3,HTML5,Problem Solving,Javascript,Jquery,Visual Design,SQL,Agile Development,Statistics,Analytics,Wireframing,User Experience,Prototyping,,,UX Researcher
CSS3,Jquery,Problem Solving,Javascript,HTML5,Visual Design,Analytics,Agile Development,Statistics,SQL,Wireframing,Prototyping,User Experience,,,UX Researcher
CSS3,Javascript,Problem Solving,Jquery,HTML5,Visual Design,Statistics,Agile Development,Analytics,SQL,User Experience,Prototyping,Wireframing,,,UX Researcher
HTML5,CSS3,Problem Solving,Jquery,Javascript,SQL,Visual Design,Agile Development,Analytics,Statistics,User Experience,Prototyping,Wireframing,,,UX Researcher
Java,Analytics,Wireframing,UX writing,UI Prototyping,Jquery,Agile Development,CSS3,Javascript,HTML5,User Experience,,,,,UX Designer lead
Jquery,HTML5,Problem Solving,Javascript,CSS3,Analytics,SQL,Agile Development,Statistics,Visual Design,Wireframing,Prototyping,User Experience,,,UX Researcher
Problem Solving,CSS3,HTML5,Jquery,Javascript,Agile Development,Visual Design,SQL,Analytics,Statistics,Wireframing,Prototyping,User Experience,,,UX Researcher
UX writing,Analytics,UI Prototyping,Wireframing,Java,Javascript,Agile Development,HTML5,CSS3,Jquery,User Experience,,,,,UX Designer lead
Jquery,CSS3,HTML5,Problem Solving,Javascript,Analytics,Visual Design,SQL,Agile Development,Statistics,User Experience,Prototyping,Wireframing,,,UX Researcher
UI Prototyping,Java,Analytics,UX writing,Wireframing,HTML5,Jquery,Agile Development,Javascript,CSS3,User Experience,,,,,UX Designer lead
User testing,Statistics,Wireframing,HTML5,Prototyping,Typography,Analytics,CSS3,Graphic Design,Javascript,Agile Development,User Interface,,,,UX Designer
Java,UX writing,UI Prototyping,Wireframing,Analytics,Jquery,Javascript,HTML5,CSS3,Agile Development,User Experience,,,,,UX Designer lead
Jquery,CSS3,Problem Solving,Javascript,HTML5,Analytics,Visual Design,Agile Development,Statistics,SQL,Prototyping,Wireframing,User Experience,,,UX Researcher
Statistics,Wireframing,User testing,Prototyping,HTML5,Analytics,CSS3,Typography,Javascript,Graphic Design,User Interface,Agile Development,,,,UX Designer
Prototyping,HTML5,User testing,Wireframing,Statistics,Javascript,Graphic Design,Typography,CSS3,Analytics,Agile Development,User Interface,,,,UX Designer
Wireframing,Analytics,Java,UI Prototyping,UX writing,CSS3,Agile Development,Jquery,HTML5,Javascript,User Experience,,,,,UX Designer lead
HTML5,Javascript,Jquery,Problem Solving,CSS3,SQL,Statistics,Analytics,Agile Development,Visual Design,Wireframing,User Experience,Prototyping,,,UX Researcher
UI Prototyping,UX writing,Analytics,Java,Wireframing,HTML5,Javascript,Agile Development,Jquery,CSS3,User Experience,,,,,UX Designer lead
Jquery,CSS3,HTML5,Javascript,Problem Solving,Analytics,Visual Design,SQL,Statistics,Agile Development,User Experience,Wireframing,Prototyping,,,UX Researcher
Javascript,HTML5,Problem Solving,CSS3,Jquery,Statistics,SQL,Agile Development,Visual Design,Analytics,Prototyping,User Experience,Wireframing,,,UX Researcher
UX writing,Java,Analytics,UI Prototyping,Wireframing,Javascript,Jquery,Agile Development,HTML5,CSS3,User Experience,,,,,UX Designer lead
Problem Solving,HTML5,Javascript,CSS3,Jquery,Agile Development,SQL,Statistics,Visual Design,Analytics,Wireframing,User Experience,Prototyping,,,UX Researcher
Problem Solving,Javascript,HTML5,Jquery,CSS3,Agile Development,Statistics,SQL,Analytics,Visual Design,Wireframing,User Experience,Prototyping,,,UX Researcher
Java,Analytics,UX writing,UI Prototyping,Wireframing,Jquery,Agile Development,Javascript,HTML5,CSS3,User Experience,,,,,UX Designer lead
Java,UX writing,Wireframing,Analytics,UI Prototyping,Jquery,Javascript,CSS3,Agile Development,HTML5,User Experience,,,,,UX Designer lead
User testing,Wireframing,Prototyping,Statistics,HTML5,Typography,CSS3,Javascript,Analytics,Graphic Design,User Interface,Agile Development,,,,UX Designer
Statistics,Wireframing,Prototyping,HTML5,User testing,Analytics,CSS3,Javascript,Graphic Design,Typography,User Interface,Agile Development,,,,UX Designer
UI Prototyping,Wireframing,Java,Analytics,UX writing,HTML5,CSS3,Jquery,Agile Development,Javascript,User Experience,,,,,UX Designer lead
Wireframing,Prototyping,User testing,HTML5,Statistics,CSS3,Javascript,Typography,Graphic Design,Analytics,Agile Development,User Interface,,,,UX Designer
Java,Wireframing,UI Prototyping,UX writing,Analytics,Jquery,CSS3,HTML5,Javascript,Agile Development,User Experience,,,,,UX Designer lead
HTML5,Statistics,Prototyping,User testing,Wireframing,Graphic Design,Analytics,Javascript,Typography,CSS3,Agile Development,User Interface,,,,UX Designer
UX writing,Analytics,Java,Wireframing,UI Prototyping,Javascript,Agile Development,Jquery,CSS3,HTML5,User Experience,,,,,UX Designer lead
Wireframing,Prototyping,HTML5,Statistics,User testing,CSS3,Javascript,Graphic Design,Analytics,Typography,Agile Development,User Interface,,,,UX Designer
Java,UI Prototyping,Analytics,UX writing,Wireframing,Jquery,HTML5,Agile Development,Javascript,CSS3,User Experience,,,,,UX Designer lead
Javascript,Jquery,Problem Solving,HTML5,CSS3,Statistics,Analytics,Agile Development,SQL,Visual Design,Wireframing,Prototyping,User Experience,,,UX Researcher
Prototyping,User testing,Statistics,Wireframing,HTML5,Javascript,Typography,Analytics,CSS3,Graphic Design,Agile Development,User Interface,,,,UX Designer
UI Prototyping,Wireframing,Analytics,UX writing,Java,HTML5,CSS3,Agile Development,Javascript,Jquery,User Experience,,,,,UX Designer lead
UI Prototyping,Java,Wireframing,Analytics,UX writing,HTML5,Jquery,CSS3,Agile Development,Javascript,User Experience,,,,,UX Designer lead
Prototyping,Statistics,HTML5,User testing,Wireframing,Javascript,Analytics,Graphic Design,Typography,CSS3,User Interface,Agile Development,,,,UX Designer
Prototyping,User testing,Wireframing,Statistics,HTML5,Javascript,Typography,CSS3,Analytics,Graphic Design,User Interface,Agile Development,,,,UX Designer
Prototyping,Wireframing,User testing,HTML5,Statistics,Javascript,CSS3,Typography,Graphic Design,Analytics,User Interface,Agile Development,,,,UX Designer
Java,Analytics,UI Prototyping,UX writing,Wireframing,Jquery,Agile Development,HTML5,Javascript,CSS3,User Experience,,,,,UX Designer lead
HTML5,Prototyping,Wireframing,Statistics,User testing,Graphic Design,Javascript,CSS3,Analytics,Typography,User Interface,Agile Development,,,,UX Designer
User testing,Wireframing,Statistics,HTML5,Prototyping,Typography,CSS3,Analytics,Graphic Design,Javascript,User Interface,Agile Development,,,,UX Designer
HTML5,Problem Solving,CSS3,Jquery,Javascript,SQL,Agile Development,Visual Design,Analytics,Statistics,User Experience,Wireframing,Prototyping,,,UX Researcher
HTML5,Statistics,Prototyping,Wireframing,User testing,Graphic Design,Analytics,Javascript,CSS3,Typography,User Interface,Agile Development,,,,UX Designer
User testing,Prototyping,Wireframing,HTML5,Statistics,Typography,Javascript,CSS3,Graphic Design,Analytics,User Interface,Agile Development,,,,UX Designer
User testing,Prototyping,HTML5,Statistics,Wireframing,Typography,Javascript,Graphic Design,Analytics,CSS3,User Interface,Agile Development,,,,UX Designer
Javascript,Jquery,HTML5,CSS3,Problem Solving,Statistics,Analytics,SQL,Visual Design,Agile Development,User Experience,Wireframing,Prototyping,,,UX Researcher
HTML5,CSS3,Jquery,Problem Solving,Javascript,SQL,Visual Design,Analytics,Agile Development,Statistics,Wireframing,Prototyping,User Experience,,,UX Researcher
Java,Wireframing,Analytics,UI Prototyping,UX writing,Jquery,CSS3,Agile Development,HTML5,Javascript,User Experience,,,,,UX Designer lead
UI Prototyping,Analytics,UX writing,Wireframing,Java,HTML5,Agile Development,Javascript,CSS3,Jquery,User Experience,,,,,UX Designer lead
UX writing,Java,Wireframing,UI Prototyping,Analytics,Javascript,Jquery,CSS3,HTML5,Agile Development,User Experience,,,,,UX Designer lead
Javascript,HTML5,CSS3,Jquery,Problem Solving,Statistics,SQL,Visual Design,Analytics,Agile Development,User Experience,Wireframing,Prototyping,,,UX Researcher
User testing,Statistics,Prototyping,Wireframing,HTML5,Typography,Analytics,Javascript,CSS3,Graphic Design,Agile Development,User Interface,,,,UX Designer
Wireframing,HTML5,Prototyping,Statistics,User testing,CSS3,Graphic Design,Javascript,Analytics,Typography,User Interface,Agile Development,,,,UX Designer
UX writing,Wireframing,Java,UI Prototyping,Analytics,Javascript,CSS3,Jquery,HTML5,Agile Development,User Experience,,,,,UX Designer lead
Statistics,HTML5,User testing,Wireframing,Prototyping,Analytics,Graphic Design,Typography,CSS3,Javascript,User Interface,Agile Development,,,,UX Designer
Wireframing,UI Prototyping,Java,Analytics,UX writing,CSS3,HTML5,Jquery,Agile Development,Javascript,User Experience,,,,,UX Designer lead
Analytics,UI Prototyping,Java,UX writing,Wireframing,Agile Development,HTML5,Jquery,Javascript,CSS3,User Experience,,,,,UX Designer lead
Statistics,User testing,Prototyping,HTML5,Wireframing,Analytics,Typography,Javascript,Graphic Design,CSS3,Agile Development,User Interface,,,,UX Designer
Java,UX writing,Wireframing,UI Prototyping,Analytics,Jquery,Javascript,CSS3,HTML5,Agile Development,User Experience,,,,,UX Designer lead
HTML5,Wireframing,Statistics,User testing,Prototyping,Graphic Design,CSS3,Analytics,Typography,Javascript,Agile Development,User Interface,,,,UX Designer
UI Prototyping,Analytics,Java,UX writing,Wireframing,HTML5,Agile Development,Jquery,Javascript,CSS3,User Experience,,,,,UX Designer lead
User testing,Prototyping,Statistics,HTML5,Wireframing,Typography,Javascript,Analytics,Graphic Design,CSS3,Agile Development,User Interface,,,,UX Designer
Statistics,Wireframing,HTML5,User testing,Prototyping,Analytics,CSS3,Graphic Design,Typography,Javascript,User Interface,Agile Development,,,,UX Designer
Prototyping,Statistics,User testing,HTML5,Wireframing,Javascript,Analytics,Typography,Graphic Design,CSS3,Agile Development,User Interface,,,,UX Designer
Statistics,User testing,Wireframing,HTML5,Prototyping,Analytics,Typography,CSS3,Graphic Design,Javascript,User Interface,Agile Development,,,,UX Designer
Analytics,Java,Wireframing,UX writing,UI Prototyping,Agile Development,Jquery,CSS3,Javascript,HTML5,User Experience,,,,,UX Designer lead
CSS3,Javascript,HTML5,Jquery,Problem Solving,Visual Design,Statistics,SQL,Analytics,Agile Development,Prototyping,User Experience,Wireframing,,,UX Researcher
Javascript,Jquery,HTML5,Problem Solving,CSS3,Statistics,Analytics,SQL,Agile Development,Visual Design,User Experience,Prototyping,Wireframing,,,UX Researcher
Statistics,HTML5,Wireframing,Prototyping,User testing,Analytics,Graphic Design,CSS3,Javascript,Typography,User Interface,Agile Development,,,,UX Designer
Jquery,HTML5,Javascript,CSS3,Problem Solving,Analytics,SQL,Statistics,Visual Design,Agile Development,Wireframing,Prototyping,User Experience,,,UX Researcher
Problem Solving,CSS3,HTML5,Javascript,Jquery,Agile Development,Visual Design,SQL,Statistics,Analytics,Prototyping,Wireframing,User Experience,,,UX Researcher
Prototyping,Wireframing,User testing,Statistics,HTML5,Javascript,CSS3,Typography,Analytics,Graphic Design,Agile Development,User Interface,,,,UX Designer
HTML5,Wireframing,User testing,Prototyping,Statistics,Graphic Design,CSS3,Typography,Javascript,Analytics,Agile Development,User Interface,,,,UX Designer
HTML5,Problem Solving,Javascript,Jquery,CSS3,SQL,Agile Development,Statistics,Analytics,Visual Design,Prototyping,Wireframing,User Experience,,,UX Researcher
Javascript,Problem Solving,CSS3,Jquery,HTML5,Statistics,Agile Development,Visual Design,Analytics,SQL,Prototyping,Wireframing,User Experience,,,UX Researcher
Analytics,Java,UX writing,UI Prototyping,Wireframing,Agile Development,Jquery,Javascript,HTML5,CSS3,User Experience,,,,,UX Designer lead
CSS3,Jquery,Javascript,Problem Solving,HTML5,Visual Design,Analytics,Statistics,Agile Development,SQL,User Experience,Prototyping,Wireframing,,,UX Researcher
User testing,Prototyping,Wireframing,Statistics,HTML5,Typography,Javascript,CSS3,Analytics,Graphic Design,Agile Development,User Interface,,,,UX Designer
HTML5,User testing,Prototyping,Statistics,Wireframing,Graphic Design,Typography,Javascript,Analytics,CSS3,User Interface,Agile Development,,,,UX Designer
CSS3,Problem Solving,Javascript,HTML5,Jquery,Visual Design,Agile Development,Statistics,SQL,Analytics,User Experience,Prototyping,Wireframing,,,UX Researcher
User testing,HTML5,Wireframing,Prototyping,Statistics,Typography,Graphic Design,CSS3,Javascript,Analytics,Agile Development,User Interface,,,,UX Designer
Prototyping,Statistics,User testing,Wireframing,HTML5,Javascript,Analytics,Typography,CSS3,Graphic Design,User Interface,Agile Development,,,,UX Designer
HTML5,Statistics,User testing,Prototyping,Wireframing,Graphic Design,Analytics,Typography,Javascript,CSS3,User Interface,Agile Development,,,,UX Designer
Wireframing,UX writing,Analytics,UI Prototyping,Java,CSS3,Javascript,Agile Development,HTML5,Jquery,User Experience,,,,,UX Designer lead
Jquery,Problem Solving,CSS3,Javascript,HTML5,Analytics,Agile Development,Visual Design,Statistics,SQL,Prototyping,User Experience,Wireframing,,,UX Researcher
UI Prototyping,Analytics,UX writing,Java,Wireframing,HTML5,Agile Development,Javascript,Jquery,CSS3,User Experience,,,,,UX Designer lead
HTML5,Javascript,Problem Solving,CSS3,Jquery,SQL,Statistics,Agile Development,Visual Design,Analytics,User Experience,Prototyping,Wireframing,,,UX Researcher
Java,Analytics,Wireframing,UI Prototyping,UX writing,Jquery,Agile Development,CSS3,HTML5,Javascript,User Experience,,,,,UX Designer lead
HTML5,Problem Solving,Javascript,CSS3,Jquery,SQL,Agile Development,Statistics,Visual Design,Analytics,User Experience,Wireframing,Prototyping,,,UX Researcher
User testing,Statistics,HTML5,Wireframing,Prototyping,Typography,Analytics,Graphic Design,CSS3,Javascript,User Interface,Agile Development,,,,UX Designer
CSS3,HTML5,Javascript,Problem Solving,Jquery,Visual Design,SQL,Statistics,Agile Development,Analytics,User Experience,Wireframing,Prototyping,,,UX Researcher
Wireframing,User testing,HTML5,Statistics,Prototyping,CSS3,Typography,Graphic Design,Analytics,Javascript,User Interface,Agile Development,,,,UX Designer
HTML5,Prototyping,Wireframing,User testing,Statistics,Graphic Design,Javascript,CSS3,Typography,Analytics,Agile Development,User Interface,,,,UX Designer
HTML5,User testing,Wireframing,Prototyping,Statistics,Graphic Design,Typography,CSS3,Javascript,Analytics,User Interface,Agile Development,,,,UX Designer
UI Prototyping,Java,Analytics,Wireframing,UX writing,HTML5,Jquery,Agile Development,CSS3,Javascript,User Experience,,,,,UX Designer lead
CSS3,Jquery,HTML5,Javascript,Problem Solving,Visual Design,Analytics,SQL,Statistics,Agile Development,Wireframing,User Experience,Prototyping,,,UX Researcher
Problem Solving,Javascript,CSS3,HTML5,Jquery,Agile Development,Statistics,Visual Design,SQL,Analytics,Prototyping,Wireframing,User Experience,,,UX Researcher
UX writing,UI Prototyping,Wireframing,Java,Analytics,Javascript,HTML5,CSS3,Jquery,Agile Development,User Experience,,,,,UX Designer lead
Wireframing,Statistics,HTML5,Prototyping,User testing,CSS3,Analytics,Graphic Design,Javascript,Typography,User Interface,Agile Development,,,,UX Designer
Java,Wireframing,Analytics,UX writing,UI Prototyping,Jquery,CSS3,Agile Development,Javascript,HTML5,User Experience,,,,,UX Designer lead
Jquery,Problem Solving,HTML5,CSS3,Javascript,Analytics,Agile Development,SQL,Visual Design,Statistics,Wireframing,Prototyping,User Experience,,,UX Researcher
CSS3,Javascript,Jquery,Problem Solving,HTML5,Visual Design,Statistics,Analytics,Agile Development,SQL,User Experience,Wireframing,Prototyping,,,UX Researcher
Statistics,User testing,HTML5,Wireframing,Prototyping,Analytics,Typography,Graphic Design,CSS3,Javascript,Agile Development,User Interface,,,,UX Designer
Problem Solving,CSS3,Javascript,Jquery,HTML5,Agile Development,Visual Design,Statistics,Analytics,SQL,Wireframing,User Experience,Prototyping,,,UX Researcher
Problem Solving,Jquery,CSS3,Javascript,HTML5,Agile Development,Analytics,Visual Design,Statistics,SQL,User Experience,Prototyping,Wireframing,,,UX Researcher
Java,UI Prototyping,UX writing,Wireframing,Analytics,Jquery,HTML5,Javascript,CSS3,Agile Development,User Experience,,,,,UX Designer lead
HTML5,Javascript,CSS3,Problem Solving,Jquery,SQL,Statistics,Visual Design,Agile Development,Analytics,Wireframing,Prototyping,User Experience,,,UX Researcher
Wireframing,UI Prototyping,UX writing,Java,Analytics,CSS3,HTML5,Javascript,Jquery,Agile Development,User Experience,,,,,UX Designer lead
Problem Solving,Jquery,Javascript,CSS3,HTML5,Agile Development,Analytics,Statistics,Visual Design,SQL,User Experience,Wireframing,Prototyping,,,UX Researcher
Problem Solving,HTML5,CSS3,Javascript,Jquery,Agile Development,SQL,Visual Design,Statistics,Analytics,Prototyping,User Experience,Wireframing,,,UX Researcher
Problem Solving,CSS3,Jquery,HTML5,Javascript,Agile Development,Visual Design,Analytics,SQL,Statistics,Prototyping,Wireframing,User Experience,,,UX Researcher
UI Prototyping,UX writing,Wireframing,Java,Analytics,HTML5,Javascript,CSS3,Jquery,Agile Development,User Experience,,,,,UX Designer lead
Analytics,Wireframing,UI Prototyping,Java,UX writing,Agile Development,CSS3,HTML5,Jquery,Javascript,User Experience,,,,,UX Designer lead
Wireframing,User testing,Statistics,Prototyping,HTML5,CSS3,Typography,Analytics,Javascript,Graphic Design,User Interface,Agile Development,,,,UX Designer
Problem Solving,Javascript,Jquery,CSS3,HTML5,Agile Development,Statistics,Analytics,Visual Design,SQL,User Experience,Prototyping,Wireframing,,,UX Researcher
Javascript,CSS3,Problem Solving,HTML5,Jquery,Statistics,Visual Design,Agile Development,SQL,Analytics,Wireframing,User Experience,Prototyping,,,UX Researcher
Jquery,HTML5,Javascript,Problem Solving,CSS3,Analytics,SQL,Statistics,Agile Development,Visual Design,Prototyping,Wireframing,User Experience,,,UX Researcher
Wireframing,Java,UI Prototyping,Analytics,UX writing,CSS3,Jquery,HTML5,Agile Development,Javascript,User Experience,,,,,UX Designer lead
HTML5,Problem Solving,Jquery,CSS3,Javascript,SQL,Agile Development,Analytics,Visual Design,Statistics,User Experience,Prototyping,Wireframing,,,UX Researcher
Javascript,Problem Solving,HTML5,Jquery,CSS3,Statistics,Agile Development,SQL,Analytics,Visual Design,User Experience,Wireframing,Prototyping,,,UX Researcher
Wireframing,Statistics,User testing,HTML5,Prototyping,CSS3,Analytics,Typography,Graphic Design,Javascript,User Interface,Agile Development,,,,UX Designer
HTML5,Jquery,Javascript,CSS3,Problem Solving,SQL,Analytics,Statistics,Visual Design,Agile Development,Prototyping,Wireframing,User Experience,,,UX Researcher
HTML5,CSS3,Javascript,Jquery,Problem Solving,SQL,Visual Design,Statistics,Analytics,Agile Development,Wireframing,Prototyping,User Experience,,,UX Researcher
CSS3,Problem Solving,Jquery,Javascript,HTML5,Visual Design,Agile Development,Analytics,Statistics,SQL,Wireframing,User Experience,Prototyping,,,UX Researcher
Analytics,UI Prototyping,Wireframing,Java,UX writing,Agile Development,HTML5,CSS3,Jquery,Javascript,User Experience,,,,,UX Designer lead
HTML5,Problem Solving,CSS3,Javascript,Jquery,SQL,Agile Development,Visual Design,Statistics,Analytics,User Experience,Prototyping,Wireframing,,,UX Researcher
Wireframing,Java,Analytics,UX writing,UI Prototyping,CSS3,Jquery,Agile Development,Javascript,HTML5,User Experience,,,,,UX Designer lead
Wireframing,Statistics,HTML5,User testing,Prototyping,CSS3,Analytics,Graphic Design,Typography,Javascript,Agile Development,User Interface,,,,UX Designer
Statistics,User testing,HTML5,Prototyping,Wireframing,Analytics,Typography,Graphic Design,Javascript,CSS3,User Interface,Agile Development,,,,UX Designer
Wireframing,Analytics,UI Prototyping,Java,UX writing,CSS3,Agile Development,HTML5,Jquery,Javascript,User Experience,,,,,UX Designer lead
Wireframing,HTML5,Statistics,Prototyping,User testing,CSS3,Graphic Design,Analytics,Javascript,Typography,Agile Development,User Interface,,,,UX Designer
User testing,Statistics,Wireframing,Prototyping,HTML5,Typography,Analytics,CSS3,Javascript,Graphic Design,User Interface,Agile Development,,,,UX Designer
Jquery,Problem Solving,CSS3,HTML5,Javascript,Analytics,Agile Development,Visual Design,SQL,Statistics,User Experience,Prototyping,Wireframing,,,UX Researcher
User testing,Wireframing,Prototyping,HTML5,Statistics,Typography,CSS3,Javascript,Graphic Design,Analytics,Agile Development,User Interface,,,,UX Designer
Statistics,Prototyping,HTML5,Wireframing,User testing,Analytics,Javascript,Graphic Design,CSS3,Typography,User Interface,Agile Development,,,,UX Designer
Wireframing,Analytics,UX writing,Java,UI Prototyping,CSS3,Agile Development,Javascript,Jquery,HTML5,User Experience,,,,,UX Designer lead
HTML5,Jquery,Problem Solving,CSS3,Javascript,SQL,Analytics,Agile Development,Visual Design,Statistics,User Experience,Wireframing,Prototyping,,,UX Researcher
Jquery,HTML5,CSS3,Javascript,Problem Solving,Analytics,SQL,Visual Design,Statistics,Agile Development,User Experience,Prototyping,Wireframing,,,UX Researcher
Problem Solving,HTML5,CSS3,Jquery,Javascript,Agile Development,SQL,Visual Design,Analytics,Statistics,Wireframing,User Experience,Prototyping,,,UX Researcher
Statistics,Prototyping,Wireframing,HTML5,User testing,Analytics,Javascript,CSS3,Graphic Design,Typography,Agile Development,User Interface,,,,UX Designer
HTML5,Prototyping,User testing,Wireframing,Statistics,Graphic Design,Javascript,Typography,CSS3,Analytics,User Interface,Agile Development,,,,UX Designer
Analytics,Wireframing,UX writing,UI Prototyping,Java,Agile Development,CSS3,Javascript,HTML5,Jquery,User Experience,,,,,UX Designer lead
CSS3,Jquery,Javascript,HTML5,Problem Solving,Visual Design,Analytics,Statistics,SQL,Agile Development,Prototyping,User Experience,Wireframing,,,UX Researcher
UX writing,Analytics,UI Prototyping,Java,Wireframing,Javascript,Agile Development,HTML5,Jquery,CSS3,User Experience,,,,,UX Designer lead
HTML5,CSS3,Javascript,Problem Solving,Jquery,SQL,Visual Design,Statistics,Agile Development,Analytics,Wireframing,User Experience,Prototyping,,,UX Researcher
Jquery,Problem Solving,Javascript,CSS3,HTML5,Analytics,Agile Development,Statistics,Visual Design,SQL,Wireframing,User Experience,Prototyping,,,UX Researcher
Javascript,CSS3,Problem Solving,Jquery,HTML5,Statistics,Visual Design,Agile Development,Analytics,SQL,Prototyping,User Experience,Wireframing,,,UX Researcher
UI Prototyping,Wireframing,UX writing,Java,Analytics,HTML5,CSS3,Javascript,Jquery,Agile Development,User Experience,,,,,UX Designer lead
Prototyping,Wireframing,Statistics,HTML5,User testing,Javascript,CSS3,Analytics,Graphic Design,Typography,Agile Development,User Interface,,,,UX Designer
CSS3,Jquery,HTML5,Problem Solving,Javascript,Visual Design,Analytics,SQL,Agile Development,Statistics,Prototyping,User Experience,Wireframing,,,UX Researcher
Javascript,HTML5,Problem Solving,Jquery,CSS3,Statistics,SQL,Agile Development,Analytics,Visual Design,User Experience,Prototyping,Wireframing,,,UX Researcher
Analytics,Java,UX writing,Wireframing,UI Prototyping,Agile Development,Jquery,Javascript,CSS3,HTML5,User Experience,,,,,UX Designer lead
CSS3,Javascript,Problem Solving,HTML5,Jquery,Visual Design,Statistics,Agile Development,SQL,Analytics,User Experience,Wireframing,Prototyping,,,UX Researcher
HTML5,Javascript,Problem Solving,Jquery,CSS3,SQL,Statistics,Agile Development,Analytics,Visual Design,Prototyping,User Experience,Wireframing,,,UX Researcher
Problem Solving,Jquery,Javascript,HTML5,CSS3,Agile Development,Analytics,Statistics,SQL,Visual Design,User Experience,Prototyping,Wireframing,,,UX Researcher
Prototyping,HTML5,Statistics,Wireframing,User testing,Javascript,Graphic Design,Analytics,CSS3,Typography,User Interface,Agile Development,,,,UX Designer
Jquery,Javascript,CSS3,HTML5,Problem Solving,Analytics,Statistics,Visual Design,SQL,Agile Development,User Experience,Wireframing,Prototyping,,,UX Researcher
HTML5,Prototyping,Statistics,User testing,Wireframing,Graphic Design,Javascript,Analytics,Typography,CSS3,User Interface,Agile Development,,,,UX Designer
UX writing,Wireframing,UI Prototyping,Java,Analytics,Javascript,CSS3,HTML5,Jquery,Agile Development,User Experience,,,,,UX Designer lead
HTML5,User testing,Statistics,Wireframing,Prototyping,Graphic Design,Typography,Analytics,CSS3,Javascript,User Interface,Agile Development,,,,UX Designer
Prototyping,User testing,Wireframing,HTML5,Statistics,Javascript,Typography,CSS3,Graphic Design,Analytics,Agile Development,User Interface,,,,UX Designer
Wireframing,HTML5,Statistics,User testing,Prototyping,CSS3,Graphic Design,Analytics,Typography,Javascript,User Interface,Agile Development,,,,UX Designer
Analytics,Java,UI Prototyping,Wireframing,UX writing,Agile Development,Jquery,HTML5,CSS3,Javascript,User Experience,,,,,UX Designer lead
UI Prototyping,Java,UX writing,Analytics,Wireframing,HTML5,Jquery,Javascript,Agile Development,CSS3,User Experience,,,,,UX Designer lead
UI Prototyping,Analytics,Wireframing,UX writing,Java,HTML5,Agile Development,CSS3,Javascript,Jquery,User Experience,,,,,UX Designer lead
Prototyping,Wireframing,HTML5,Statistics,User testing,Javascript,CSS3,Graphic Design,Analytics,Typography,User Interface,Agile Development,,,,UX Designer
HTML5,Javascript,CSS3,Jquery,Problem Solving,SQL,Statistics,Visual Design,Analytics,Agile Development,Wireframing,User Experience,Prototyping,,,UX Researcher
Javascript,CSS3,HTML5,Problem Solving,Jquery,Statistics,Visual Design,SQL,Agile Development,Analytics,Prototyping,User Experience,Wireframing,,,UX Researcher
Wireframing,Statistics,Prototyping,HTML5,User testing,CSS3,Analytics,Javascript,Graphic Design,Typography,Agile Development,User Interface,,,,UX Designer
Prototyping,HTML5,User testing,Statistics,Wireframing,Javascript,Graphic Design,Typography,Analytics,CSS3,User Interface,Agile Development,,,,UX Designer
HTML5,Jquery,Javascript,Problem Solving,CSS3,SQL,Analytics,Statistics,Agile Development,Visual Design,Wireframing,Prototyping,User Experience,,,UX Researcher
UX writing,Analytics,Wireframing,UI Prototyping,Java,Javascript,Agile Development,CSS3,HTML5,Jquery,User Experience,,,,,UX Designer lead
Statistics,Wireframing,HTML5,Prototyping,User testing,Analytics,CSS3,Graphic Design,Javascript,Typography,Agile Development,User Interface,,,,UX Designer
Wireframing,HTML5,User testing,Statistics,Prototyping,CSS3,Graphic Design,Typography,Analytics,Javascript,Agile Development,User Interface,,,,UX Designer
Java,UI Prototyping,Wireframing,UX writing,Analytics,Jquery,HTML5,CSS3,Javascript,Agile Development,User Experience,,,,,UX Designer lead
UI Prototyping,UX writing,Java,Wireframing,Analytics,HTML5,Javascript,Jquery,CSS3,Agile Development,User Experience,,,,,UX Designer lead
Statistics,Wireframing,User testing,HTML5,Prototyping,Analytics,CSS3,Typography,Graphic Design,Javascript,Agile Development,User Interface,,,,UX Designer
Wireframing,Prototyping,Statistics,HTML5,User testing,CSS3,Javascript,Analytics,Graphic Design,Typography,User Interface,Agile Development,,,,UX Designer
Wireframing,Java,UI Prototyping,UX writing,Analytics,CSS3,Jquery,HTML5,Javascript,Agile Development,User Experience,,,,,UX Designer lead
Analytics,UI Prototyping,Java,Wireframing,UX writing,Agile Development,HTML5,Jquery,CSS3,Javascript,User Experience,,,,,UX Designer lead
Statistics,HTML5,User testing,Prototyping,Wireframing,Analytics,Graphic Design,Typography,Javascript,CSS3,Agile Development,User Interface,,,,UX Designer
UX writing,Java,Analytics,Wireframing,UI Prototyping,Javascript,Jquery,Agile Development,CSS3,HTML5,User Experience,,,,,UX Designer lead
Wireframing,Analytics,Java,UX writing,UI Prototyping,CSS3,Agile Development,Jquery,Javascript,HTML5,User Experience,,,,,UX Designer lead
Problem Solving,Javascript,CSS3,Jquery,HTML5,Agile Development,Statistics,Visual Design,Analytics,SQL,Wireframing,Prototyping,User Experience,,,UX Researcher
Prototyping,Statistics,Wireframing,HTML5,User testing,Javascript,Analytics,CSS3,Graphic Design,Typography,User Interface,Agile Development,,,,UX Designer
Problem Solving,Jquery,CSS3,HTML5,Javascript,Agile Development,Analytics,Visual Design,SQL,Statistics,Prototyping,User Experience,Wireframing,,,UX Researcher
Java,UX writing,Analytics,UI Prototyping,Wireframing,Jquery,Javascript,Agile Development,HTML5,CSS3,User Experience,,,,,UX Designer lead
Java,UI Prototyping,UX writing,Analytics,Wireframing,Jquery,HTML5,Javascript,Agile Development,CSS3,User Experience,,,,,UX Designer lead
Analytics,Wireframing,UI Prototyping,UX writing,Java,Agile Development,CSS3,HTML5,Javascript,Jquery,User Experience,,,,,UX Designer lead
HTML5,CSS3,Problem Solving,Javascript,Jquery,SQL,Visual Design,Agile Development,Statistics,Analytics,User Experience,Wireframing,Prototyping,,,UX Researcher
Analytics,UX writing,Wireframing,Java,UI Prototyping,Agile Development,Javascript,CSS3,Jquery,HTML5,User Experience,,,,,UX Designer lead
Statistics,Wireframing,Prototyping,User testing,HTML5,Analytics,CSS3,Javascript,Typography,Graphic Design,Agile Development,User Interface,,,,UX Designer
Statistics,Prototyping,User testing,Wireframing,HTML5,Analytics,Javascript,Typography,CSS3,Graphic Design,Agile Development,User Interface,,,,UX Designer
Analytics,Java,Wireframing,UI Prototyping,UX writing,Agile Development,Jquery,CSS3,HTML5,Javascript,User Experience,,,,,UX Designer lead
Analytics,Java,UI Prototyping,UX writing,Wireframing,Agile Development,Jquery,HTML5,Javascript,CSS3,User Experience,,,,,UX Designer lead
Wireframing,UX writing,Java,UI Prototyping,Analytics,CSS3,Javascript,Jquery,HTML5,Agile Development,User Experience,,,,,UX Designer lead
Analytics,UI Prototyping,Wireframing,UX writing,Java,Agile Development,HTML5,CSS3,Javascript,Jquery,User Experience,,,,,UX Designer lead
Javascript,CSS3,Jquery,HTML5,Problem Solving,Statistics,Visual Design,Analytics,SQL,Agile Development,Wireframing,Prototyping,User Experience,,,UX Researcher
Jquery,Javascript,Problem Solving,HTML5,CSS3,Analytics,Statistics,Agile Development,SQL,Visual Design,Prototyping,Wireframing,User Experience,,,UX Researcher
UI Prototyping,UX writing,Wireframing,Analytics,Java,HTML5,Javascript,CSS3,Agile Development,Jquery,User Experience,,,,,UX Designer lead
Wireframing,Prototyping,Statistics,User testing,HTML5,CSS3,Javascript,Analytics,Typography,Graphic Design,Agile Development,User Interface,,,,UX Designer
Analytics,Wireframing,Java,UI Prototyping,UX writing,Agile Development,CSS3,Jquery,HTML5,Javascript,User Experience,,,,,UX Designer lead
Analytics,Wireframing,UX writing,Java,UI Prototyping,Agile Development,CSS3,Javascript,Jquery,HTML5,User Experience,,,,,UX Designer lead
Analytics,UI Prototyping,UX writing,Java,Wireframing,Agile Development,HTML5,Javascript,Jquery,CSS3,User Experience,,,,,UX Designer lead
User testing,HTML5,Prototyping,Wireframing,Statistics,Typography,Graphic Design,Javascript,CSS3,Analytics,User Interface,Agile Development,,,,UX Designer
Wireframing,Java,UX writing,UI Prototyping,Analytics,CSS3,Jquery,Javascript,HTML5,Agile Development,User Experience,,,,,UX Designer lead
HTML5,Jquery,CSS3,Javascript,Problem Solving,SQL,Analytics,Visual Design,Statistics,Agile Development,Prototyping,User Experience,Wireframing,,,UX Researcher
UX writing,Java,UI Prototyping,Analytics,Wireframing,Javascript,Jquery,HTML5,Agile Development,CSS3,User Experience,,,,,UX Designer lead
Wireframing,UX writing,Java,Analytics,UI Prototyping,CSS3,Javascript,Jquery,Agile Development,HTML5,User Experience,,,,,UX Designer lead
User testing,Statistics,HTML5,Prototyping,Wireframing,Typography,Analytics,Graphic Design,Javascript,CSS3,Agile Development,User Interface,,,,UX Designer
Jquery,Javascript,Problem Solving,CSS3,HTML5,Analytics,Statistics,Agile Development,Visual Design,SQL,Wireframing,Prototyping,User Experience,,,UX Researcher
HTML5,User testing,Statistics,Prototyping,Wireframing,Graphic Design,Typography,Analytics,Javascript,CSS3,Agile Development,User Interface,,,,UX Designer
HTML5,Statistics,User testing,Wireframing,Prototyping,Graphic Design,Analytics,Typography,CSS3,Javascript,Agile Development,User Interface,,,,UX Designer
Prototyping,HTML5,Wireframing,User testing,Statistics,Javascript,Graphic Design,CSS3,Typography,Analytics,User Interface,Agile Development,,,,UX Designer
CSS3,Jquery,Problem Solving,HTML5,Javascript,Visual Design,Analytics,Agile Development,SQL,Statistics,Wireframing,User Experience,Prototyping,,,UX Researcher
Problem Solving,CSS3,Javascript,HTML5,Jquery,Agile Development,Visual Design,Statistics,SQL,Analytics,Prototyping,User Experience,Wireframing,,,UX Researcher
Jquery,Javascript,HTML5,Problem Solving,CSS3,Analytics,Statistics,SQL,Agile Development,Visual Design,Prototyping,User Experience,Wireframing,,,UX Researcher
UX writing,UI Prototyping,Java,Analytics,Wireframing,Javascript,HTML5,Jquery,Agile Development,CSS3,User Experience,,,,,UX Designer lead
User testing,Prototyping,HTML5,Wireframing,Statistics,Typography,Javascript,Graphic Design,CSS3,Analytics,Agile Development,User Interface,,,,UX Designer
HTML5,Javascript,Jquery,CSS3,Problem Solving,SQL,Statistics,Analytics,Visual Design,Agile Development,Prototyping,User Experience,Wireframing,,,UX Researcher
Wireframing,Analytics,UI Prototyping,UX writing,Java,CSS3,Agile Development,HTML5,Javascript,Jquery,User Experience,,,,,UX Designer lead
CSS3,Problem Solving,Jquery,HTML5,Javascript,Visual Design,Agile Development,Analytics,SQL,Statistics,Wireframing,Prototyping,User Experience,,,UX Researcher
CSS3,Javascript,HTML5,Problem Solving,Jquery,Visual Design,Statistics,SQL,Agile Development,Analytics,User Experience,Prototyping,Wireframing,,,UX Researcher
Jquery,Problem Solving,HTML5,Javascript,CSS3,Analytics,Agile Development,SQL,Statistics,Visual Design,Wireframing,User Experience,Prototyping,,,UX Researcher
Statistics,HTML5,Wireframing,User testing,Prototyping,Analytics,Graphic Design,CSS3,Typography,Javascript,Agile Development,User Interface,,,,UX Designer
UX writing,Analytics,Wireframing,Java,UI Prototyping,Javascript,Agile Development,CSS3,Jquery,HTML5,User Experience,,,,,UX Designer lead
Statistics,HTML5,Prototyping,User testing,Wireframing,Analytics,Graphic Design,Javascript,Typography,CSS3,User Interface,Agile Development,,,,UX Designer
Wireframing,UX writing,Analytics,Java,UI Prototyping,CSS3,Javascript,Agile Development,Jquery,HTML5,User Experience,,,,,UX Designer lead
Javascript,Problem Solving,Jquery,CSS3,HTML5,Statistics,Agile Development,Analytics,Visual Design,SQL,Prototyping,User Experience,Wireframing,,,UX Researcher
CSS3,Javascript,Jquery,HTML5,Problem Solving,Visual Design,Statistics,Analytics,SQL,Agile Development,Prototyping,Wireframing,User Experience,,,UX Researcher
Prototyping,Statistics,Wireframing,User testing,HTML5,Javascript,Analytics,CSS3,Typography,Graphic Design,Agile Development,User Interface,,,,UX Designer
Statistics,Prototyping,User testing,HTML5,Wireframing,Analytics,Javascript,Typography,Graphic Design,CSS3,User Interface,Agile Development,,,,UX Designer
UX writing,Wireframing,UI Prototyping,Analytics,Java,Javascript,CSS3,HTML5,Agile Development,Jquery,User Experience,,,,,UX Designer lead
UX writing,Wireframing,Java,Analytics,UI Prototyping,Javascript,CSS3,Jquery,Agile Development,HTML5,User Experience,,,,,UX Designer lead
Problem Solving,CSS3,Jquery,Javascript,HTML5,Agile Development,Visual Design,Analytics,Statistics,SQL,User Experience,Wireframing,Prototyping,,,UX Researcher
Jquery,Javascript,CSS3,Problem Solving,HTML5,Analytics,Statistics,Visual Design,Agile Development,SQL,Prototyping,Wireframing,User Experience,,,UX Researcher
Analytics,UX writing,UI Prototyping,Wireframing,Java,Agile Development,Javascript,HTML5,CSS3,Jquery,User Experience,,,,,UX Designer lead
Java,Analytics,UX writing,Wireframing,UI Prototyping,Jquery,Agile Development,Javascript,CSS3,HTML5,User Experience,,,,,UX Designer lead
Statistics,HTML5,Prototyping,Wireframing,User testing,Analytics,Graphic Design,Javascript,CSS3,Typography,Agile Development,User Interface,,,,UX Designer
Problem Solving,HTML5,Jquery,CSS3,Javascript,Agile Development,SQL,Analytics,Visual Design,Statistics,Prototyping,User Experience,Wireframing,,,UX Researcher
Jquery,HTML5,Problem Solving,CSS3,Javascript,Analytics,SQL,Agile Development,Visual Design,Statistics,Wireframing,User Experience,Prototyping,,,UX Researcher
CSS3,Problem Solving,HTML5,Javascript,Jquery,Visual Design,Agile Development,SQL,Statistics,Analytics,Wireframing,Prototyping,User Experience,,,UX Researcher
Java,UX writing,Analytics,Wireframing,UI Prototyping,Jquery,Javascript,Agile Development,CSS3,HTML5,User Experience,,,,,UX Designer lead
HTML5,Wireframing,Prototyping,Statistics,User testing,Graphic Design,CSS3,Javascript,Analytics,Typography,Agile Development,User Interface,,,,UX Designer
Javascript,Problem Solving,CSS3,HTML5,Jquery,Statistics,Agile Development,Visual Design,SQL,Analytics,Wireframing,Prototyping,User Experience,,,UX Researcher
Wireframing,HTML5,Prototyping,User testing,Statistics,CSS3,Graphic Design,Javascript,Typography,Analytics,Agile Development,User Interface,,,,UX Designer
UI Prototyping,UX writing,Java,Analytics,Wireframing,HTML5,Javascript,Jquery,Agile Development,CSS3,User Experience,,,,,UX Designer lead
UI Prototyping,Java,Wireframing,UX writing,Analytics,HTML5,Jquery,CSS3,Javascript,Agile Development,User Experience,,,,,UX Designer lead
HTML5,Prototyping,Statistics,Wireframing,User testing,Graphic Design,Javascript,Analytics,CSS3,Typography,Agile Development,User Interface,,,,UX Designer
HTML5,Statistics,Wireframing,Prototyping,User testing,Graphic Design,Analytics,CSS3,Javascript,Typography,Agile Development,User Interface,,,,UX Designer
Prototyping,User testing,HTML5,Statistics,Wireframing,Javascript,Typography,Graphic Design,Analytics,CSS3,Agile Development,User Interface,,,,UX Designer
CSS3,Problem Solving,HTML5,Jquery,Javascript,Visual Design,Agile Development,SQL,Analytics,Statistics,Prototyping,Wireframing,User Experience,,,UX Researcher
HTML5,User testing,Wireframing,Statistics,Prototyping,Graphic Design,Typography,CSS3,Analytics,Javascript,Agile Development,User Interface,,,,UX Designer
Javascript,Problem Solving,HTML5,CSS3,Jquery,Statistics,Agile Development,SQL,Visual Design,Analytics,Prototyping,Wireframing,User Experience,,,UX Researcher
Javascript,Jquery,CSS3,HTML5,Problem Solving,Statistics,Analytics,Visual Design,SQL,Agile Development,Wireframing,User Experience,Prototyping,,,UX Researcher
Analytics,Wireframing,Java,UX writing,UI Prototyping,Agile Development,CSS3,Jquery,Javascript,HTML5,User Experience,,,,,UX Designer lead
Wireframing,User testing,Prototyping,HTML5,Statistics,CSS3,Typography,Javascript,Graphic Design,Analytics,User Interface,Agile Development,,,,UX Designer
HTML5,User testing,Prototyping,Wireframing,Statistics,Graphic Design,Typography,Javascript,CSS3,Analytics,Agile Development,User Interface,,,,UX Designer
Wireframing,Prototyping,User testing,Statistics,HTML5,CSS3,Javascript,Typography,Analytics,Graphic Design,User Interface,Agile Development,,,,UX Designer
Problem Solving,Javascript,HTML5,CSS3,Jquery,Agile Development,Statistics,SQL,Visual Design,Analytics,Wireframing,Prototyping,User Experience,,,UX Researcher
Problem Solving,Jquery,HTML5,CSS3,Javascript,Agile Development,Analytics,SQL,Visual Design,Statistics,Prototyping,Wireframing,User Experience,,,UX Researcher
User testing,HTML5,Statistics,Wireframing,Prototyping,Typography,Graphic Design,Analytics,CSS3,Javascript,Agile Development,User Interface,,,,UX Designer
Wireframing,Analytics,UX writing,UI Prototyping,Java,CSS3,Agile Development,Javascript,HTML5,Jquery,User Experience,,,,,UX Designer lead
UI Prototyping,Analytics,Java,Wireframing,UX writing,HTML5,Agile Development,Jquery,CSS3,Javascript,User Experience,,,,,UX Designer lead
Wireframing,Java,Analytics,UI Prototyping,UX writing,CSS3,Jquery,Agile Development,HTML5,Javascript,User Experience,,,,,UX Designer lead
Java,Wireframing,UI Prototyping,Analytics,UX writing,Jquery,CSS3,HTML5,Agile Development,Javascript,User Experience,,,,,UX Designer lead
Prototyping,Statistics,HTML5,Wireframing,User testing,Javascript,Analytics,Graphic Design,CSS3,Typography,Agile Development,User Interface,,,,UX Designer
UI Prototyping,Wireframing,UX writing,Analytics,Java,HTML5,CSS3,Javascript,Agile Development,Jquery,User Experience,,,,,UX Designer lead
Jquery,CSS3,Problem Solving,HTML5,Javascript,Analytics,Visual Design,Agile Development,SQL,Statistics,User Experience,Wireframing,Prototyping,,,UX Researcher
Wireframing,HTML5,User testing,Prototyping,Statistics,CSS3,Graphic Design,Typography,Javascript,Analytics,User Interface,Agile Development,,,,UX Designer
UI Prototyping,Analytics,Wireframing,Java,UX writing,HTML5,Agile Development,CSS3,Jquery,Javascript,User Experience,,,,,UX Designer lead
UX writing,Java,Wireframing,Analytics,UI Prototyping,Javascript,Jquery,CSS3,Agile Development,HTML5,User Experience,,,,,UX Designer lead
Problem Solving,Javascript,Jquery,HTML5,CSS3,Agile Development,Statistics,Analytics,SQL,Visual Design,User Experience,Wireframing,Prototyping,,,UX Researcher
Wireframing,Java,UX writing,Analytics,UI Prototyping,CSS3,Jquery,Javascript,Agile Development,HTML5,User Experience,,,,,UX Designer lead
Statistics,Prototyping,HTML5,User testing,Wireframing,Analytics,Javascript,Graphic Design,Typography,CSS3,Agile Development,User Interface,,,,UX Designer
Analytics,UX writing,Java,UI Prototyping,Wireframing,Agile Development,Javascript,Jquery,HTML5,CSS3,User Experience,,,,,UX Designer lead
Analytics,UX writing,UI Prototyping,Java,Wireframing,Agile Development,Javascript,HTML5,Jquery,CSS3,User Experience,,,,,UX Designer lead
Wireframing,UX writing,UI Prototyping,Java,Analytics,CSS3,Javascript,HTML5,Jquery,Agile Development,User Experience,,,,,UX Designer lead
CSS3,Problem Solving,Javascript,Jquery,HTML5,Visual Design,Agile Development,Statistics,Analytics,SQL,User Experience,Wireframing,Prototyping,,,UX Researcher
User testing,Wireframing,HTML5,Prototyping,Statistics,Typography,CSS3,Graphic Design,Javascript,Analytics,User Interface,Agile Development,,,,UX Designer
Jquery,Javascript,HTML5,CSS3,Problem Solving,Analytics,Statistics,SQL,Visual Design,Agile Development,Wireframing,User Experience,Prototyping,,,UX Researcher
HTML5,Wireframing,Prototyping,User testing,Statistics,Graphic Design,CSS3,Javascript,Typography,Analytics,User Interface,Agile Development,,,,UX Designer
Prototyping,Wireframing,HTML5,User testing,Statistics,Javascript,CSS3,Graphic Design,Typography,Analytics,Agile Development,User Interface,,,,UX Designer
User testing,Prototyping,Statistics,Wireframing,HTML5,Typography,Javascript,Analytics,CSS3,Graphic Design,User Interface,Agile Development,,,,UX Designer
Analytics,UI Prototyping,UX writing,Wireframing,Java,Agile Development,HTML5,Javascript,CSS3,Jquery,User Experience,,,,,UX Designer lead
Analytics,UX writing,Java,Wireframing,UI Prototyping,Agile Development,Javascript,Jquery,CSS3,HTML5,User Experience,,,,,UX Designer lead
CSS3,HTML5,Jquery,Problem Solving,Javascript,Visual Design,SQL,Analytics,Agile Development,Statistics,Prototyping,Wireframing,User Experience,,,UX Researcher
Wireframing,UX writing,UI Prototyping,Analytics,Java,CSS3,Javascript,HTML5,Agile Development,Jquery,User Experience,,,,,UX Designer lead
Javascript,CSS3,Jquery,Problem Solving,HTML5,Statistics,Visual Design,Analytics,Agile Development,SQL,Wireframing,User Experience,Prototyping,,,UX Researcher
Jquery,CSS3,Javascript,Problem Solving,HTML5,Analytics,Visual Design,Statistics,Agile Development,SQL,Prototyping,User Experience,Wireframing,,,UX Researcher
UI Prototyping,Java,UX writing,Wireframing,Analytics,HTML5,Jquery,Javascript,CSS3,Agile Development,User Experience,,,,,UX Designer lead
Wireframing,User testing,HTML5,Prototyping,Statistics,CSS3,Typography,Graphic Design,Javascript,Analytics,Agile Development,User Interface,,,,UX Designer
Java,Wireframing,UX writing,Analytics,UI Prototyping,Jquery,CSS3,Javascript,Agile Development,HTML5,User Experience,,,,,UX Designer lead
Javascript,HTML5,Jquery,CSS3,Problem Solving,Statistics,SQL,Analytics,Visual Design,Agile Development,User Experience,Prototyping,Wireframing,,,UX Researcher
Prototyping,HTML5,Wireframing,Statistics,User testing,Javascript,Graphic Design,CSS3,Analytics,Typography,Agile Development,User Interface,,,,UX Designer
User testing,HTML5,Statistics,Prototyping,Wireframing,Typography,Graphic Design,Analytics,Javascript,CSS3,User Interface,Agile Development,,,,UX Designer
Wireframing,UI Prototyping,Java,UX writing,Analytics,CSS3,HTML5,Jquery,Javascript,Agile Development,User Experience,,,,,UX Designer lead
Problem Solving,HTML5,Jquery,Javascript,CSS3,Agile Development,SQL,Analytics,Statistics,Visual Design,User Experience,Prototyping,Wireframing,,,UX Researcher
UX writing,UI Prototyping,Analytics,Wireframing,Java,Javascript,HTML5,Agile Development,CSS3,Jquery,User Experience,,,,,UX Designer lead
Jquery,HTML5,CSS3,Problem Solving,Javascript,Analytics,SQL,Visual Design,Agile Development,Statistics,User Experience,Wireframing,Prototyping,,,UX Researcher
HTML5,Prototyping,User testing,Statistics,Wireframing,Graphic Design,Javascript,Typography,Analytics,CSS3,Agile Development,User Interface,,,,UX Designer
UI Prototyping,Wireframing,Java,UX writing,Analytics,HTML5,CSS3,Jquery,Javascript,Agile Development,User Experience,,,,,UX Designer lead
Jquery,CSS3,Javascript,HTML5,Problem Solving,Analytics,Visual Design,Statistics,SQL,Agile Development,User Experience,Prototyping,Wireframing,,,UX Researcher
UI Prototyping,UX writing,Analytics,Wireframing,Java,HTML5,Javascript,Agile Development,CSS3,Jquery,User Experience,,,,,UX Designer lead
User testing,HTML5,Prototyping,Statistics,Wireframing,Typography,Graphic Design,Javascript,Analytics,CSS3,Agile Development,User Interface,,,,UX Designer
Analytics,UX writing,Wireframing,UI Prototyping,Java,Agile Development,Javascript,CSS3,HTML5,Jquery,User Experience,,,,,UX Designer lead
Wireframing,User testing,Statistics,HTML5,Prototyping,CSS3,Typography,Analytics,Graphic Design,Javascript,Agile Development,User Interface,,,,UX Designer
HTML5,Jquery,CSS3,Problem Solving,Javascript,SQL,Analytics,Visual Design,Agile Development,Statistics,Wireframing,User Experience,Prototyping,,,UX Researcher
UX writing,Java,UI Prototyping,Wireframing,Analytics,Javascript,Jquery,HTML5,CSS3,Agile Development,User Experience,,,,,UX Designer lead
UI Prototyping,Wireframing,Analytics,Java,UX writing,HTML5,CSS3,Agile Development,Jquery,Javascript,User Experience,,,,,UX Designer lead
Java,Wireframing,UX writing,UI Prototyping,Analytics,Jquery,CSS3,Javascript,HTML5,Agile Development,User Experience,,,,,UX Designer lead
UX writing,Analytics,Java,UI Prototyping,Wireframing,Javascript,Agile Development,Jquery,HTML5,CSS3,User Experience,,,,,UX Designer lead
Prototyping,User testing,HTML5,Wireframing,Statistics,Javascript,Typography,Graphic Design,CSS3,Analytics,User Interface,Agile Development,,,,UX Designer
