Ruby,Python,Java,C++,Javascript,PHP,Scala,Node.js,C#,C,AR/VR,Relational Databases,NoSQL,XR SDKS,DevOps,AR/VR project Manager
Ruby,Javascript,Java,Python,C++,PHP,C,Node.js,Scala,C#,AR/VR,DevOps,NoSQL,Relational Databases,XR SDKS,AR/VR project Manager
Software Development,java,swift,c#,Javascript,3D Modelling,XR SDKs,UX Design,Machine Learning,computer vision,graphic design,,,,,AR/VR Designer
Java,Javascript,C++,Python,Ruby,Node.js,C,C#,Scala,PHP,NoSQL,DevOps,XR SDKS,Relational Databases,AR/VR,AR/VR project Manager
Ruby,Javascript,Java,C++,Python,PHP,C,Node.js,C#,Scala,AR/VR,DevOps,NoSQL,XR SDKS,Relational Databases,AR/VR project Manager
Javascript,Ruby,C++,Java,Python,C,PHP,C#,Node.js,Scala,DevOps,AR/VR,XR SDKS,NoSQL,Relational Databases,AR/VR project Manager
C++,Java,Javascript,Ruby,Python,C#,Node.js,C,PHP,Scala,XR SDKS,NoSQL,DevOps,AR/VR,Relational Databases,AR/VR project Manager
C++,Java,Database,Web Development,Python,Testing,Debugging,Operating System,Source Code Management,Data Structures and Algorithms,Cryptography,UI ToolKits and Frameworks,xr sdks,AR/VR,,AR/VR Software Developer
c#,Javascript,java,Software Development,swift,Machine Learning,computer vision,XR SDKs,3D Modelling,UX Design,graphic design,,,,,AR/VR Designer
swift,c#,Javascript,java,Software Development,UX Design,Machine Learning,computer vision,XR SDKs,3D Modelling,graphic design,,,,,AR/VR Designer
Ruby,Python,Javascript,Java,C++,PHP,Scala,C,Node.js,C#,AR/VR,Relational Databases,DevOps,NoSQL,XR SDKS,AR/VR project Manager
c#,java,Software Development,Javascript,swift,Machine Learning,XR SDKs,3D Modelling,computer vision,UX Design,graphic design,,,,,AR/VR Designer
Javascript,Java,C++,Python,Ruby,C,Node.js,C#,Scala,PHP,DevOps,NoSQL,XR SDKS,Relational Databases,AR/VR,AR/VR project Manager
Software Development,java,c#,Javascript,swift,3D Modelling,XR SDKs,Machine Learning,computer vision,UX Design,graphic design,,,,,AR/VR Designer
Javascript,C++,Python,Java,Ruby,C,C#,Scala,Node.js,PHP,DevOps,XR SDKS,Relational Databases,NoSQL,AR/VR,AR/VR project Manager
Javascript,C++,Ruby,Python,Java,C,C#,PHP,Scala,Node.js,DevOps,XR SDKS,AR/VR,Relational Databases,NoSQL,AR/VR project Manager
Database,C++,Web Development,Python,Java,Operating System,Testing,Source Code Management,Data Structures and Algorithms,Debugging,Cryptography,AR/VR,UI ToolKits and Frameworks,xr sdks,,AR/VR Software Developer
swift,java,Software Development,c#,Javascript,UX Design,XR SDKs,3D Modelling,Machine Learning,computer vision,graphic design,,,,,AR/VR Designer
Javascript,Ruby,Python,Java,C++,C,PHP,Scala,Node.js,C#,DevOps,AR/VR,Relational Databases,NoSQL,XR SDKS,AR/VR project Manager
Python,Java,Web Development,Database,C++,Data Structures and Algorithms,Debugging,Source Code Management,Operating System,Testing,AR/VR,Cryptography,xr sdks,UI ToolKits and Frameworks,,AR/VR Software Developer
Database,Python,Web Development,C++,Java,Operating System,Data Structures and Algorithms,Source Code Management,Testing,Debugging,Cryptography,xr sdks,UI ToolKits and Frameworks,AR/VR,,AR/VR Software Developer
Database,Java,Web Development,C++,Python,Operating System,Debugging,Source Code Management,Testing,Data Structures and Algorithms,xr sdks,UI ToolKits and Frameworks,AR/VR,Cryptography,,AR/VR Software Developer
Javascript,Software Development,swift,c#,java,computer vision,3D Modelling,UX Design,Machine Learning,XR SDKs,graphic design,,,,,AR/VR Designer
Python,Database,Java,C++,Web Development,Data Structures and Algorithms,Operating System,Debugging,Testing,Source Code Management,Cryptography,AR/VR,xr sdks,UI ToolKits and Frameworks,,AR/VR Software Developer
swift,Javascript,Software Development,c#,java,UX Design,computer vision,3D Modelling,Machine Learning,XR SDKs,graphic design,,,,,AR/VR Designer
Python,Web Development,Java,C++,Database,Data Structures and Algorithms,Source Code Management,Debugging,Testing,Operating System,UI ToolKits and Frameworks,Cryptography,AR/VR,xr sdks,,AR/VR Software Developer
Python,Ruby,C++,Java,Javascript,Scala,PHP,C#,Node.js,C,Relational Databases,AR/VR,XR SDKS,NoSQL,DevOps,AR/VR project Manager
Software Development,Javascript,c#,java,swift,3D Modelling,computer vision,Machine Learning,XR SDKs,UX Design,graphic design,,,,,AR/VR Designer
Javascript,Python,Ruby,Java,C++,C,Scala,PHP,Node.js,C#,DevOps,Relational Databases,AR/VR,NoSQL,XR SDKS,AR/VR project Manager
Python,Javascript,Java,Ruby,C++,Scala,C,Node.js,PHP,C#,Relational Databases,DevOps,NoSQL,AR/VR,XR SDKS,AR/VR project Manager
C++,Java,Web Development,Database,Python,Testing,Debugging,Source Code Management,Operating System,Data Structures and Algorithms,Cryptography,UI ToolKits and Frameworks,AR/VR,xr sdks,,AR/VR Software Developer
Java,Web Development,Python,Database,C++,Debugging,Source Code Management,Data Structures and Algorithms,Operating System,Testing,Cryptography,xr sdks,AR/VR,UI ToolKits and Frameworks,,AR/VR Software Developer
Web Development,Python,C++,Database,Java,Source Code Management,Data Structures and Algorithms,Testing,Operating System,Debugging,UI ToolKits and Frameworks,xr sdks,AR/VR,Cryptography,,AR/VR Software Developer
c#,swift,Software Development,java,Javascript,Machine Learning,UX Design,3D Modelling,XR SDKs,computer vision,graphic design,,,,,AR/VR Designer
Python,Ruby,Javascript,C++,Java,Scala,PHP,C,C#,Node.js,Relational Databases,AR/VR,DevOps,XR SDKS,NoSQL,AR/VR project Manager
Software Development,java,Javascript,swift,c#,3D Modelling,XR SDKs,computer vision,UX Design,Machine Learning,graphic design,,,,,AR/VR Designer
Python,C++,Database,Web Development,Java,Data Structures and Algorithms,Testing,Operating System,Source Code Management,Debugging,xr sdks,AR/VR,Cryptography,UI ToolKits and Frameworks,,AR/VR Software Developer
Ruby,Javascript,C++,Java,Python,PHP,C,C#,Node.js,Scala,AR/VR,DevOps,XR SDKS,NoSQL,Relational Databases,AR/VR project Manager
Python,C++,Java,Database,Web Development,Data Structures and Algorithms,Testing,Debugging,Operating System,Source Code Management,Cryptography,UI ToolKits and Frameworks,xr sdks,AR/VR,,AR/VR Software Developer
Database,Python,C++,Web Development,Java,Operating System,Data Structures and Algorithms,Testing,Source Code Management,Debugging,Cryptography,xr sdks,AR/VR,UI ToolKits and Frameworks,,AR/VR Software Developer
c#,Javascript,Software Development,java,swift,Machine Learning,computer vision,3D Modelling,XR SDKs,UX Design,graphic design,,,,,AR/VR Designer
java,Javascript,swift,c#,Software Development,XR SDKs,computer vision,UX Design,Machine Learning,3D Modelling,graphic design,,,,,AR/VR Designer
Software Development,swift,java,Javascript,c#,3D Modelling,UX Design,XR SDKs,computer vision,Machine Learning,graphic design,,,,,AR/VR Designer
Python,Database,C++,Java,Web Development,Data Structures and Algorithms,Operating System,Testing,Debugging,Source Code Management,Cryptography,AR/VR,UI ToolKits and Frameworks,xr sdks,,AR/VR Software Developer
java,c#,Javascript,swift,Software Development,XR SDKs,Machine Learning,computer vision,UX Design,3D Modelling,graphic design,,,,,AR/VR Designer
C++,Python,Java,Javascript,Ruby,C#,Scala,Node.js,C,PHP,XR SDKS,Relational Databases,NoSQL,DevOps,AR/VR,AR/VR project Manager
Python,Java,C++,Javascript,Ruby,Scala,Node.js,C#,C,PHP,Relational Databases,NoSQL,XR SDKS,DevOps,AR/VR,AR/VR project Manager
swift,Software Development,java,Javascript,c#,UX Design,3D Modelling,XR SDKs,computer vision,Machine Learning,graphic design,,,,,AR/VR Designer
Database,Java,Web Development,Python,C++,Operating System,Debugging,Source Code Management,Data Structures and Algorithms,Testing,UI ToolKits and Frameworks,Cryptography,xr sdks,AR/VR,,AR/VR Software Developer
swift,Javascript,java,c#,Software Development,UX Design,computer vision,XR SDKs,Machine Learning,3D Modelling,graphic design,,,,,AR/VR Designer
Java,Python,Web Development,Database,C++,Debugging,Data Structures and Algorithms,Source Code Management,Operating System,Testing,Cryptography,AR/VR,xr sdks,UI ToolKits and Frameworks,,AR/VR Software Developer
Java,Ruby,Javascript,Python,C++,Node.js,PHP,C,Scala,C#,NoSQL,AR/VR,DevOps,Relational Databases,XR SDKS,AR/VR project Manager
C++,Javascript,Ruby,Python,Java,C#,C,PHP,Scala,Node.js,XR SDKS,DevOps,AR/VR,Relational Databases,NoSQL,AR/VR project Manager
Python,Java,C++,Ruby,Javascript,Scala,Node.js,C#,PHP,C,Relational Databases,NoSQL,XR SDKS,AR/VR,DevOps,AR/VR project Manager
Java,Python,C++,Database,Web Development,Debugging,Data Structures and Algorithms,Testing,Operating System,Source Code Management,xr sdks,Cryptography,UI ToolKits and Frameworks,AR/VR,,AR/VR Software Developer
Web Development,Java,Python,C++,Database,Source Code Management,Debugging,Data Structures and Algorithms,Testing,Operating System,Cryptography,AR/VR,UI ToolKits and Frameworks,xr sdks,,AR/VR Software Developer
Javascript,swift,c#,Software Development,java,computer vision,UX Design,Machine Learning,3D Modelling,XR SDKs,graphic design,,,,,AR/VR Designer
Software Development,Javascript,java,c#,swift,3D Modelling,computer vision,XR SDKs,Machine Learning,UX Design,graphic design,,,,,AR/VR Designer
Web Development,Database,Python,Java,C++,Source Code Management,Operating System,Data Structures and Algorithms,Debugging,Testing,xr sdks,UI ToolKits and Frameworks,AR/VR,Cryptography,,AR/VR Software Developer
c#,swift,Javascript,Software Development,java,Machine Learning,UX Design,computer vision,3D Modelling,XR SDKs,graphic design,,,,,AR/VR Designer
Java,Python,Database,Web Development,C++,Debugging,Data Structures and Algorithms,Operating System,Source Code Management,Testing,Cryptography,AR/VR,UI ToolKits and Frameworks,xr sdks,,AR/VR Software Developer
C++,Python,Web Development,Database,Java,Testing,Data Structures and Algorithms,Source Code Management,Operating System,Debugging,AR/VR,xr sdks,UI ToolKits and Frameworks,Cryptography,,AR/VR Software Developer
Java,Javascript,Python,Ruby,C++,Node.js,C,Scala,PHP,C#,NoSQL,DevOps,Relational Databases,AR/VR,XR SDKS,AR/VR project Manager
Java,C++,Javascript,Python,Ruby,Node.js,C#,C,Scala,PHP,NoSQL,XR SDKS,DevOps,Relational Databases,AR/VR,AR/VR project Manager
Javascript,Java,Ruby,C++,Python,C,Node.js,PHP,C#,Scala,DevOps,NoSQL,AR/VR,XR SDKS,Relational Databases,AR/VR project Manager
Javascript,Software Development,java,c#,swift,computer vision,3D Modelling,XR SDKs,Machine Learning,UX Design,graphic design,,,,,AR/VR Designer
Java,C++,Database,Python,Web Development,Debugging,Testing,Operating System,Data Structures and Algorithms,Source Code Management,xr sdks,UI ToolKits and Frameworks,AR/VR,Cryptography,,AR/VR Software Developer
Javascript,c#,swift,Software Development,java,computer vision,Machine Learning,UX Design,3D Modelling,XR SDKs,graphic design,,,,,AR/VR Designer
Software Development,swift,java,c#,Javascript,3D Modelling,UX Design,XR SDKs,Machine Learning,computer vision,graphic design,,,,,AR/VR Designer
swift,java,c#,Javascript,Software Development,UX Design,XR SDKs,Machine Learning,computer vision,3D Modelling,graphic design,,,,,AR/VR Designer
swift,c#,java,Javascript,Software Development,UX Design,Machine Learning,XR SDKs,computer vision,3D Modelling,graphic design,,,,,AR/VR Designer
Python,C++,Java,Javascript,Ruby,Scala,C#,Node.js,C,PHP,Relational Databases,XR SDKS,NoSQL,DevOps,AR/VR,AR/VR project Manager
c#,Software Development,swift,Javascript,java,Machine Learning,3D Modelling,UX Design,computer vision,XR SDKs,graphic design,,,,,AR/VR Designer
Javascript,Java,Python,C++,Ruby,C,Node.js,Scala,C#,PHP,DevOps,NoSQL,Relational Databases,XR SDKS,AR/VR,AR/VR project Manager
Python,Java,Ruby,Javascript,C++,Scala,Node.js,PHP,C,C#,Relational Databases,NoSQL,AR/VR,DevOps,XR SDKS,AR/VR project Manager
Ruby,Java,Javascript,C++,Python,PHP,Node.js,C,C#,Scala,AR/VR,NoSQL,DevOps,XR SDKS,Relational Databases,AR/VR project Manager
swift,c#,Software Development,java,Javascript,UX Design,Machine Learning,3D Modelling,XR SDKs,computer vision,graphic design,,,,,AR/VR Designer
Python,Java,Ruby,C++,Javascript,Scala,Node.js,PHP,C#,C,Relational Databases,NoSQL,AR/VR,XR SDKS,DevOps,AR/VR project Manager
Web Development,Database,C++,Python,Java,Source Code Management,Operating System,Testing,Data Structures and Algorithms,Debugging,UI ToolKits and Frameworks,Cryptography,AR/VR,xr sdks,,AR/VR Software Developer
Java,Javascript,C++,Ruby,Python,Node.js,C,C#,PHP,Scala,NoSQL,DevOps,XR SDKS,AR/VR,Relational Databases,AR/VR project Manager
swift,c#,Javascript,Software Development,java,UX Design,Machine Learning,computer vision,3D Modelling,XR SDKs,graphic design,,,,,AR/VR Designer
swift,Software Development,java,c#,Javascript,UX Design,3D Modelling,XR SDKs,Machine Learning,computer vision,graphic design,,,,,AR/VR Designer
Java,Python,Ruby,C++,Javascript,Node.js,Scala,PHP,C#,C,NoSQL,Relational Databases,AR/VR,XR SDKS,DevOps,AR/VR project Manager
Python,Java,C++,Database,Web Development,Data Structures and Algorithms,Debugging,Testing,Operating System,Source Code Management,Cryptography,xr sdks,UI ToolKits and Frameworks,AR/VR,,AR/VR Software Developer
Database,Web Development,C++,Java,Python,Operating System,Source Code Management,Testing,Debugging,Data Structures and Algorithms,xr sdks,AR/VR,Cryptography,UI ToolKits and Frameworks,,AR/VR Software Developer
Python,C++,Ruby,Javascript,Java,Scala,C#,PHP,C,Node.js,Relational Databases,XR SDKS,AR/VR,DevOps,NoSQL,AR/VR project Manager
Database,Python,Java,C++,Web Development,Operating System,Data Structures and Algorithms,Debugging,Testing,Source Code Management,AR/VR,Cryptography,xr sdks,UI ToolKits and Frameworks,,AR/VR Software Developer
C++,Javascript,Python,Java,Ruby,C#,C,Scala,Node.js,PHP,XR SDKS,DevOps,Relational Databases,NoSQL,AR/VR,AR/VR project Manager
c#,Javascript,java,swift,Software Development,Machine Learning,computer vision,XR SDKs,UX Design,3D Modelling,graphic design,,,,,AR/VR Designer
Python,Web Development,Database,Java,C++,Data Structures and Algorithms,Source Code Management,Operating System,Debugging,Testing,AR/VR,xr sdks,UI ToolKits and Frameworks,Cryptography,,AR/VR Software Developer
C++,Python,Java,Web Development,Database,Testing,Data Structures and Algorithms,Debugging,Source Code Management,Operating System,xr sdks,UI ToolKits and Frameworks,AR/VR,Cryptography,,AR/VR Software Developer
Java,Python,Javascript,C++,Ruby,Node.js,Scala,C,C#,PHP,NoSQL,Relational Databases,DevOps,XR SDKS,AR/VR,AR/VR project Manager
java,swift,Software Development,Javascript,c#,XR SDKs,UX Design,3D Modelling,computer vision,Machine Learning,graphic design,,,,,AR/VR Designer
Javascript,Java,Ruby,Python,C++,C,Node.js,PHP,Scala,C#,DevOps,NoSQL,AR/VR,Relational Databases,XR SDKS,AR/VR project Manager
Javascript,c#,java,Software Development,swift,computer vision,Machine Learning,XR SDKs,3D Modelling,UX Design,graphic design,,,,,AR/VR Designer
Software Development,swift,Javascript,java,c#,3D Modelling,UX Design,computer vision,XR SDKs,Machine Learning,graphic design,,,,,AR/VR Designer
c#,java,Software Development,swift,Javascript,Machine Learning,XR SDKs,3D Modelling,UX Design,computer vision,graphic design,,,,,AR/VR Designer
Java,C++,Javascript,Ruby,Python,Node.js,C#,C,PHP,Scala,NoSQL,XR SDKS,DevOps,AR/VR,Relational Databases,AR/VR project Manager
Java,Javascript,Ruby,Python,C++,Node.js,C,PHP,Scala,C#,NoSQL,DevOps,AR/VR,Relational Databases,XR SDKS,AR/VR project Manager
Ruby,C++,Java,Javascript,Python,PHP,C#,Node.js,C,Scala,AR/VR,XR SDKS,NoSQL,DevOps,Relational Databases,AR/VR project Manager
swift,Software Development,Javascript,c#,java,UX Design,3D Modelling,computer vision,Machine Learning,XR SDKs,graphic design,,,,,AR/VR Designer
Javascript,Python,C++,Ruby,Java,C,Scala,C#,PHP,Node.js,DevOps,Relational Databases,XR SDKS,AR/VR,NoSQL,AR/VR project Manager
Python,C++,Javascript,Ruby,Java,Scala,C#,C,PHP,Node.js,Relational Databases,XR SDKS,DevOps,AR/VR,NoSQL,AR/VR project Manager
swift,Javascript,Software Development,java,c#,UX Design,computer vision,3D Modelling,XR SDKs,Machine Learning,graphic design,,,,,AR/VR Designer
Database,C++,Java,Python,Web Development,Operating System,Testing,Debugging,Data Structures and Algorithms,Source Code Management,AR/VR,UI ToolKits and Frameworks,xr sdks,Cryptography,,AR/VR Software Developer
Python,Java,Web Development,C++,Database,Data Structures and Algorithms,Debugging,Source Code Management,Testing,Operating System,UI ToolKits and Frameworks,AR/VR,Cryptography,xr sdks,,AR/VR Software Developer
Python,C++,Java,Ruby,Javascript,Scala,C#,Node.js,PHP,C,Relational Databases,XR SDKS,NoSQL,AR/VR,DevOps,AR/VR project Manager
Python,Web Development,C++,Java,Database,Data Structures and Algorithms,Source Code Management,Testing,Debugging,Operating System,UI ToolKits and Frameworks,Cryptography,xr sdks,AR/VR,,AR/VR Software Developer
Database,C++,Python,Web Development,Java,Operating System,Testing,Data Structures and Algorithms,Source Code Management,Debugging,Cryptography,AR/VR,xr sdks,UI ToolKits and Frameworks,,AR/VR Software Developer
Web Development,Python,C++,Java,Database,Source Code Management,Data Structures and Algorithms,Testing,Debugging,Operating System,Cryptography,UI ToolKits and Frameworks,xr sdks,AR/VR,,AR/VR Software Developer
C++,Java,Ruby,Javascript,Python,C#,Node.js,PHP,C,Scala,XR SDKS,NoSQL,AR/VR,DevOps,Relational Databases,AR/VR project Manager
java,Javascript,c#,swift,Software Development,XR SDKs,computer vision,Machine Learning,UX Design,3D Modelling,graphic design,,,,,AR/VR Designer
C++,Web Development,Database,Java,Python,Testing,Source Code Management,Operating System,Debugging,Data Structures and Algorithms,Cryptography,AR/VR,xr sdks,UI ToolKits and Frameworks,,AR/VR Software Developer
java,swift,c#,Software Development,Javascript,XR SDKs,UX Design,Machine Learning,3D Modelling,computer vision,graphic design,,,,,AR/VR Designer
Software Development,swift,Javascript,c#,java,3D Modelling,UX Design,computer vision,Machine Learning,XR SDKs,graphic design,,,,,AR/VR Designer
java,swift,Javascript,c#,Software Development,XR SDKs,UX Design,computer vision,Machine Learning,3D Modelling,graphic design,,,,,AR/VR Designer
Java,Web Development,Python,C++,Database,Debugging,Source Code Management,Data Structures and Algorithms,Testing,Operating System,AR/VR,Cryptography,UI ToolKits and Frameworks,xr sdks,,AR/VR Software Developer
Javascript,java,Software Development,swift,c#,computer vision,XR SDKs,3D Modelling,UX Design,Machine Learning,graphic design,,,,,AR/VR Designer
Javascript,c#,Software Development,java,swift,computer vision,Machine Learning,3D Modelling,XR SDKs,UX Design,graphic design,,,,,AR/VR Designer
Web Development,Java,C++,Python,Database,Source Code Management,Debugging,Testing,Data Structures and Algorithms,Operating System,Cryptography,AR/VR,xr sdks,UI ToolKits and Frameworks,,AR/VR Software Developer
Java,Web Development,Database,Python,C++,Debugging,Source Code Management,Operating System,Data Structures and Algorithms,Testing,Cryptography,xr sdks,UI ToolKits and Frameworks,AR/VR,,AR/VR Software Developer
C++,Java,Python,Ruby,Javascript,C#,Node.js,Scala,PHP,C,XR SDKS,NoSQL,Relational Databases,AR/VR,DevOps,AR/VR project Manager
Python,Ruby,Javascript,Java,C++,Scala,PHP,C,Node.js,C#,Relational Databases,AR/VR,DevOps,NoSQL,XR SDKS,AR/VR project Manager
C++,Database,Python,Java,Web Development,Testing,Operating System,Data Structures and Algorithms,Debugging,Source Code Management,UI ToolKits and Frameworks,AR/VR,Cryptography,xr sdks,,AR/VR Software Developer
Ruby,Java,Javascript,Python,C++,PHP,Node.js,C,Scala,C#,AR/VR,NoSQL,DevOps,Relational Databases,XR SDKS,AR/VR project Manager
Javascript,c#,swift,java,Software Development,computer vision,Machine Learning,UX Design,XR SDKs,3D Modelling,graphic design,,,,,AR/VR Designer
Java,Javascript,Ruby,C++,Python,Node.js,C,PHP,C#,Scala,NoSQL,DevOps,AR/VR,XR SDKS,Relational Databases,AR/VR project Manager
C++,Python,Ruby,Java,Javascript,C#,Scala,PHP,Node.js,C,XR SDKS,Relational Databases,AR/VR,NoSQL,DevOps,AR/VR project Manager
Javascript,Java,C++,Ruby,Python,C,Node.js,C#,PHP,Scala,DevOps,NoSQL,XR SDKS,AR/VR,Relational Databases,AR/VR project Manager
Python,Web Development,C++,Database,Java,Data Structures and Algorithms,Source Code Management,Testing,Operating System,Debugging,xr sdks,UI ToolKits and Frameworks,AR/VR,Cryptography,,AR/VR Software Developer
Java,Python,Database,C++,Web Development,Debugging,Data Structures and Algorithms,Operating System,Testing,Source Code Management,xr sdks,Cryptography,AR/VR,UI ToolKits and Frameworks,,AR/VR Software Developer
Web Development,Database,C++,Java,Python,Source Code Management,Operating System,Testing,Debugging,Data Structures and Algorithms,AR/VR,xr sdks,Cryptography,UI ToolKits and Frameworks,,AR/VR Software Developer
c#,Software Development,swift,java,Javascript,Machine Learning,3D Modelling,UX Design,XR SDKs,computer vision,graphic design,,,,,AR/VR Designer
Javascript,Ruby,C++,Python,Java,C,PHP,C#,Scala,Node.js,DevOps,AR/VR,XR SDKS,Relational Databases,NoSQL,AR/VR project Manager
Java,C++,Python,Javascript,Ruby,Node.js,C#,Scala,C,PHP,NoSQL,XR SDKS,Relational Databases,DevOps,AR/VR,AR/VR project Manager
Web Development,C++,Java,Python,Database,Source Code Management,Testing,Debugging,Data Structures and Algorithms,Operating System,Cryptography,xr sdks,AR/VR,UI ToolKits and Frameworks,,AR/VR Software Developer
Web Development,Java,C++,Database,Python,Source Code Management,Debugging,Testing,Operating System,Data Structures and Algorithms,AR/VR,UI ToolKits and Frameworks,Cryptography,xr sdks,,AR/VR Software Developer
Python,C++,Database,Java,Web Development,Data Structures and Algorithms,Testing,Operating System,Debugging,Source Code Management,Cryptography,UI ToolKits and Frameworks,AR/VR,xr sdks,,AR/VR Software Developer
Ruby,C++,Python,Javascript,Java,PHP,C#,Scala,C,Node.js,AR/VR,XR SDKS,Relational Databases,DevOps,NoSQL,AR/VR project Manager
Database,Python,Java,Web Development,C++,Operating System,Data Structures and Algorithms,Debugging,Source Code Management,Testing,UI ToolKits and Frameworks,AR/VR,Cryptography,xr sdks,,AR/VR Software Developer
Javascript,Java,Python,Ruby,C++,C,Node.js,Scala,PHP,C#,DevOps,NoSQL,Relational Databases,AR/VR,XR SDKS,AR/VR project Manager
Javascript,Software Development,c#,swift,java,computer vision,3D Modelling,Machine Learning,UX Design,XR SDKs,graphic design,,,,,AR/VR Designer
C++,Python,Javascript,Java,Ruby,C#,Scala,C,Node.js,PHP,XR SDKS,Relational Databases,DevOps,NoSQL,AR/VR,AR/VR project Manager
Java,Python,C++,Web Development,Database,Debugging,Data Structures and Algorithms,Testing,Source Code Management,Operating System,AR/VR,UI ToolKits and Frameworks,xr sdks,Cryptography,,AR/VR Software Developer
Ruby,C++,Javascript,Java,Python,PHP,C#,C,Node.js,Scala,AR/VR,XR SDKS,DevOps,NoSQL,Relational Databases,AR/VR project Manager
c#,java,Javascript,swift,Software Development,Machine Learning,XR SDKs,computer vision,UX Design,3D Modelling,graphic design,,,,,AR/VR Designer
swift,java,c#,Software Development,Javascript,UX Design,XR SDKs,Machine Learning,3D Modelling,computer vision,graphic design,,,,,AR/VR Designer
Javascript,swift,c#,java,Software Development,computer vision,UX Design,Machine Learning,XR SDKs,3D Modelling,graphic design,,,,,AR/VR Designer
C++,Python,Web Development,Java,Database,Testing,Data Structures and Algorithms,Source Code Management,Debugging,Operating System,xr sdks,UI ToolKits and Frameworks,Cryptography,AR/VR,,AR/VR Software Developer
Database,Web Development,Java,Python,C++,Operating System,Source Code Management,Debugging,Data Structures and Algorithms,Testing,UI ToolKits and Frameworks,xr sdks,Cryptography,AR/VR,,AR/VR Software Developer
Database,Java,Python,Web Development,C++,Operating System,Debugging,Data Structures and Algorithms,Source Code Management,Testing,UI ToolKits and Frameworks,Cryptography,AR/VR,xr sdks,,AR/VR Software Developer
java,Software Development,c#,swift,Javascript,XR SDKs,3D Modelling,Machine Learning,UX Design,computer vision,graphic design,,,,,AR/VR Designer
swift,c#,Software Development,Javascript,java,UX Design,Machine Learning,3D Modelling,computer vision,XR SDKs,graphic design,,,,,AR/VR Designer
swift,c#,java,Software Development,Javascript,UX Design,Machine Learning,XR SDKs,3D Modelling,computer vision,graphic design,,,,,AR/VR Designer
Javascript,Software Development,swift,java,c#,computer vision,3D Modelling,UX Design,XR SDKs,Machine Learning,graphic design,,,,,AR/VR Designer
c#,swift,Software Development,Javascript,java,Machine Learning,UX Design,3D Modelling,computer vision,XR SDKs,graphic design,,,,,AR/VR Designer
Ruby,Javascript,Python,Java,C++,PHP,C,Scala,Node.js,C#,AR/VR,DevOps,Relational Databases,NoSQL,XR SDKS,AR/VR project Manager
C++,Web Development,Database,Python,Java,Testing,Source Code Management,Operating System,Data Structures and Algorithms,Debugging,AR/VR,UI ToolKits and Frameworks,Cryptography,xr sdks,,AR/VR Software Developer
Java,C++,Web Development,Database,Python,Debugging,Testing,Source Code Management,Operating System,Data Structures and Algorithms,UI ToolKits and Frameworks,Cryptography,AR/VR,xr sdks,,AR/VR Software Developer
java,Software Development,Javascript,c#,swift,XR SDKs,3D Modelling,computer vision,Machine Learning,UX Design,graphic design,,,,,AR/VR Designer
Software Development,Javascript,swift,c#,java,3D Modelling,computer vision,UX Design,Machine Learning,XR SDKs,graphic design,,,,,AR/VR Designer
C++,Database,Java,Web Development,Python,Testing,Operating System,Debugging,Source Code Management,Data Structures and Algorithms,Cryptography,xr sdks,UI ToolKits and Frameworks,AR/VR,,AR/VR Software Developer
Database,Python,Web Development,Java,C++,Operating System,Data Structures and Algorithms,Source Code Management,Debugging,Testing,UI ToolKits and Frameworks,AR/VR,xr sdks,Cryptography,,AR/VR Software Developer
Database,Web Development,Python,Java,C++,Operating System,Source Code Management,Data Structures and Algorithms,Debugging,Testing,UI ToolKits and Frameworks,xr sdks,AR/VR,Cryptography,,AR/VR Software Developer
java,Software Development,swift,c#,Javascript,XR SDKs,3D Modelling,UX Design,Machine Learning,computer vision,graphic design,,,,,AR/VR Designer
C++,Javascript,Ruby,Java,Python,C#,C,PHP,Node.js,Scala,XR SDKS,DevOps,AR/VR,NoSQL,Relational Databases,AR/VR project Manager
Python,Javascript,Ruby,C++,Java,Scala,C,PHP,C#,Node.js,Relational Databases,DevOps,AR/VR,XR SDKS,NoSQL,AR/VR project Manager
Software Development,c#,java,Javascript,swift,3D Modelling,Machine Learning,XR SDKs,computer vision,UX Design,graphic design,,,,,AR/VR Designer
Software Development,Javascript,swift,java,c#,3D Modelling,computer vision,UX Design,XR SDKs,Machine Learning,graphic design,,,,,AR/VR Designer
Ruby,Python,Java,Javascript,C++,PHP,Scala,Node.js,C,C#,AR/VR,Relational Databases,NoSQL,DevOps,XR SDKS,AR/VR project Manager
Web Development,C++,Python,Database,Java,Source Code Management,Testing,Data Structures and Algorithms,Operating System,Debugging,UI ToolKits and Frameworks,AR/VR,xr sdks,Cryptography,,AR/VR Software Developer
Java,Python,C++,Javascript,Ruby,Node.js,Scala,C#,C,PHP,NoSQL,Relational Databases,XR SDKS,DevOps,AR/VR,AR/VR project Manager
swift,Javascript,c#,java,Software Development,UX Design,computer vision,Machine Learning,XR SDKs,3D Modelling,graphic design,,,,,AR/VR Designer
C++,Java,Ruby,Python,Javascript,C#,Node.js,PHP,Scala,C,XR SDKS,NoSQL,AR/VR,Relational Databases,DevOps,AR/VR project Manager
Java,Ruby,Javascript,C++,Python,Node.js,PHP,C,C#,Scala,NoSQL,AR/VR,DevOps,XR SDKS,Relational Databases,AR/VR project Manager
Software Development,c#,java,swift,Javascript,3D Modelling,Machine Learning,XR SDKs,UX Design,computer vision,graphic design,,,,,AR/VR Designer
Database,Python,C++,Java,Web Development,Operating System,Data Structures and Algorithms,Testing,Debugging,Source Code Management,AR/VR,Cryptography,UI ToolKits and Frameworks,xr sdks,,AR/VR Software Developer
java,c#,Software Development,swift,Javascript,XR SDKs,Machine Learning,3D Modelling,UX Design,computer vision,graphic design,,,,,AR/VR Designer
Database,Java,C++,Web Development,Python,Operating System,Debugging,Testing,Source Code Management,Data Structures and Algorithms,xr sdks,UI ToolKits and Frameworks,Cryptography,AR/VR,,AR/VR Software Developer
Database,C++,Python,Java,Web Development,Operating System,Testing,Data Structures and Algorithms,Debugging,Source Code Management,AR/VR,UI ToolKits and Frameworks,Cryptography,xr sdks,,AR/VR Software Developer
C++,Ruby,Python,Javascript,Java,C#,PHP,Scala,C,Node.js,XR SDKS,AR/VR,Relational Databases,DevOps,NoSQL,AR/VR project Manager
Python,Database,Java,Web Development,C++,Data Structures and Algorithms,Operating System,Debugging,Source Code Management,Testing,AR/VR,UI ToolKits and Frameworks,Cryptography,xr sdks,,AR/VR Software Developer
Java,Web Development,Database,C++,Python,Debugging,Source Code Management,Operating System,Testing,Data Structures and Algorithms,UI ToolKits and Frameworks,AR/VR,xr sdks,Cryptography,,AR/VR Software Developer
c#,java,swift,Javascript,Software Development,Machine Learning,XR SDKs,UX Design,computer vision,3D Modelling,graphic design,,,,,AR/VR Designer
Java,Ruby,C++,Python,Javascript,Node.js,PHP,C#,Scala,C,NoSQL,AR/VR,XR SDKS,Relational Databases,DevOps,AR/VR project Manager
Python,Ruby,C++,Javascript,Java,Scala,PHP,C#,C,Node.js,Relational Databases,AR/VR,XR SDKS,DevOps,NoSQL,AR/VR project Manager
c#,Javascript,swift,Software Development,java,Machine Learning,computer vision,UX Design,3D Modelling,XR SDKs,graphic design,,,,,AR/VR Designer
Database,Web Development,Java,C++,Python,Operating System,Source Code Management,Debugging,Testing,Data Structures and Algorithms,xr sdks,AR/VR,UI ToolKits and Frameworks,Cryptography,,AR/VR Software Developer
C++,Python,Ruby,Javascript,Java,C#,Scala,PHP,C,Node.js,XR SDKS,Relational Databases,AR/VR,DevOps,NoSQL,AR/VR project Manager
Python,Java,Javascript,C++,Ruby,Scala,Node.js,C,C#,PHP,Relational Databases,NoSQL,DevOps,XR SDKS,AR/VR,AR/VR project Manager
Software Development,Javascript,java,swift,c#,3D Modelling,computer vision,XR SDKs,UX Design,Machine Learning,graphic design,,,,,AR/VR Designer
Javascript,C++,Ruby,Java,Python,C,C#,PHP,Node.js,Scala,DevOps,XR SDKS,AR/VR,NoSQL,Relational Databases,AR/VR project Manager
swift,java,Javascript,Software Development,c#,UX Design,XR SDKs,computer vision,3D Modelling,Machine Learning,graphic design,,,,,AR/VR Designer
Javascript,java,c#,Software Development,swift,computer vision,XR SDKs,Machine Learning,3D Modelling,UX Design,graphic design,,,,,AR/VR Designer
Software Development,java,swift,Javascript,c#,3D Modelling,XR SDKs,UX Design,computer vision,Machine Learning,graphic design,,,,,AR/VR Designer
Java,Javascript,Python,C++,Ruby,Node.js,C,Scala,C#,PHP,NoSQL,DevOps,Relational Databases,XR SDKS,AR/VR,AR/VR project Manager
Java,Python,Ruby,Javascript,C++,Node.js,Scala,PHP,C,C#,NoSQL,Relational Databases,AR/VR,DevOps,XR SDKS,AR/VR project Manager
Python,Java,Database,C++,Web Development,Data Structures and Algorithms,Debugging,Operating System,Testing,Source Code Management,Cryptography,xr sdks,AR/VR,UI ToolKits and Frameworks,,AR/VR Software Developer
Python,Javascript,C++,Java,Ruby,Scala,C,C#,Node.js,PHP,Relational Databases,DevOps,XR SDKS,NoSQL,AR/VR,AR/VR project Manager
Ruby,C++,Python,Java,Javascript,PHP,C#,Scala,Node.js,C,AR/VR,XR SDKS,Relational Databases,NoSQL,DevOps,AR/VR project Manager
Java,C++,Web Development,Python,Database,Debugging,Testing,Source Code Management,Data Structures and Algorithms,Operating System,AR/VR,xr sdks,Cryptography,UI ToolKits and Frameworks,,AR/VR Software Developer
C++,Javascript,Python,Ruby,Java,C#,C,Scala,PHP,Node.js,XR SDKS,DevOps,Relational Databases,AR/VR,NoSQL,AR/VR project Manager
Java,Python,Web Development,C++,Database,Debugging,Data Structures and Algorithms,Source Code Management,Testing,Operating System,AR/VR,UI ToolKits and Frameworks,Cryptography,xr sdks,,AR/VR Software Developer
C++,Javascript,Java,Ruby,Python,C#,C,Node.js,PHP,Scala,XR SDKS,DevOps,NoSQL,AR/VR,Relational Databases,AR/VR project Manager
java,Javascript,Software Development,c#,swift,XR SDKs,computer vision,3D Modelling,Machine Learning,UX Design,graphic design,,,,,AR/VR Designer
Ruby,C++,Javascript,Python,Java,PHP,C#,C,Scala,Node.js,AR/VR,XR SDKS,DevOps,Relational Databases,NoSQL,AR/VR project Manager
java,Software Development,swift,Javascript,c#,XR SDKs,3D Modelling,UX Design,computer vision,Machine Learning,graphic design,,,,,AR/VR Designer
c#,Software Development,Javascript,java,swift,Machine Learning,3D Modelling,computer vision,XR SDKs,UX Design,graphic design,,,,,AR/VR Designer
Ruby,Javascript,C++,Python,Java,PHP,C,C#,Scala,Node.js,AR/VR,DevOps,XR SDKS,Relational Databases,NoSQL,AR/VR project Manager
Web Development,Python,Database,Java,C++,Source Code Management,Data Structures and Algorithms,Operating System,Debugging,Testing,xr sdks,AR/VR,UI ToolKits and Frameworks,Cryptography,,AR/VR Software Developer
Java,Database,Python,C++,Web Development,Debugging,Operating System,Data Structures and Algorithms,Testing,Source Code Management,xr sdks,AR/VR,Cryptography,UI ToolKits and Frameworks,,AR/VR Software Developer
swift,Software Development,Javascript,java,c#,UX Design,3D Modelling,computer vision,XR SDKs,Machine Learning,graphic design,,,,,AR/VR Designer
Javascript,java,swift,c#,Software Development,computer vision,XR SDKs,UX Design,Machine Learning,3D Modelling,graphic design,,,,,AR/VR Designer
C++,Ruby,Javascript,Java,Python,C#,PHP,C,Node.js,Scala,XR SDKS,AR/VR,DevOps,NoSQL,Relational Databases,AR/VR project Manager
Software Development,c#,swift,java,Javascript,3D Modelling,Machine Learning,UX Design,XR SDKs,computer vision,graphic design,,,,,AR/VR Designer
Javascript,C++,Java,Ruby,Python,C,C#,Node.js,PHP,Scala,DevOps,XR SDKS,NoSQL,AR/VR,Relational Databases,AR/VR project Manager
Java,Ruby,Python,Javascript,C++,Node.js,PHP,Scala,C,C#,NoSQL,AR/VR,Relational Databases,DevOps,XR SDKS,AR/VR project Manager
Ruby,Java,C++,Python,Javascript,PHP,Node.js,C#,Scala,C,AR/VR,NoSQL,XR SDKS,Relational Databases,DevOps,AR/VR project Manager
Javascript,java,Software Development,c#,swift,computer vision,XR SDKs,3D Modelling,Machine Learning,UX Design,graphic design,,,,,AR/VR Designer
Python,Database,Web Development,Java,C++,Data Structures and Algorithms,Operating System,Source Code Management,Debugging,Testing,AR/VR,UI ToolKits and Frameworks,xr sdks,Cryptography,,AR/VR Software Developer
C++,Python,Java,Database,Web Development,Testing,Data Structures and Algorithms,Debugging,Operating System,Source Code Management,UI ToolKits and Frameworks,Cryptography,xr sdks,AR/VR,,AR/VR Software Developer
Database,Web Development,C++,Python,Java,Operating System,Source Code Management,Testing,Data Structures and Algorithms,Debugging,Cryptography,UI ToolKits and Frameworks,AR/VR,xr sdks,,AR/VR Software Developer
C++,Ruby,Java,Javascript,Python,C#,PHP,Node.js,C,Scala,XR SDKS,AR/VR,NoSQL,DevOps,Relational Databases,AR/VR project Manager
Web Development,Java,Python,Database,C++,Source Code Management,Debugging,Data Structures and Algorithms,Operating System,Testing,xr sdks,Cryptography,AR/VR,UI ToolKits and Frameworks,,AR/VR Software Developer
Java,Database,Web Development,C++,Python,Debugging,Operating System,Source Code Management,Testing,Data Structures and Algorithms,UI ToolKits and Frameworks,xr sdks,AR/VR,Cryptography,,AR/VR Software Developer
Python,C++,Web Development,Java,Database,Data Structures and Algorithms,Testing,Source Code Management,Debugging,Operating System,UI ToolKits and Frameworks,xr sdks,Cryptography,AR/VR,,AR/VR Software Developer
c#,Software Development,java,swift,Javascript,Machine Learning,3D Modelling,XR SDKs,UX Design,computer vision,graphic design,,,,,AR/VR Designer
Javascript,c#,Software Development,swift,java,computer vision,Machine Learning,3D Modelling,UX Design,XR SDKs,graphic design,,,,,AR/VR Designer
c#,java,swift,Software Development,Javascript,Machine Learning,XR SDKs,UX Design,3D Modelling,computer vision,graphic design,,,,,AR/VR Designer
C++,Database,Java,Python,Web Development,Testing,Operating System,Debugging,Data Structures and Algorithms,Source Code Management,UI ToolKits and Frameworks,AR/VR,xr sdks,Cryptography,,AR/VR Software Developer
java,swift,Software Development,c#,Javascript,XR SDKs,UX Design,3D Modelling,Machine Learning,computer vision,graphic design,,,,,AR/VR Designer
Web Development,Python,Java,C++,Database,Source Code Management,Data Structures and Algorithms,Debugging,Testing,Operating System,Cryptography,UI ToolKits and Frameworks,AR/VR,xr sdks,,AR/VR Software Developer
Database,Web Development,Python,C++,Java,Operating System,Source Code Management,Data Structures and Algorithms,Testing,Debugging,Cryptography,UI ToolKits and Frameworks,xr sdks,AR/VR,,AR/VR Software Developer
Javascript,java,swift,Software Development,c#,computer vision,XR SDKs,UX Design,3D Modelling,Machine Learning,graphic design,,,,,AR/VR Designer
Web Development,C++,Python,Java,Database,Source Code Management,Testing,Data Structures and Algorithms,Debugging,Operating System,Cryptography,xr sdks,UI ToolKits and Frameworks,AR/VR,,AR/VR Software Developer
c#,Javascript,swift,java,Software Development,Machine Learning,computer vision,UX Design,XR SDKs,3D Modelling,graphic design,,,,,AR/VR Designer
Java,Ruby,Python,C++,Javascript,Node.js,PHP,Scala,C#,C,NoSQL,AR/VR,Relational Databases,XR SDKS,DevOps,AR/VR project Manager
Ruby,C++,Java,Python,Javascript,PHP,C#,Node.js,Scala,C,AR/VR,XR SDKS,NoSQL,Relational Databases,DevOps,AR/VR project Manager
C++,Web Development,Java,Python,Database,Testing,Source Code Management,Debugging,Data Structures and Algorithms,Operating System,xr sdks,Cryptography,AR/VR,UI ToolKits and Frameworks,,AR/VR Software Developer
Web Development,Java,Database,Python,C++,Source Code Management,Debugging,Operating System,Data Structures and Algorithms,Testing,xr sdks,Cryptography,UI ToolKits and Frameworks,AR/VR,,AR/VR Software Developer
Python,C++,Javascript,Java,Ruby,Scala,C#,C,Node.js,PHP,Relational Databases,XR SDKS,DevOps,NoSQL,AR/VR,AR/VR project Manager
Java,Ruby,C++,Javascript,Python,Node.js,PHP,C#,C,Scala,NoSQL,AR/VR,XR SDKS,DevOps,Relational Databases,AR/VR project Manager
Python,C++,Ruby,Java,Javascript,Scala,C#,PHP,Node.js,C,Relational Databases,XR SDKS,AR/VR,NoSQL,DevOps,AR/VR project Manager
Web Development,Database,Java,C++,Python,Source Code Management,Operating System,Debugging,Testing,Data Structures and Algorithms,AR/VR,xr sdks,UI ToolKits and Frameworks,Cryptography,,AR/VR Software Developer
C++,Web Development,Java,Database,Python,Testing,Source Code Management,Debugging,Operating System,Data Structures and Algorithms,Cryptography,AR/VR,UI ToolKits and Frameworks,xr sdks,,AR/VR Software Developer
Java,Database,C++,Python,Web Development,Debugging,Operating System,Testing,Data Structures and Algorithms,Source Code Management,xr sdks,AR/VR,UI ToolKits and Frameworks,Cryptography,,AR/VR Software Developer
swift,Javascript,c#,Software Development,java,UX Design,computer vision,Machine Learning,3D Modelling,XR SDKs,graphic design,,,,,AR/VR Designer
Python,Java,C++,Web Development,Database,Data Structures and Algorithms,Debugging,Testing,Source Code Management,Operating System,UI ToolKits and Frameworks,AR/VR,xr sdks,Cryptography,,AR/VR Software Developer
Java,Web Development,C++,Database,Python,Debugging,Source Code Management,Testing,Operating System,Data Structures and Algorithms,UI ToolKits and Frameworks,AR/VR,Cryptography,xr sdks,,AR/VR Software Developer
java,Javascript,Software Development,swift,c#,XR SDKs,computer vision,3D Modelling,UX Design,Machine Learning,graphic design,,,,,AR/VR Designer
Javascript,Ruby,Java,C++,Python,C,PHP,Node.js,C#,Scala,DevOps,AR/VR,NoSQL,XR SDKS,Relational Databases,AR/VR project Manager
Javascript,swift,Software Development,c#,java,computer vision,UX Design,3D Modelling,Machine Learning,XR SDKs,graphic design,,,,,AR/VR Designer
C++,Python,Database,Web Development,Java,Testing,Data Structures and Algorithms,Operating System,Source Code Management,Debugging,AR/VR,xr sdks,Cryptography,UI ToolKits and Frameworks,,AR/VR Software Developer
Python,C++,Java,Web Development,Database,Data Structures and Algorithms,Testing,Debugging,Source Code Management,Operating System,UI ToolKits and Frameworks,xr sdks,AR/VR,Cryptography,,AR/VR Software Developer
c#,Javascript,Software Development,swift,java,Machine Learning,computer vision,3D Modelling,UX Design,XR SDKs,graphic design,,,,,AR/VR Designer
Ruby,Java,Python,C++,Javascript,PHP,Node.js,Scala,C#,C,AR/VR,NoSQL,Relational Databases,XR SDKS,DevOps,AR/VR project Manager
Database,Java,Python,C++,Web Development,Operating System,Debugging,Data Structures and Algorithms,Testing,Source Code Management,AR/VR,xr sdks,Cryptography,UI ToolKits and Frameworks,,AR/VR Software Developer
C++,Javascript,Java,Python,Ruby,C#,C,Node.js,Scala,PHP,XR SDKS,DevOps,NoSQL,Relational Databases,AR/VR,AR/VR project Manager
Software Development,c#,Javascript,java,swift,3D Modelling,Machine Learning,computer vision,XR SDKs,UX Design,graphic design,,,,,AR/VR Designer
Database,C++,Java,Web Development,Python,Operating System,Testing,Debugging,Source Code Management,Data Structures and Algorithms,xr sdks,Cryptography,UI ToolKits and Frameworks,AR/VR,,AR/VR Software Developer
Java,C++,Python,Database,Web Development,Debugging,Testing,Data Structures and Algorithms,Operating System,Source Code Management,xr sdks,UI ToolKits and Frameworks,Cryptography,AR/VR,,AR/VR Software Developer
C++,Python,Javascript,Ruby,Java,C#,Scala,C,PHP,Node.js,XR SDKS,Relational Databases,DevOps,AR/VR,NoSQL,AR/VR project Manager
Javascript,Ruby,Python,C++,Java,C,PHP,Scala,C#,Node.js,DevOps,AR/VR,Relational Databases,XR SDKS,NoSQL,AR/VR project Manager
Web Development,C++,Java,Database,Python,Source Code Management,Testing,Debugging,Operating System,Data Structures and Algorithms,AR/VR,Cryptography,UI ToolKits and Frameworks,xr sdks,,AR/VR Software Developer
c#,swift,java,Javascript,Software Development,Machine Learning,UX Design,XR SDKs,computer vision,3D Modelling,graphic design,,,,,AR/VR Designer
Web Development,C++,Database,Java,Python,Source Code Management,Testing,Operating System,Debugging,Data Structures and Algorithms,AR/VR,Cryptography,xr sdks,UI ToolKits and Frameworks,,AR/VR Software Developer
java,swift,c#,Javascript,Software Development,XR SDKs,UX Design,Machine Learning,computer vision,3D Modelling,graphic design,,,,,AR/VR Designer
Javascript,swift,Software Development,java,c#,computer vision,UX Design,3D Modelling,XR SDKs,Machine Learning,graphic design,,,,,AR/VR Designer
Python,Database,C++,Web Development,Java,Data Structures and Algorithms,Operating System,Testing,Source Code Management,Debugging,xr sdks,Cryptography,AR/VR,UI ToolKits and Frameworks,,AR/VR Software Developer
Javascript,C++,Java,Python,Ruby,C,C#,Node.js,Scala,PHP,DevOps,XR SDKS,NoSQL,Relational Databases,AR/VR,AR/VR project Manager
Database,Java,C++,Python,Web Development,Operating System,Debugging,Testing,Data Structures and Algorithms,Source Code Management,AR/VR,xr sdks,UI ToolKits and Frameworks,Cryptography,,AR/VR Software Developer
Javascript,Python,C++,Java,Ruby,C,Scala,C#,Node.js,PHP,DevOps,Relational Databases,XR SDKS,NoSQL,AR/VR,AR/VR project Manager
java,Javascript,swift,Software Development,c#,XR SDKs,computer vision,UX Design,3D Modelling,Machine Learning,graphic design,,,,,AR/VR Designer
Web Development,Java,Database,C++,Python,Source Code Management,Debugging,Operating System,Testing,Data Structures and Algorithms,AR/VR,UI ToolKits and Frameworks,xr sdks,Cryptography,,AR/VR Software Developer
Python,Database,Web Development,C++,Java,Data Structures and Algorithms,Operating System,Source Code Management,Testing,Debugging,xr sdks,Cryptography,UI ToolKits and Frameworks,AR/VR,,AR/VR Software Developer
Javascript,C++,Python,Ruby,Java,C,C#,Scala,PHP,Node.js,DevOps,XR SDKS,Relational Databases,AR/VR,NoSQL,AR/VR project Manager
Javascript,java,c#,swift,Software Development,computer vision,XR SDKs,Machine Learning,UX Design,3D Modelling,graphic design,,,,,AR/VR Designer
Java,C++,Python,Web Development,Database,Debugging,Testing,Data Structures and Algorithms,Source Code Management,Operating System,AR/VR,xr sdks,UI ToolKits and Frameworks,Cryptography,,AR/VR Software Developer
Ruby,Javascript,Python,C++,Java,PHP,C,Scala,C#,Node.js,AR/VR,DevOps,Relational Databases,XR SDKS,NoSQL,AR/VR project Manager
Ruby,Java,Python,Javascript,C++,PHP,Node.js,Scala,C,C#,AR/VR,NoSQL,Relational Databases,DevOps,XR SDKS,AR/VR project Manager
Web Development,Python,Database,C++,Java,Source Code Management,Data Structures and Algorithms,Operating System,Testing,Debugging,UI ToolKits and Frameworks,xr sdks,Cryptography,AR/VR,,AR/VR Software Developer
C++,Ruby,Java,Python,Javascript,C#,PHP,Node.js,Scala,C,XR SDKS,AR/VR,NoSQL,Relational Databases,DevOps,AR/VR project Manager
Javascript,swift,java,c#,Software Development,computer vision,UX Design,XR SDKs,Machine Learning,3D Modelling,graphic design,,,,,AR/VR Designer
C++,Web Development,Python,Database,Java,Testing,Source Code Management,Data Structures and Algorithms,Operating System,Debugging,AR/VR,UI ToolKits and Frameworks,xr sdks,Cryptography,,AR/VR Software Developer
C++,Java,Python,Web Development,Database,Testing,Debugging,Data Structures and Algorithms,Source Code Management,Operating System,xr sdks,AR/VR,UI ToolKits and Frameworks,Cryptography,,AR/VR Software Developer
Software Development,c#,swift,Javascript,java,3D Modelling,Machine Learning,UX Design,computer vision,XR SDKs,graphic design,,,,,AR/VR Designer
C++,Java,Python,Database,Web Development,Testing,Debugging,Data Structures and Algorithms,Operating System,Source Code Management,UI ToolKits and Frameworks,xr sdks,Cryptography,AR/VR,,AR/VR Software Developer
Javascript,Python,Ruby,C++,Java,C,Scala,PHP,C#,Node.js,DevOps,Relational Databases,AR/VR,XR SDKS,NoSQL,AR/VR project Manager
Java,C++,Python,Ruby,Javascript,Node.js,C#,Scala,PHP,C,NoSQL,XR SDKS,Relational Databases,AR/VR,DevOps,AR/VR project Manager
Python,Java,Javascript,Ruby,C++,Scala,Node.js,C,PHP,C#,Relational Databases,NoSQL,DevOps,AR/VR,XR SDKS,AR/VR project Manager
Javascript,swift,java,Software Development,c#,computer vision,UX Design,XR SDKs,3D Modelling,Machine Learning,graphic design,,,,,AR/VR Designer
Java,Database,C++,Web Development,Python,Debugging,Operating System,Testing,Source Code Management,Data Structures and Algorithms,UI ToolKits and Frameworks,xr sdks,Cryptography,AR/VR,,AR/VR Software Developer
C++,Python,Database,Java,Web Development,Testing,Data Structures and Algorithms,Operating System,Debugging,Source Code Management,UI ToolKits and Frameworks,Cryptography,AR/VR,xr sdks,,AR/VR Software Developer
java,c#,swift,Javascript,Software Development,XR SDKs,Machine Learning,UX Design,computer vision,3D Modelling,graphic design,,,,,AR/VR Designer
c#,java,Javascript,Software Development,swift,Machine Learning,XR SDKs,computer vision,3D Modelling,UX Design,graphic design,,,,,AR/VR Designer
C++,Database,Python,Web Development,Java,Testing,Operating System,Data Structures and Algorithms,Source Code Management,Debugging,AR/VR,Cryptography,xr sdks,UI ToolKits and Frameworks,,AR/VR Software Developer
Javascript,Python,Java,Ruby,C++,C,Scala,Node.js,PHP,C#,DevOps,Relational Databases,NoSQL,AR/VR,XR SDKS,AR/VR project Manager
Ruby,Python,C++,Java,Javascript,PHP,Scala,C#,Node.js,C,AR/VR,Relational Databases,XR SDKS,NoSQL,DevOps,AR/VR project Manager
java,swift,Javascript,Software Development,c#,XR SDKs,UX Design,computer vision,3D Modelling,Machine Learning,graphic design,,,,,AR/VR Designer
Python,Javascript,Ruby,Java,C++,Scala,C,PHP,Node.js,C#,Relational Databases,DevOps,AR/VR,NoSQL,XR SDKS,AR/VR project Manager
Software Development,Javascript,c#,swift,java,3D Modelling,computer vision,Machine Learning,UX Design,XR SDKs,graphic design,,,,,AR/VR Designer
Java,Web Development,C++,Python,Database,Debugging,Source Code Management,Testing,Data Structures and Algorithms,Operating System,AR/VR,Cryptography,xr sdks,UI ToolKits and Frameworks,,AR/VR Software Developer
Ruby,Python,C++,Javascript,Java,PHP,Scala,C#,C,Node.js,AR/VR,Relational Databases,XR SDKS,DevOps,NoSQL,AR/VR project Manager
java,Javascript,c#,Software Development,swift,XR SDKs,computer vision,Machine Learning,3D Modelling,UX Design,graphic design,,,,,AR/VR Designer
Javascript,Software Development,java,swift,c#,computer vision,3D Modelling,XR SDKs,UX Design,Machine Learning,graphic design,,,,,AR/VR Designer
Web Development,Database,Java,Python,C++,Source Code Management,Operating System,Debugging,Data Structures and Algorithms,Testing,xr sdks,UI ToolKits and Frameworks,Cryptography,AR/VR,,AR/VR Software Developer
swift,Javascript,java,Software Development,c#,UX Design,computer vision,XR SDKs,3D Modelling,Machine Learning,graphic design,,,,,AR/VR Designer
C++,Web Development,Python,Java,Database,Testing,Source Code Management,Data Structures and Algorithms,Debugging,Operating System,xr sdks,Cryptography,UI ToolKits and Frameworks,AR/VR,,AR/VR Software Developer
Python,C++,Web Development,Database,Java,Data Structures and Algorithms,Testing,Source Code Management,Operating System,Debugging,xr sdks,AR/VR,UI ToolKits and Frameworks,Cryptography,,AR/VR Software Developer
c#,swift,java,Software Development,Javascript,Machine Learning,UX Design,XR SDKs,3D Modelling,computer vision,graphic design,,,,,AR/VR Designer
Python,Web Development,Database,C++,Java,Data Structures and Algorithms,Source Code Management,Operating System,Testing,Debugging,xr sdks,UI ToolKits and Frameworks,Cryptography,AR/VR,,AR/VR Software Developer
Database,C++,Web Development,Java,Python,Operating System,Testing,Source Code Management,Debugging,Data Structures and Algorithms,xr sdks,Cryptography,AR/VR,UI ToolKits and Frameworks,,AR/VR Software Developer
c#,Software Development,Javascript,swift,java,Machine Learning,3D Modelling,computer vision,UX Design,XR SDKs,graphic design,,,,,AR/VR Designer
java,Software Development,c#,Javascript,swift,XR SDKs,3D Modelling,Machine Learning,computer vision,UX Design,graphic design,,,,,AR/VR Designer
Ruby,Java,C++,Javascript,Python,PHP,Node.js,C#,C,Scala,AR/VR,NoSQL,XR SDKS,DevOps,Relational Databases,AR/VR project Manager
java,c#,Software Development,Javascript,swift,XR SDKs,Machine Learning,3D Modelling,computer vision,UX Design,graphic design,,,,,AR/VR Designer
C++,Python,Java,Ruby,Javascript,C#,Scala,Node.js,PHP,C,XR SDKS,Relational Databases,NoSQL,AR/VR,DevOps,AR/VR project Manager
Ruby,Python,Javascript,C++,Java,PHP,Scala,C,C#,Node.js,AR/VR,Relational Databases,DevOps,XR SDKS,NoSQL,AR/VR project Manager
Python,Ruby,Java,C++,Javascript,Scala,PHP,Node.js,C#,C,Relational Databases,AR/VR,NoSQL,XR SDKS,DevOps,AR/VR project Manager
Python,Web Development,Java,Database,C++,Data Structures and Algorithms,Source Code Management,Debugging,Operating System,Testing,AR/VR,xr sdks,Cryptography,UI ToolKits and Frameworks,,AR/VR Software Developer
Web Development,C++,Database,Python,Java,Source Code Management,Testing,Operating System,Data Structures and Algorithms,Debugging,UI ToolKits and Frameworks,AR/VR,Cryptography,xr sdks,,AR/VR Software Developer
Java,C++,Ruby,Python,Javascript,Node.js,C#,PHP,Scala,C,NoSQL,XR SDKS,AR/VR,Relational Databases,DevOps,AR/VR project Manager
c#,Software Development,java,Javascript,swift,Machine Learning,3D Modelling,XR SDKs,computer vision,UX Design,graphic design,,,,,AR/VR Designer
Python,Javascript,Java,C++,Ruby,Scala,C,Node.js,C#,PHP,Relational Databases,DevOps,NoSQL,XR SDKS,AR/VR,AR/VR project Manager
Software Development,c#,Javascript,swift,java,3D Modelling,Machine Learning,computer vision,UX Design,XR SDKs,graphic design,,,,,AR/VR Designer
Java,Database,Python,Web Development,C++,Debugging,Operating System,Data Structures and Algorithms,Source Code Management,Testing,Cryptography,UI ToolKits and Frameworks,AR/VR,xr sdks,,AR/VR Software Developer
C++,Ruby,Python,Java,Javascript,C#,PHP,Scala,Node.js,C,XR SDKS,AR/VR,Relational Databases,NoSQL,DevOps,AR/VR project Manager
Javascript,Ruby,Java,Python,C++,C,PHP,Node.js,Scala,C#,DevOps,AR/VR,NoSQL,Relational Databases,XR SDKS,AR/VR project Manager
Software Development,java,Javascript,c#,swift,3D Modelling,XR SDKs,computer vision,Machine Learning,UX Design,graphic design,,,,,AR/VR Designer
java,Software Development,Javascript,swift,c#,XR SDKs,3D Modelling,computer vision,UX Design,Machine Learning,graphic design,,,,,AR/VR Designer
swift,java,Software Development,Javascript,c#,UX Design,XR SDKs,3D Modelling,computer vision,Machine Learning,graphic design,,,,,AR/VR Designer
Python,Ruby,Java,Javascript,C++,Scala,PHP,Node.js,C,C#,Relational Databases,AR/VR,NoSQL,DevOps,XR SDKS,AR/VR project Manager
C++,Ruby,Javascript,Python,Java,C#,PHP,C,Scala,Node.js,XR SDKS,AR/VR,DevOps,Relational Databases,NoSQL,AR/VR project Manager
Web Development,Database,Python,C++,Java,Source Code Management,Operating System,Data Structures and Algorithms,Testing,Debugging,UI ToolKits and Frameworks,Cryptography,xr sdks,AR/VR,,AR/VR Software Developer
C++,Java,Javascript,Python,Ruby,C#,Node.js,C,Scala,PHP,XR SDKS,NoSQL,DevOps,Relational Databases,AR/VR,AR/VR project Manager
swift,Software Development,c#,Javascript,java,UX Design,3D Modelling,Machine Learning,computer vision,XR SDKs,graphic design,,,,,AR/VR Designer
Java,Python,Javascript,Ruby,C++,Node.js,Scala,C,PHP,C#,NoSQL,Relational Databases,DevOps,AR/VR,XR SDKS,AR/VR project Manager
Software Development,java,c#,swift,Javascript,3D Modelling,XR SDKs,Machine Learning,UX Design,computer vision,graphic design,,,,,AR/VR Designer
Software Development,swift,c#,java,Javascript,3D Modelling,UX Design,Machine Learning,XR SDKs,computer vision,graphic design,,,,,AR/VR Designer
C++,Java,Web Development,Python,Database,Testing,Debugging,Source Code Management,Data Structures and Algorithms,Operating System,xr sdks,AR/VR,Cryptography,UI ToolKits and Frameworks,,AR/VR Software Developer
swift,Software Development,c#,java,Javascript,UX Design,3D Modelling,Machine Learning,XR SDKs,computer vision,graphic design,,,,,AR/VR Designer
C++,Database,Web Development,Python,Java,Testing,Operating System,Source Code Management,Data Structures and Algorithms,Debugging,AR/VR,Cryptography,UI ToolKits and Frameworks,xr sdks,,AR/VR Software Developer
Java,C++,Ruby,Javascript,Python,Node.js,C#,PHP,C,Scala,NoSQL,XR SDKS,AR/VR,DevOps,Relational Databases,AR/VR project Manager
C++,Database,Web Development,Java,Python,Testing,Operating System,Source Code Management,Debugging,Data Structures and Algorithms,Cryptography,xr sdks,AR/VR,UI ToolKits and Frameworks,,AR/VR Software Developer
c#,swift,Javascript,java,Software Development,Machine Learning,UX Design,computer vision,XR SDKs,3D Modelling,graphic design,,,,,AR/VR Designer
swift,java,Javascript,c#,Software Development,UX Design,XR SDKs,computer vision,Machine Learning,3D Modelling,graphic design,,,,,AR/VR Designer
java,c#,swift,Software Development,Javascript,XR SDKs,Machine Learning,UX Design,3D Modelling,computer vision,graphic design,,,,,AR/VR Designer
Java,Database,Web Development,Python,C++,Debugging,Operating System,Source Code Management,Data Structures and Algorithms,Testing,Cryptography,UI ToolKits and Frameworks,xr sdks,AR/VR,,AR/VR Software Developer
Python,Java,Database,Web Development,C++,Data Structures and Algorithms,Debugging,Operating System,Source Code Management,Testing,AR/VR,Cryptography,UI ToolKits and Frameworks,xr sdks,,AR/VR Software Developer
Javascript,Software Development,c#,java,swift,computer vision,3D Modelling,Machine Learning,XR SDKs,UX Design,graphic design,,,,,AR/VR Designer
Python,Javascript,C++,Ruby,Java,Scala,C,C#,PHP,Node.js,Relational Databases,DevOps,XR SDKS,AR/VR,NoSQL,AR/VR project Manager
Software Development,swift,c#,Javascript,java,3D Modelling,UX Design,Machine Learning,computer vision,XR SDKs,graphic design,,,,,AR/VR Designer
java,c#,Javascript,Software Development,swift,XR SDKs,Machine Learning,computer vision,3D Modelling,UX Design,graphic design,,,,,AR/VR Designer
Web Development,Python,Java,Database,C++,Source Code Management,Data Structures and Algorithms,Debugging,Operating System,Testing,xr sdks,AR/VR,Cryptography,UI ToolKits and Frameworks,,AR/VR Software Developer
C++,Java,Database,Python,Web Development,Testing,Debugging,Operating System,Data Structures and Algorithms,Source Code Management,UI ToolKits and Frameworks,xr sdks,AR/VR,Cryptography,,AR/VR Software Developer
Java,C++,Database,Web Development,Python,Debugging,Testing,Operating System,Source Code Management,Data Structures and Algorithms,UI ToolKits and Frameworks,Cryptography,xr sdks,AR/VR,,AR/VR Software Developer
Javascript,Python,Java,C++,Ruby,C,Scala,Node.js,C#,PHP,DevOps,Relational Databases,NoSQL,XR SDKS,AR/VR,AR/VR project Manager
Java,Python,C++,Ruby,Javascript,Node.js,Scala,C#,PHP,C,NoSQL,Relational Databases,XR SDKS,AR/VR,DevOps,AR/VR project Manager
Javascript,c#,java,swift,Software Development,computer vision,Machine Learning,XR SDKs,UX Design,3D Modelling,graphic design,,,,,AR/VR Designer
C++,Java,Python,Javascript,Ruby,C#,Node.js,Scala,C,PHP,XR SDKS,NoSQL,Relational Databases,DevOps,AR/VR,AR/VR project Manager
