Node.js,HTML5,Javascript,JSON,CSS3,APIs,MySQL,Javascript,jQuery,React.js,Github,Search Experience Optimization (SXO),Vue.js,Ember.js,Angular.js,Frontend developer
Node.js,MySQL,Perl,C#,Ruby,Python,Git,PHP,Java,SQL,HTML5,Flask,Javascript,CSS3,Django,Backend developer
UML,Ruby,Javascript,Java,Python,C,HTML5,COBOL,Go Lang,DevOps,CSS3,,,,,Web Architect
C#,Perl,Ruby,MySQL,Node.js,Java,PHP,SQL,Git,Python,CSS3,Javascript,Django,Flask,HTML5,Backend developer
Ruby,Python,UML,Java,Javascript,HTML5,DevOps,C,Go Lang,COBOL,CSS3,,,,,Web Architect
Ruby,Node.js,MySQL,C#,Perl,SQL,Python,Git,Java,PHP,Django,HTML5,Flask,CSS3,Javascript,Backend developer
JSON,Node.js,HTML5,CSS3,Javascript,jQuery,APIs,MySQL,React.js,Javascript,Ember.js,Github,Search Experience Optimization (SXO),Angular.js,Vue.js,Frontend developer
MySQL,C#,Ruby,Node.js,Perl,Git,Java,SQL,Python,PHP,Flask,CSS3,Django,HTML5,Javascript,Backend developer
Microsoft Excel,Software Development,VB Script,Java,Operating System,Testing,JUnit,CSS3,Javascript,HTML5,Python,Appium,,,,The (quality) tester
MySQL,Ruby,Perl,C#,Node.js,Git,SQL,PHP,Java,Python,Flask,Django,Javascript,CSS3,HTML5,Backend developer
Perl,C#,MySQL,Ruby,Node.js,PHP,Java,Git,SQL,Python,Javascript,CSS3,Flask,Django,HTML5,Backend developer
Software Development,VB Script,Java,Microsoft Excel,Operating System,JUnit,CSS3,Javascript,Testing,HTML5,Python,Appium,,,,The (quality) tester
HTML5,CSS3,Java,Javascript,CAD,Adobe XD,Agile Develpment,UI/ UX Design,Figma,Graphic Design,,,,,,UX designer
UML,Python,Javascript,Ruby,Java,C,DevOps,COBOL,HTML5,Go Lang,CSS3,,,,,Web Architect
CAD,Javascript,Java,CSS3,HTML5,Graphic Design,Figma,UI/ UX Design,Agile Develpment,Adobe XD,,,,,,UX designer
Microsoft Excel,Software Development,Java,Operating System,VB Script,Testing,JUnit,Javascript,HTML5,CSS3,Python,Appium,,,,The (quality) tester
Javascript,CAD,CSS3,HTML5,Java,Figma,Graphic Design,Agile Develpment,Adobe XD,UI/ UX Design,,,,,,UX designer
Perl,MySQL,C#,Node.js,Ruby,PHP,Git,Java,Python,SQL,Javascript,Flask,CSS3,HTML5,Django,Backend developer
Java,Operating System,VB Script,Microsoft Excel,Software Development,Javascript,HTML5,CSS3,Testing,JUnit,Python,Appium,,,,The (quality) tester
.Net,Java,NoSQL,Relational Databases,Python,DevOps,DevOps,Angular.js,Javascript,CSS3,SOAP,React.js,Selenium,Swagger,Postman,Project Manager
Python,Javascript,Ruby,Java,UML,DevOps,COBOL,HTML5,Go Lang,C,CSS3,,,,,Web Architect
Python,Ruby,UML,Java,Javascript,DevOps,HTML5,C,Go Lang,COBOL,CSS3,,,,,Web Architect
Java,Javascript,CAD,CSS3,HTML5,UI/ UX Design,Figma,Graphic Design,Agile Develpment,Adobe XD,,,,,,UX designer
Javascript,CSS3,CAD,Java,HTML5,Figma,Agile Develpment,Graphic Design,UI/ UX Design,Adobe XD,,,,,,UX designer
Operating System,VB Script,Microsoft Excel,Software Development,Java,HTML5,CSS3,Testing,JUnit,Javascript,Python,Appium,,,,The (quality) tester
Java,Python,Ruby,UML,Javascript,Go Lang,DevOps,HTML5,C,COBOL,CSS3,,,,,Web Architect
Microsoft Excel,Java,Software Development,Operating System,VB Script,Testing,Javascript,JUnit,HTML5,CSS3,Python,Appium,,,,The (quality) tester
CAD,CSS3,Javascript,HTML5,Java,Graphic Design,Agile Develpment,Figma,Adobe XD,UI/ UX Design,,,,,,UX designer
Ruby,Python,Javascript,UML,Java,HTML5,DevOps,COBOL,C,Go Lang,CSS3,,,,,Web Architect
C#,Ruby,MySQL,Node.js,Perl,Java,SQL,Git,Python,PHP,CSS3,Django,Flask,HTML5,Javascript,Backend developer
CSS3,CAD,HTML5,Java,Javascript,Agile Develpment,Graphic Design,Adobe XD,UI/ UX Design,Figma,,,,,,UX designer
Python,Relational Databases,NoSQL,.Net,Java,DevOps,Javascript,Angular.js,HTML5,DevOps,Postman,Swagger,Selenium,SOAP,React.js,Project Manager
Javascript,Node.js,CSS3,HTML5,JSON,Javascript,APIs,React.js,MySQL,jQuery,Vue.js,Github,Angular.js,Search Experience Optimization (SXO),Ember.js,Frontend developer
Operating System,Microsoft Excel,Java,Software Development,VB Script,HTML5,Testing,Javascript,JUnit,CSS3,Python,Appium,,,,The (quality) tester
Python,NoSQL,Java,Relational Databases,.Net,DevOps,Angular.js,DevOps,Javascript,HTML5,Postman,Selenium,React.js,Swagger,SOAP,Project Manager
VB Script,Java,Operating System,Microsoft Excel,Software Development,CSS3,Javascript,HTML5,Testing,JUnit,Python,Appium,,,,The (quality) tester
Microsoft Excel,Java,VB Script,Operating System,Software Development,Testing,Javascript,CSS3,HTML5,JUnit,Python,Appium,,,,The (quality) tester
CSS3,JSON,Node.js,HTML5,Javascript,React.js,jQuery,APIs,MySQL,Javascript,Angular.js,Ember.js,Github,Search Experience Optimization (SXO),Vue.js,Frontend developer
Java,HTML5,CSS3,Javascript,CAD,UI/ UX Design,Adobe XD,Agile Develpment,Figma,Graphic Design,,,,,,UX designer
Python,Java,Relational Databases,NoSQL,.Net,DevOps,DevOps,Javascript,Angular.js,HTML5,Postman,React.js,Swagger,Selenium,SOAP,Project Manager
.Net,Python,Relational Databases,NoSQL,Java,DevOps,CSS3,Javascript,Angular.js,DevOps,SOAP,Postman,Swagger,Selenium,React.js,Project Manager
Operating System,Software Development,VB Script,Java,Microsoft Excel,HTML5,JUnit,CSS3,Javascript,Testing,Python,Appium,,,,The (quality) tester
Perl,MySQL,Ruby,C#,Node.js,PHP,Git,SQL,Java,Python,Javascript,Flask,Django,CSS3,HTML5,Backend developer
Ruby,C#,Perl,MySQL,Node.js,SQL,Java,PHP,Git,Python,Django,CSS3,Javascript,Flask,HTML5,Backend developer
Node.js,HTML5,CSS3,JSON,Javascript,APIs,MySQL,React.js,jQuery,Javascript,Github,Search Experience Optimization (SXO),Angular.js,Ember.js,Vue.js,Frontend developer
UML,Ruby,Python,Javascript,Java,C,HTML5,DevOps,COBOL,Go Lang,CSS3,,,,,Web Architect
Node.js,Perl,Ruby,MySQL,C#,Python,PHP,SQL,Git,Java,HTML5,Javascript,Django,Flask,CSS3,Backend developer
.Net,NoSQL,Relational Databases,Python,Java,DevOps,Angular.js,Javascript,CSS3,DevOps,SOAP,Selenium,Swagger,Postman,React.js,Project Manager
Python,Javascript,Java,Ruby,UML,DevOps,COBOL,Go Lang,HTML5,C,CSS3,,,,,Web Architect
JSON,Javascript,CSS3,Node.js,HTML5,jQuery,Javascript,React.js,APIs,MySQL,Ember.js,Vue.js,Angular.js,Github,Search Experience Optimization (SXO),Frontend developer
Javascript,JSON,HTML5,Node.js,CSS3,Javascript,jQuery,MySQL,APIs,React.js,Vue.js,Ember.js,Search Experience Optimization (SXO),Github,Angular.js,Frontend developer
Python,.Net,Relational Databases,NoSQL,Java,DevOps,HTML5,Javascript,Angular.js,DevOps,Postman,SOAP,Swagger,Selenium,React.js,Project Manager
Python,.Net,Relational Databases,Java,NoSQL,DevOps,HTML5,Javascript,DevOps,Angular.js,Postman,SOAP,Swagger,React.js,Selenium,Project Manager
Ruby,Perl,C#,Node.js,MySQL,SQL,PHP,Java,Python,Git,Django,Javascript,CSS3,HTML5,Flask,Backend developer
Javascript,JSON,HTML5,CSS3,Node.js,Javascript,jQuery,MySQL,React.js,APIs,Vue.js,Ember.js,Search Experience Optimization (SXO),Angular.js,Github,Frontend developer
CSS3,Javascript,HTML5,Node.js,JSON,React.js,Javascript,MySQL,APIs,jQuery,Angular.js,Vue.js,Search Experience Optimization (SXO),Github,Ember.js,Frontend developer
Javascript,UML,Ruby,Python,Java,COBOL,C,HTML5,DevOps,Go Lang,CSS3,,,,,Web Architect
Java,Software Development,Microsoft Excel,Operating System,VB Script,Javascript,JUnit,Testing,HTML5,CSS3,Python,Appium,,,,The (quality) tester
JSON,Node.js,CSS3,Javascript,HTML5,jQuery,APIs,React.js,Javascript,MySQL,Ember.js,Github,Angular.js,Vue.js,Search Experience Optimization (SXO),Frontend developer
Ruby,Java,Python,UML,Javascript,HTML5,Go Lang,DevOps,C,COBOL,CSS3,,,,,Web Architect
HTML5,Javascript,Node.js,CSS3,JSON,MySQL,Javascript,APIs,React.js,jQuery,Search Experience Optimization (SXO),Vue.js,Github,Angular.js,Ember.js,Frontend developer
Python,Ruby,Javascript,UML,Java,DevOps,HTML5,COBOL,C,Go Lang,CSS3,,,,,Web Architect
UML,Ruby,Python,Java,Javascript,C,HTML5,DevOps,Go Lang,COBOL,CSS3,,,,,Web Architect
Microsoft Excel,VB Script,Operating System,Java,Software Development,Testing,CSS3,HTML5,Javascript,JUnit,Python,Appium,,,,The (quality) tester
Relational Databases,.Net,Java,NoSQL,Python,DevOps,HTML5,DevOps,Angular.js,CSS3,Swagger,SOAP,React.js,Selenium,Postman,Project Manager
Javascript,Java,Python,UML,Ruby,COBOL,Go Lang,DevOps,C,HTML5,CSS3,,,,,Web Architect
CAD,CSS3,HTML5,Java,Javascript,Graphic Design,Agile Develpment,Adobe XD,UI/ UX Design,Figma,,,,,,UX designer
Node.js,Perl,C#,Ruby,MySQL,Python,PHP,Java,SQL,Git,HTML5,Javascript,CSS3,Django,Flask,Backend developer
Java,Javascript,UML,Python,Ruby,Go Lang,COBOL,C,DevOps,HTML5,CSS3,,,,,Web Architect
CSS3,Javascript,HTML5,CAD,Java,Agile Develpment,Figma,Adobe XD,Graphic Design,UI/ UX Design,,,,,,UX designer
Perl,MySQL,Ruby,Node.js,C#,PHP,Git,SQL,Python,Java,Javascript,Flask,Django,HTML5,CSS3,Backend developer
CAD,HTML5,CSS3,Java,Javascript,Graphic Design,Adobe XD,Agile Develpment,UI/ UX Design,Figma,,,,,,UX designer
Node.js,Javascript,JSON,HTML5,CSS3,APIs,Javascript,jQuery,MySQL,React.js,Github,Vue.js,Ember.js,Search Experience Optimization (SXO),Angular.js,Frontend developer
NoSQL,Relational Databases,Python,Java,.Net,DevOps,Javascript,CSS3,DevOps,HTML5,Selenium,Swagger,Postman,React.js,SOAP,Project Manager
CAD,Java,Javascript,HTML5,CSS3,Graphic Design,UI/ UX Design,Figma,Adobe XD,Agile Develpment,,,,,,UX designer
Ruby,Java,Python,Javascript,UML,HTML5,Go Lang,DevOps,COBOL,C,CSS3,,,,,Web Architect
Javascript,CSS3,Java,HTML5,CAD,Figma,Agile Develpment,UI/ UX Design,Adobe XD,Graphic Design,,,,,,UX designer
Java,Javascript,HTML5,CAD,CSS3,UI/ UX Design,Figma,Adobe XD,Graphic Design,Agile Develpment,,,,,,UX designer
NoSQL,Java,Python,Relational Databases,.Net,DevOps,DevOps,CSS3,Javascript,HTML5,Selenium,React.js,Postman,Swagger,SOAP,Project Manager
Node.js,Perl,C#,MySQL,Ruby,Python,PHP,Java,Git,SQL,HTML5,Javascript,CSS3,Flask,Django,Backend developer
Ruby,Python,Java,Javascript,UML,HTML5,DevOps,Go Lang,COBOL,C,CSS3,,,,,Web Architect
JSON,CSS3,HTML5,Javascript,Node.js,jQuery,React.js,MySQL,Javascript,APIs,Ember.js,Angular.js,Search Experience Optimization (SXO),Vue.js,Github,Frontend developer
Java,VB Script,Microsoft Excel,Software Development,Operating System,Javascript,CSS3,Testing,JUnit,HTML5,Python,Appium,,,,The (quality) tester
C#,Node.js,Perl,MySQL,Ruby,Java,Python,PHP,Git,SQL,CSS3,HTML5,Javascript,Flask,Django,Backend developer
VB Script,Operating System,Java,Software Development,Microsoft Excel,CSS3,HTML5,Javascript,JUnit,Testing,Python,Appium,,,,The (quality) tester
VB Script,Software Development,Java,Operating System,Microsoft Excel,CSS3,JUnit,Javascript,HTML5,Testing,Python,Appium,,,,The (quality) tester
Operating System,Java,VB Script,Software Development,Microsoft Excel,HTML5,Javascript,CSS3,JUnit,Testing,Python,Appium,,,,The (quality) tester
Java,CAD,Javascript,CSS3,HTML5,UI/ UX Design,Graphic Design,Figma,Agile Develpment,Adobe XD,,,,,,UX designer
UML,Javascript,Java,Python,Ruby,C,COBOL,Go Lang,DevOps,HTML5,CSS3,,,,,Web Architect
Operating System,VB Script,Software Development,Microsoft Excel,Java,HTML5,CSS3,JUnit,Testing,Javascript,Python,Appium,,,,The (quality) tester
Java,Python,.Net,Relational Databases,NoSQL,DevOps,CSS3,HTML5,Javascript,Angular.js,React.js,Postman,SOAP,Swagger,Selenium,Project Manager
Node.js,HTML5,JSON,CSS3,Javascript,APIs,MySQL,jQuery,React.js,Javascript,Github,Search Experience Optimization (SXO),Ember.js,Angular.js,Vue.js,Frontend developer
Java,.Net,NoSQL,Relational Databases,Python,DevOps,HTML5,Angular.js,Javascript,CSS3,React.js,SOAP,Selenium,Swagger,Postman,Project Manager
Ruby,Python,Java,UML,Javascript,HTML5,DevOps,Go Lang,C,COBOL,CSS3,,,,,Web Architect
UML,Python,Java,Javascript,Ruby,C,DevOps,Go Lang,COBOL,HTML5,CSS3,,,,,Web Architect
Ruby,Node.js,Perl,C#,MySQL,SQL,Python,PHP,Java,Git,Django,HTML5,Javascript,CSS3,Flask,Backend developer
C#,Node.js,MySQL,Ruby,Perl,Java,Python,Git,SQL,PHP,CSS3,HTML5,Flask,Django,Javascript,Backend developer
CSS3,HTML5,JSON,Node.js,Javascript,React.js,MySQL,jQuery,APIs,Javascript,Angular.js,Search Experience Optimization (SXO),Ember.js,Github,Vue.js,Frontend developer
Java,Python,Relational Databases,NoSQL,.Net,DevOps,CSS3,Javascript,Angular.js,HTML5,React.js,Postman,Swagger,Selenium,SOAP,Project Manager
Relational Databases,Java,.Net,Python,NoSQL,DevOps,DevOps,HTML5,CSS3,Angular.js,Swagger,React.js,SOAP,Postman,Selenium,Project Manager
HTML5,Node.js,CSS3,JSON,Javascript,MySQL,APIs,React.js,jQuery,Javascript,Search Experience Optimization (SXO),Github,Angular.js,Ember.js,Vue.js,Frontend developer
NoSQL,.Net,Relational Databases,Python,Java,DevOps,HTML5,Javascript,CSS3,DevOps,Selenium,SOAP,Swagger,Postman,React.js,Project Manager
.Net,Python,NoSQL,Relational Databases,Java,DevOps,CSS3,Angular.js,Javascript,DevOps,SOAP,Postman,Selenium,Swagger,React.js,Project Manager
Ruby,MySQL,Perl,Node.js,C#,SQL,Git,PHP,Python,Java,Django,Flask,Javascript,HTML5,CSS3,Backend developer
.Net,NoSQL,Java,Python,Relational Databases,DevOps,Angular.js,DevOps,CSS3,Javascript,SOAP,Selenium,React.js,Postman,Swagger,Project Manager
Java,CAD,HTML5,CSS3,Javascript,UI/ UX Design,Graphic Design,Adobe XD,Agile Develpment,Figma,,,,,,UX designer
HTML5,JSON,CSS3,Node.js,Javascript,MySQL,jQuery,React.js,APIs,Javascript,Search Experience Optimization (SXO),Ember.js,Angular.js,Github,Vue.js,Frontend developer
CSS3,CAD,Java,Javascript,HTML5,Agile Develpment,Graphic Design,UI/ UX Design,Figma,Adobe XD,,,,,,UX designer
CSS3,Java,CAD,HTML5,Javascript,Agile Develpment,UI/ UX Design,Graphic Design,Adobe XD,Figma,,,,,,UX designer
UML,Ruby,Java,Javascript,Python,C,HTML5,Go Lang,COBOL,DevOps,CSS3,,,,,Web Architect
Java,Javascript,HTML5,CSS3,CAD,UI/ UX Design,Figma,Adobe XD,Agile Develpment,Graphic Design,,,,,,UX designer
Java,CSS3,CAD,HTML5,Javascript,UI/ UX Design,Agile Develpment,Graphic Design,Adobe XD,Figma,,,,,,UX designer
Java,Javascript,Python,Ruby,UML,Go Lang,COBOL,DevOps,HTML5,C,CSS3,,,,,Web Architect
CSS3,Javascript,Java,HTML5,CAD,Agile Develpment,Figma,UI/ UX Design,Adobe XD,Graphic Design,,,,,,UX designer
Javascript,Java,HTML5,CAD,CSS3,Figma,UI/ UX Design,Adobe XD,Graphic Design,Agile Develpment,,,,,,UX designer
Software Development,Operating System,Microsoft Excel,Java,VB Script,JUnit,HTML5,Testing,Javascript,CSS3,Python,Appium,,,,The (quality) tester
HTML5,Javascript,JSON,Node.js,CSS3,MySQL,Javascript,jQuery,APIs,React.js,Search Experience Optimization (SXO),Vue.js,Ember.js,Github,Angular.js,Frontend developer
Software Development,Java,Microsoft Excel,VB Script,Operating System,JUnit,Javascript,Testing,CSS3,HTML5,Python,Appium,,,,The (quality) tester
Python,Ruby,Javascript,Java,UML,DevOps,HTML5,COBOL,Go Lang,C,CSS3,,,,,Web Architect
Java,Ruby,Python,Javascript,UML,Go Lang,HTML5,DevOps,COBOL,C,CSS3,,,,,Web Architect
Javascript,Java,Ruby,UML,Python,COBOL,Go Lang,HTML5,C,DevOps,CSS3,,,,,Web Architect
Ruby,C#,Node.js,Perl,MySQL,SQL,Java,Python,PHP,Git,Django,CSS3,HTML5,Javascript,Flask,Backend developer
Java,Javascript,UML,Ruby,Python,Go Lang,COBOL,C,HTML5,DevOps,CSS3,,,,,Web Architect
VB Script,Java,Microsoft Excel,Software Development,Operating System,CSS3,Javascript,Testing,JUnit,HTML5,Python,Appium,,,,The (quality) tester
Node.js,JSON,Javascript,CSS3,HTML5,APIs,jQuery,Javascript,React.js,MySQL,Github,Ember.js,Vue.js,Angular.js,Search Experience Optimization (SXO),Frontend developer
JSON,HTML5,Node.js,Javascript,CSS3,jQuery,MySQL,APIs,Javascript,React.js,Ember.js,Search Experience Optimization (SXO),Github,Vue.js,Angular.js,Frontend developer
JSON,Javascript,Node.js,HTML5,CSS3,jQuery,Javascript,APIs,MySQL,React.js,Ember.js,Vue.js,Github,Search Experience Optimization (SXO),Angular.js,Frontend developer
Python,Relational Databases,Java,.Net,NoSQL,DevOps,Javascript,DevOps,HTML5,Angular.js,Postman,Swagger,React.js,SOAP,Selenium,Project Manager
Javascript,HTML5,Java,CSS3,CAD,Figma,Adobe XD,UI/ UX Design,Agile Develpment,Graphic Design,,,,,,UX designer
C#,Node.js,Ruby,Perl,MySQL,Java,Python,SQL,PHP,Git,CSS3,HTML5,Django,Javascript,Flask,Backend developer
Javascript,CAD,HTML5,CSS3,Java,Figma,Graphic Design,Adobe XD,Agile Develpment,UI/ UX Design,,,,,,UX designer
CSS3,HTML5,Javascript,Node.js,JSON,React.js,MySQL,Javascript,APIs,jQuery,Angular.js,Search Experience Optimization (SXO),Vue.js,Github,Ember.js,Frontend developer
Javascript,Java,HTML5,CSS3,CAD,Figma,UI/ UX Design,Adobe XD,Agile Develpment,Graphic Design,,,,,,UX designer
Java,Javascript,Python,UML,Ruby,Go Lang,COBOL,DevOps,C,HTML5,CSS3,,,,,Web Architect
CSS3,Node.js,Javascript,HTML5,JSON,React.js,APIs,Javascript,MySQL,jQuery,Angular.js,Github,Vue.js,Search Experience Optimization (SXO),Ember.js,Frontend developer
Java,Microsoft Excel,Operating System,VB Script,Software Development,Javascript,Testing,HTML5,CSS3,JUnit,Python,Appium,,,,The (quality) tester
Ruby,Perl,C#,MySQL,Node.js,SQL,PHP,Java,Git,Python,Django,Javascript,CSS3,Flask,HTML5,Backend developer
Javascript,HTML5,CSS3,CAD,Java,Figma,Adobe XD,Agile Develpment,Graphic Design,UI/ UX Design,,,,,,UX designer
MySQL,Perl,Node.js,C#,Ruby,Git,PHP,Python,Java,SQL,Flask,Javascript,HTML5,CSS3,Django,Backend developer
Ruby,Javascript,Java,Python,UML,HTML5,COBOL,Go Lang,DevOps,C,CSS3,,,,,Web Architect
CSS3,HTML5,Javascript,CAD,Java,Agile Develpment,Adobe XD,Figma,Graphic Design,UI/ UX Design,,,,,,UX designer
Ruby,Perl,MySQL,Node.js,C#,SQL,PHP,Git,Python,Java,Django,Javascript,Flask,HTML5,CSS3,Backend developer
CSS3,JSON,HTML5,Javascript,Node.js,React.js,jQuery,MySQL,Javascript,APIs,Angular.js,Ember.js,Search Experience Optimization (SXO),Vue.js,Github,Frontend developer
Java,Relational Databases,Python,NoSQL,.Net,DevOps,Javascript,CSS3,Angular.js,HTML5,React.js,Swagger,Postman,Selenium,SOAP,Project Manager
Java,VB Script,Microsoft Excel,Operating System,Software Development,Javascript,CSS3,Testing,HTML5,JUnit,Python,Appium,,,,The (quality) tester
.Net,Python,NoSQL,Java,Relational Databases,DevOps,CSS3,Angular.js,DevOps,Javascript,SOAP,Postman,Selenium,React.js,Swagger,Project Manager
HTML5,Javascript,CAD,Java,CSS3,Adobe XD,Figma,Graphic Design,UI/ UX Design,Agile Develpment,,,,,,UX designer
JSON,Javascript,CSS3,HTML5,Node.js,jQuery,Javascript,React.js,MySQL,APIs,Ember.js,Vue.js,Angular.js,Search Experience Optimization (SXO),Github,Frontend developer
Ruby,Python,UML,Javascript,Java,HTML5,DevOps,C,COBOL,Go Lang,CSS3,,,,,Web Architect
Ruby,MySQL,C#,Perl,Node.js,SQL,Git,Java,PHP,Python,Django,Flask,CSS3,Javascript,HTML5,Backend developer
Java,Ruby,Python,UML,Javascript,Go Lang,HTML5,DevOps,C,COBOL,CSS3,,,,,Web Architect
Java,Microsoft Excel,VB Script,Software Development,Operating System,Javascript,Testing,CSS3,JUnit,HTML5,Python,Appium,,,,The (quality) tester
NoSQL,.Net,Relational Databases,Java,Python,DevOps,HTML5,Javascript,DevOps,CSS3,Selenium,SOAP,Swagger,React.js,Postman,Project Manager
VB Script,Microsoft Excel,Software Development,Operating System,Java,CSS3,Testing,JUnit,HTML5,Javascript,Python,Appium,,,,The (quality) tester
Java,Python,NoSQL,.Net,Relational Databases,DevOps,CSS3,Angular.js,HTML5,Javascript,React.js,Postman,Selenium,SOAP,Swagger,Project Manager
Java,UML,Javascript,Python,Ruby,Go Lang,C,COBOL,DevOps,HTML5,CSS3,,,,,Web Architect
JSON,Javascript,Node.js,CSS3,HTML5,jQuery,Javascript,APIs,React.js,MySQL,Ember.js,Vue.js,Github,Angular.js,Search Experience Optimization (SXO),Frontend developer
Javascript,UML,Ruby,Java,Python,COBOL,C,HTML5,Go Lang,DevOps,CSS3,,,,,Web Architect
Node.js,Ruby,C#,MySQL,Perl,Python,SQL,Java,Git,PHP,HTML5,Django,CSS3,Flask,Javascript,Backend developer
NoSQL,Java,.Net,Relational Databases,Python,DevOps,DevOps,HTML5,Javascript,CSS3,Selenium,React.js,SOAP,Swagger,Postman,Project Manager
HTML5,Java,CSS3,CAD,Javascript,Adobe XD,UI/ UX Design,Agile Develpment,Graphic Design,Figma,,,,,,UX designer
HTML5,Java,CSS3,Javascript,CAD,Adobe XD,UI/ UX Design,Agile Develpment,Figma,Graphic Design,,,,,,UX designer
Ruby,Java,UML,Python,Javascript,HTML5,Go Lang,C,DevOps,COBOL,CSS3,,,,,Web Architect
Microsoft Excel,VB Script,Java,Software Development,Operating System,Testing,CSS3,Javascript,JUnit,HTML5,Python,Appium,,,,The (quality) tester
CAD,Java,HTML5,CSS3,Javascript,Graphic Design,UI/ UX Design,Adobe XD,Agile Develpment,Figma,,,,,,UX designer
MySQL,Ruby,Node.js,Perl,C#,Git,SQL,Python,PHP,Java,Flask,Django,HTML5,Javascript,CSS3,Backend developer
Microsoft Excel,Operating System,VB Script,Java,Software Development,Testing,HTML5,CSS3,Javascript,JUnit,Python,Appium,,,,The (quality) tester
HTML5,CAD,CSS3,Javascript,Java,Adobe XD,Graphic Design,Agile Develpment,Figma,UI/ UX Design,,,,,,UX designer
Relational Databases,.Net,NoSQL,Python,Java,DevOps,HTML5,Angular.js,CSS3,DevOps,Swagger,SOAP,Selenium,Postman,React.js,Project Manager
Ruby,Perl,Node.js,C#,MySQL,SQL,PHP,Python,Java,Git,Django,Javascript,HTML5,CSS3,Flask,Backend developer
CAD,HTML5,Java,Javascript,CSS3,Graphic Design,Adobe XD,UI/ UX Design,Figma,Agile Develpment,,,,,,UX designer
Javascript,Python,UML,Java,Ruby,COBOL,DevOps,C,Go Lang,HTML5,CSS3,,,,,Web Architect
Javascript,UML,Java,Python,Ruby,COBOL,C,Go Lang,DevOps,HTML5,CSS3,,,,,Web Architect
UML,Javascript,Python,Java,Ruby,C,COBOL,DevOps,Go Lang,HTML5,CSS3,,,,,Web Architect
C#,Ruby,Perl,MySQL,Node.js,Java,SQL,PHP,Git,Python,CSS3,Django,Javascript,Flask,HTML5,Backend developer
Perl,MySQL,Node.js,C#,Ruby,PHP,Git,Python,Java,SQL,Javascript,Flask,HTML5,CSS3,Django,Backend developer
Perl,C#,MySQL,Node.js,Ruby,PHP,Java,Git,Python,SQL,Javascript,CSS3,Flask,HTML5,Django,Backend developer
UML,Python,Java,Ruby,Javascript,C,DevOps,Go Lang,HTML5,COBOL,CSS3,,,,,Web Architect
CAD,CSS3,Javascript,Java,HTML5,Graphic Design,Agile Develpment,Figma,UI/ UX Design,Adobe XD,,,,,,UX designer
Javascript,UML,Python,Java,Ruby,COBOL,C,DevOps,Go Lang,HTML5,CSS3,,,,,Web Architect
Node.js,C#,Perl,MySQL,Ruby,Python,Java,PHP,Git,SQL,HTML5,CSS3,Javascript,Flask,Django,Backend developer
VB Script,Java,Software Development,Microsoft Excel,Operating System,CSS3,Javascript,JUnit,Testing,HTML5,Python,Appium,,,,The (quality) tester
Java,Software Development,VB Script,Operating System,Microsoft Excel,Javascript,JUnit,CSS3,HTML5,Testing,Python,Appium,,,,The (quality) tester
Javascript,Python,UML,Ruby,Java,COBOL,DevOps,C,HTML5,Go Lang,CSS3,,,,,Web Architect
Microsoft Excel,VB Script,Java,Operating System,Software Development,Testing,CSS3,Javascript,HTML5,JUnit,Python,Appium,,,,The (quality) tester
CSS3,Node.js,HTML5,JSON,Javascript,React.js,APIs,MySQL,jQuery,Javascript,Angular.js,Github,Search Experience Optimization (SXO),Ember.js,Vue.js,Frontend developer
CAD,HTML5,Javascript,Java,CSS3,Graphic Design,Adobe XD,Figma,UI/ UX Design,Agile Develpment,,,,,,UX designer
Python,UML,Java,Javascript,Ruby,DevOps,C,Go Lang,COBOL,HTML5,CSS3,,,,,Web Architect
Javascript,Java,CAD,CSS3,HTML5,Figma,UI/ UX Design,Graphic Design,Agile Develpment,Adobe XD,,,,,,UX designer
Python,Java,NoSQL,.Net,Relational Databases,DevOps,DevOps,Angular.js,HTML5,Javascript,Postman,React.js,Selenium,SOAP,Swagger,Project Manager
Microsoft Excel,Software Development,VB Script,Operating System,Java,Testing,JUnit,CSS3,HTML5,Javascript,Python,Appium,,,,The (quality) tester
Java,.Net,Python,Relational Databases,NoSQL,DevOps,HTML5,CSS3,Javascript,Angular.js,React.js,SOAP,Postman,Swagger,Selenium,Project Manager
Node.js,JSON,CSS3,HTML5,Javascript,APIs,jQuery,React.js,MySQL,Javascript,Github,Ember.js,Angular.js,Search Experience Optimization (SXO),Vue.js,Frontend developer
Java,Python,Javascript,Ruby,UML,Go Lang,DevOps,COBOL,HTML5,C,CSS3,,,,,Web Architect
CAD,Java,CSS3,HTML5,Javascript,Graphic Design,UI/ UX Design,Agile Develpment,Adobe XD,Figma,,,,,,UX designer
NoSQL,Java,.Net,Python,Relational Databases,DevOps,DevOps,HTML5,CSS3,Javascript,Selenium,React.js,SOAP,Postman,Swagger,Project Manager
Java,CAD,CSS3,HTML5,Javascript,UI/ UX Design,Graphic Design,Agile Develpment,Adobe XD,Figma,,,,,,UX designer
Javascript,Node.js,CSS3,JSON,HTML5,Javascript,APIs,React.js,jQuery,MySQL,Vue.js,Github,Angular.js,Ember.js,Search Experience Optimization (SXO),Frontend developer
Python,Relational Databases,Java,NoSQL,.Net,DevOps,Javascript,DevOps,Angular.js,HTML5,Postman,Swagger,React.js,Selenium,SOAP,Project Manager
Microsoft Excel,Software Development,Java,VB Script,Operating System,Testing,JUnit,Javascript,CSS3,HTML5,Python,Appium,,,,The (quality) tester
Java,CSS3,Javascript,CAD,HTML5,UI/ UX Design,Agile Develpment,Figma,Graphic Design,Adobe XD,,,,,,UX designer
Perl,Node.js,MySQL,C#,Ruby,PHP,Python,Git,Java,SQL,Javascript,HTML5,Flask,CSS3,Django,Backend developer
Relational Databases,NoSQL,Python,Java,.Net,DevOps,Angular.js,CSS3,DevOps,HTML5,Swagger,Selenium,Postman,React.js,SOAP,Project Manager
C#,Ruby,Node.js,Perl,MySQL,Java,SQL,Python,PHP,Git,CSS3,Django,HTML5,Javascript,Flask,Backend developer
HTML5,Node.js,Javascript,CSS3,JSON,MySQL,APIs,Javascript,React.js,jQuery,Search Experience Optimization (SXO),Github,Vue.js,Angular.js,Ember.js,Frontend developer
.Net,Relational Databases,NoSQL,Python,Java,DevOps,Javascript,Angular.js,CSS3,DevOps,SOAP,Swagger,Selenium,Postman,React.js,Project Manager
UML,Ruby,Javascript,Python,Java,C,HTML5,COBOL,DevOps,Go Lang,CSS3,,,,,Web Architect
JSON,Node.js,Javascript,HTML5,CSS3,jQuery,APIs,Javascript,MySQL,React.js,Ember.js,Github,Vue.js,Search Experience Optimization (SXO),Angular.js,Frontend developer
Node.js,MySQL,Ruby,C#,Perl,Python,Git,SQL,Java,PHP,HTML5,Flask,Django,CSS3,Javascript,Backend developer
Java,Relational Databases,NoSQL,Python,.Net,DevOps,Javascript,Angular.js,CSS3,HTML5,React.js,Swagger,Selenium,Postman,SOAP,Project Manager
CAD,CSS3,HTML5,Javascript,Java,Graphic Design,Agile Develpment,Adobe XD,Figma,UI/ UX Design,,,,,,UX designer
C#,Ruby,Perl,Node.js,MySQL,Java,SQL,PHP,Python,Git,CSS3,Django,Javascript,HTML5,Flask,Backend developer
Java,Relational Databases,NoSQL,.Net,Python,DevOps,Javascript,Angular.js,HTML5,CSS3,React.js,Swagger,Selenium,SOAP,Postman,Project Manager
Javascript,Python,Java,UML,Ruby,COBOL,DevOps,Go Lang,C,HTML5,CSS3,,,,,Web Architect
.Net,Java,Relational Databases,Python,NoSQL,DevOps,DevOps,Javascript,CSS3,Angular.js,SOAP,React.js,Swagger,Postman,Selenium,Project Manager
CSS3,Javascript,CAD,HTML5,Java,Agile Develpment,Figma,Graphic Design,Adobe XD,UI/ UX Design,,,,,,UX designer
Perl,Ruby,MySQL,C#,Node.js,PHP,SQL,Git,Java,Python,Javascript,Django,Flask,CSS3,HTML5,Backend developer
JSON,CSS3,Javascript,HTML5,Node.js,jQuery,React.js,Javascript,MySQL,APIs,Ember.js,Angular.js,Vue.js,Search Experience Optimization (SXO),Github,Frontend developer
Operating System,Java,Microsoft Excel,Software Development,VB Script,HTML5,Javascript,Testing,JUnit,CSS3,Python,Appium,,,,The (quality) tester
Python,UML,Ruby,Javascript,Java,DevOps,C,HTML5,COBOL,Go Lang,CSS3,,,,,Web Architect
HTML5,CSS3,Java,CAD,Javascript,Adobe XD,Agile Develpment,UI/ UX Design,Graphic Design,Figma,,,,,,UX designer
Javascript,HTML5,CAD,CSS3,Java,Figma,Adobe XD,Graphic Design,Agile Develpment,UI/ UX Design,,,,,,UX designer
Java,UML,Ruby,Javascript,Python,Go Lang,C,HTML5,COBOL,DevOps,CSS3,,,,,Web Architect
Java,Relational Databases,.Net,NoSQL,Python,DevOps,Javascript,HTML5,Angular.js,CSS3,React.js,Swagger,SOAP,Selenium,Postman,Project Manager
NoSQL,Java,Relational Databases,Python,.Net,DevOps,DevOps,Javascript,CSS3,HTML5,Selenium,React.js,Swagger,Postman,SOAP,Project Manager
HTML5,CSS3,Node.js,JSON,Javascript,MySQL,React.js,APIs,jQuery,Javascript,Search Experience Optimization (SXO),Angular.js,Github,Ember.js,Vue.js,Frontend developer
Javascript,CSS3,Java,CAD,HTML5,Figma,Agile Develpment,UI/ UX Design,Graphic Design,Adobe XD,,,,,,UX designer
Java,UML,Python,Ruby,Javascript,Go Lang,C,DevOps,HTML5,COBOL,CSS3,,,,,Web Architect
Javascript,Node.js,HTML5,CSS3,JSON,Javascript,APIs,MySQL,React.js,jQuery,Vue.js,Github,Search Experience Optimization (SXO),Angular.js,Ember.js,Frontend developer
Javascript,Ruby,Python,Java,UML,COBOL,HTML5,DevOps,Go Lang,C,CSS3,,,,,Web Architect
Operating System,Java,Software Development,Microsoft Excel,VB Script,HTML5,Javascript,JUnit,Testing,CSS3,Python,Appium,,,,The (quality) tester
Python,Ruby,Java,UML,Javascript,DevOps,HTML5,Go Lang,C,COBOL,CSS3,,,,,Web Architect
HTML5,CAD,CSS3,Java,Javascript,Adobe XD,Graphic Design,Agile Develpment,UI/ UX Design,Figma,,,,,,UX designer
Software Development,Microsoft Excel,Operating System,VB Script,Java,JUnit,Testing,HTML5,CSS3,Javascript,Python,Appium,,,,The (quality) tester
Javascript,CSS3,HTML5,Node.js,JSON,Javascript,React.js,MySQL,APIs,jQuery,Vue.js,Angular.js,Search Experience Optimization (SXO),Github,Ember.js,Frontend developer
CAD,CSS3,Java,HTML5,Javascript,Graphic Design,Agile Develpment,UI/ UX Design,Adobe XD,Figma,,,,,,UX designer
VB Script,Java,Microsoft Excel,Operating System,Software Development,CSS3,Javascript,Testing,HTML5,JUnit,Python,Appium,,,,The (quality) tester
Python,.Net,Java,Relational Databases,NoSQL,DevOps,HTML5,DevOps,Javascript,Angular.js,Postman,SOAP,React.js,Swagger,Selenium,Project Manager
MySQL,Perl,C#,Ruby,Node.js,Git,PHP,Java,SQL,Python,Flask,Javascript,CSS3,Django,HTML5,Backend developer
C#,Node.js,MySQL,Perl,Ruby,Java,Python,Git,PHP,SQL,CSS3,HTML5,Flask,Javascript,Django,Backend developer
Java,Python,.Net,NoSQL,Relational Databases,DevOps,CSS3,HTML5,Angular.js,Javascript,React.js,Postman,SOAP,Selenium,Swagger,Project Manager
Ruby,UML,Python,Javascript,Java,HTML5,C,DevOps,COBOL,Go Lang,CSS3,,,,,Web Architect
Software Development,Java,VB Script,Operating System,Microsoft Excel,JUnit,Javascript,CSS3,HTML5,Testing,Python,Appium,,,,The (quality) tester
Relational Databases,Python,Java,NoSQL,.Net,DevOps,CSS3,DevOps,Angular.js,HTML5,Swagger,Postman,React.js,Selenium,SOAP,Project Manager
Node.js,MySQL,C#,Perl,Ruby,Python,Git,Java,PHP,SQL,HTML5,Flask,CSS3,Javascript,Django,Backend developer
Java,.Net,Relational Databases,Python,NoSQL,DevOps,HTML5,Javascript,CSS3,Angular.js,React.js,SOAP,Swagger,Postman,Selenium,Project Manager
.Net,Relational Databases,NoSQL,Java,Python,DevOps,Javascript,Angular.js,DevOps,CSS3,SOAP,Swagger,Selenium,React.js,Postman,Project Manager
JSON,Javascript,HTML5,CSS3,Node.js,jQuery,Javascript,MySQL,React.js,APIs,Ember.js,Vue.js,Search Experience Optimization (SXO),Angular.js,Github,Frontend developer
CAD,HTML5,Java,CSS3,Javascript,Graphic Design,Adobe XD,UI/ UX Design,Agile Develpment,Figma,,,,,,UX designer
UML,Python,Ruby,Java,Javascript,C,DevOps,HTML5,Go Lang,COBOL,CSS3,,,,,Web Architect
Ruby,UML,Javascript,Python,Java,HTML5,C,COBOL,DevOps,Go Lang,CSS3,,,,,Web Architect
CSS3,Java,HTML5,Javascript,CAD,Agile Develpment,UI/ UX Design,Adobe XD,Figma,Graphic Design,,,,,,UX designer
UML,Javascript,Python,Ruby,Java,C,COBOL,DevOps,HTML5,Go Lang,CSS3,,,,,Web Architect
Ruby,Javascript,Python,Java,UML,HTML5,COBOL,DevOps,Go Lang,C,CSS3,,,,,Web Architect
Relational Databases,NoSQL,Java,.Net,Python,DevOps,Angular.js,DevOps,HTML5,CSS3,Swagger,Selenium,React.js,SOAP,Postman,Project Manager
Java,CAD,Javascript,HTML5,CSS3,UI/ UX Design,Graphic Design,Figma,Adobe XD,Agile Develpment,,,,,,UX designer
Software Development,Microsoft Excel,VB Script,Java,Operating System,JUnit,Testing,CSS3,Javascript,HTML5,Python,Appium,,,,The (quality) tester
Operating System,Software Development,Microsoft Excel,VB Script,Java,HTML5,JUnit,Testing,CSS3,Javascript,Python,Appium,,,,The (quality) tester
CSS3,JSON,HTML5,Node.js,Javascript,React.js,jQuery,MySQL,APIs,Javascript,Angular.js,Ember.js,Search Experience Optimization (SXO),Github,Vue.js,Frontend developer
MySQL,Ruby,Perl,Node.js,C#,Git,SQL,PHP,Python,Java,Flask,Django,Javascript,HTML5,CSS3,Backend developer
Javascript,CSS3,Node.js,JSON,HTML5,Javascript,React.js,APIs,jQuery,MySQL,Vue.js,Angular.js,Github,Ember.js,Search Experience Optimization (SXO),Frontend developer
Java,CAD,HTML5,Javascript,CSS3,UI/ UX Design,Graphic Design,Adobe XD,Figma,Agile Develpment,,,,,,UX designer
CSS3,HTML5,Java,CAD,Javascript,Agile Develpment,Adobe XD,UI/ UX Design,Graphic Design,Figma,,,,,,UX designer
Java,NoSQL,Relational Databases,Python,.Net,DevOps,Angular.js,Javascript,CSS3,HTML5,React.js,Selenium,Swagger,Postman,SOAP,Project Manager
JSON,CSS3,Node.js,Javascript,HTML5,jQuery,React.js,APIs,Javascript,MySQL,Ember.js,Angular.js,Github,Vue.js,Search Experience Optimization (SXO),Frontend developer
VB Script,Microsoft Excel,Java,Operating System,Software Development,CSS3,Testing,Javascript,HTML5,JUnit,Python,Appium,,,,The (quality) tester
Relational Databases,Python,NoSQL,Java,.Net,DevOps,CSS3,Angular.js,DevOps,HTML5,Swagger,Postman,Selenium,React.js,SOAP,Project Manager
Ruby,Node.js,C#,Perl,MySQL,SQL,Python,Java,PHP,Git,Django,HTML5,CSS3,Javascript,Flask,Backend developer
CSS3,Javascript,Node.js,JSON,HTML5,React.js,Javascript,APIs,jQuery,MySQL,Angular.js,Vue.js,Github,Ember.js,Search Experience Optimization (SXO),Frontend developer
Relational Databases,NoSQL,Java,Python,.Net,DevOps,Angular.js,DevOps,CSS3,HTML5,Swagger,Selenium,React.js,Postman,SOAP,Project Manager
CAD,Javascript,CSS3,Java,HTML5,Graphic Design,Figma,Agile Develpment,UI/ UX Design,Adobe XD,,,,,,UX designer
UML,Java,Python,Javascript,Ruby,C,Go Lang,DevOps,COBOL,HTML5,CSS3,,,,,Web Architect
VB Script,Microsoft Excel,Operating System,Java,Software Development,CSS3,Testing,HTML5,Javascript,JUnit,Python,Appium,,,,The (quality) tester
NoSQL,Relational Databases,.Net,Java,Python,DevOps,Javascript,HTML5,DevOps,CSS3,Selenium,Swagger,SOAP,React.js,Postman,Project Manager
Software Development,Java,VB Script,Microsoft Excel,Operating System,JUnit,Javascript,CSS3,Testing,HTML5,Python,Appium,,,,The (quality) tester
.Net,NoSQL,Java,Relational Databases,Python,DevOps,Angular.js,DevOps,Javascript,CSS3,SOAP,Selenium,React.js,Swagger,Postman,Project Manager
CSS3,HTML5,Node.js,JSON,Javascript,React.js,MySQL,APIs,jQuery,Javascript,Angular.js,Search Experience Optimization (SXO),Github,Ember.js,Vue.js,Frontend developer
Javascript,Node.js,JSON,HTML5,CSS3,Javascript,APIs,jQuery,MySQL,React.js,Vue.js,Github,Ember.js,Search Experience Optimization (SXO),Angular.js,Frontend developer
UML,Ruby,Java,Python,Javascript,C,HTML5,Go Lang,DevOps,COBOL,CSS3,,,,,Web Architect
Software Development,VB Script,Java,Operating System,Microsoft Excel,JUnit,CSS3,Javascript,HTML5,Testing,Python,Appium,,,,The (quality) tester
VB Script,Operating System,Software Development,Java,Microsoft Excel,CSS3,HTML5,JUnit,Javascript,Testing,Python,Appium,,,,The (quality) tester
MySQL,C#,Node.js,Ruby,Perl,Git,Java,Python,SQL,PHP,Flask,CSS3,HTML5,Django,Javascript,Backend developer
Ruby,Javascript,UML,Python,Java,HTML5,COBOL,C,DevOps,Go Lang,CSS3,,,,,Web Architect
Software Development,Java,Microsoft Excel,Operating System,VB Script,JUnit,Javascript,Testing,HTML5,CSS3,Python,Appium,,,,The (quality) tester
CSS3,HTML5,Javascript,JSON,Node.js,React.js,MySQL,Javascript,jQuery,APIs,Angular.js,Search Experience Optimization (SXO),Vue.js,Ember.js,Github,Frontend developer
Java,VB Script,Software Development,Operating System,Microsoft Excel,Javascript,CSS3,JUnit,HTML5,Testing,Python,Appium,,,,The (quality) tester
Javascript,Node.js,HTML5,JSON,CSS3,Javascript,APIs,MySQL,jQuery,React.js,Vue.js,Github,Search Experience Optimization (SXO),Ember.js,Angular.js,Frontend developer
VB Script,Java,Operating System,Software Development,Microsoft Excel,CSS3,Javascript,HTML5,JUnit,Testing,Python,Appium,,,,The (quality) tester
NoSQL,Relational Databases,.Net,Python,Java,DevOps,Javascript,HTML5,CSS3,DevOps,Selenium,Swagger,SOAP,Postman,React.js,Project Manager
HTML5,Node.js,JSON,Javascript,CSS3,MySQL,APIs,jQuery,Javascript,React.js,Search Experience Optimization (SXO),Github,Ember.js,Vue.js,Angular.js,Frontend developer
Node.js,C#,Ruby,Perl,MySQL,Python,Java,SQL,PHP,Git,HTML5,CSS3,Django,Javascript,Flask,Backend developer
Java,Microsoft Excel,Software Development,Operating System,VB Script,Javascript,Testing,JUnit,HTML5,CSS3,Python,Appium,,,,The (quality) tester
Java,Relational Databases,Python,.Net,NoSQL,DevOps,Javascript,CSS3,HTML5,Angular.js,React.js,Swagger,Postman,SOAP,Selenium,Project Manager
Java,Ruby,UML,Javascript,Python,Go Lang,HTML5,C,COBOL,DevOps,CSS3,,,,,Web Architect
MySQL,Ruby,C#,Node.js,Perl,Git,SQL,Java,Python,PHP,Flask,Django,CSS3,HTML5,Javascript,Backend developer
Software Development,Operating System,VB Script,Microsoft Excel,Java,JUnit,HTML5,CSS3,Testing,Javascript,Python,Appium,,,,The (quality) tester
Ruby,Node.js,Perl,MySQL,C#,SQL,Python,PHP,Git,Java,Django,HTML5,Javascript,Flask,CSS3,Backend developer
Python,Relational Databases,.Net,Java,NoSQL,DevOps,Javascript,HTML5,DevOps,Angular.js,Postman,Swagger,SOAP,React.js,Selenium,Project Manager
VB Script,Software Development,Microsoft Excel,Java,Operating System,CSS3,JUnit,Testing,Javascript,HTML5,Python,Appium,,,,The (quality) tester
Java,CSS3,CAD,Javascript,HTML5,UI/ UX Design,Agile Develpment,Graphic Design,Figma,Adobe XD,,,,,,UX designer
Node.js,Perl,Ruby,C#,MySQL,Python,PHP,SQL,Java,Git,HTML5,Javascript,Django,CSS3,Flask,Backend developer
C#,Perl,MySQL,Node.js,Ruby,Java,PHP,Git,Python,SQL,CSS3,Javascript,Flask,HTML5,Django,Backend developer
Java,Operating System,Software Development,VB Script,Microsoft Excel,Javascript,HTML5,JUnit,CSS3,Testing,Python,Appium,,,,The (quality) tester
Python,Relational Databases,.Net,NoSQL,Java,DevOps,Javascript,HTML5,Angular.js,DevOps,Postman,Swagger,SOAP,Selenium,React.js,Project Manager
Java,Javascript,CAD,HTML5,CSS3,UI/ UX Design,Figma,Graphic Design,Adobe XD,Agile Develpment,,,,,,UX designer
Java,Python,UML,Ruby,Javascript,Go Lang,DevOps,C,HTML5,COBOL,CSS3,,,,,Web Architect
Software Development,Microsoft Excel,VB Script,Operating System,Java,JUnit,Testing,CSS3,HTML5,Javascript,Python,Appium,,,,The (quality) tester
MySQL,C#,Ruby,Perl,Node.js,Git,Java,SQL,PHP,Python,Flask,CSS3,Django,Javascript,HTML5,Backend developer
.Net,NoSQL,Relational Databases,Java,Python,DevOps,Angular.js,Javascript,DevOps,CSS3,SOAP,Selenium,Swagger,React.js,Postman,Project Manager
Ruby,C#,MySQL,Node.js,Perl,SQL,Java,Git,Python,PHP,Django,CSS3,Flask,HTML5,Javascript,Backend developer
HTML5,Java,Javascript,CAD,CSS3,Adobe XD,UI/ UX Design,Figma,Graphic Design,Agile Develpment,,,,,,UX designer
Javascript,HTML5,CSS3,JSON,Node.js,Javascript,MySQL,React.js,jQuery,APIs,Vue.js,Search Experience Optimization (SXO),Angular.js,Ember.js,Github,Frontend developer
VB Script,Software Development,Operating System,Java,Microsoft Excel,CSS3,JUnit,HTML5,Javascript,Testing,Python,Appium,,,,The (quality) tester
.Net,Relational Databases,Python,Java,NoSQL,DevOps,Javascript,CSS3,DevOps,Angular.js,SOAP,Swagger,Postman,React.js,Selenium,Project Manager
MySQL,Perl,Node.js,Ruby,C#,Git,PHP,Python,SQL,Java,Flask,Javascript,HTML5,Django,CSS3,Backend developer
CAD,Javascript,HTML5,Java,CSS3,Graphic Design,Figma,Adobe XD,UI/ UX Design,Agile Develpment,,,,,,UX designer
Software Development,VB Script,Operating System,Java,Microsoft Excel,JUnit,CSS3,HTML5,Javascript,Testing,Python,Appium,,,,The (quality) tester
HTML5,Javascript,CSS3,Node.js,JSON,MySQL,Javascript,React.js,APIs,jQuery,Search Experience Optimization (SXO),Vue.js,Angular.js,Github,Ember.js,Frontend developer
MySQL,C#,Perl,Node.js,Ruby,Git,Java,PHP,Python,SQL,Flask,CSS3,Javascript,HTML5,Django,Backend developer
Perl,C#,Ruby,MySQL,Node.js,PHP,Java,SQL,Git,Python,Javascript,CSS3,Django,Flask,HTML5,Backend developer
Java,CAD,CSS3,Javascript,HTML5,UI/ UX Design,Graphic Design,Agile Develpment,Figma,Adobe XD,,,,,,UX designer
HTML5,Javascript,Java,CSS3,CAD,Adobe XD,Figma,UI/ UX Design,Agile Develpment,Graphic Design,,,,,,UX designer
Relational Databases,Python,Java,.Net,NoSQL,DevOps,CSS3,DevOps,HTML5,Angular.js,Swagger,Postman,React.js,SOAP,Selenium,Project Manager
Software Development,Microsoft Excel,Java,VB Script,Operating System,JUnit,Testing,Javascript,CSS3,HTML5,Python,Appium,,,,The (quality) tester
HTML5,Java,CAD,CSS3,Javascript,Adobe XD,UI/ UX Design,Graphic Design,Agile Develpment,Figma,,,,,,UX designer
Microsoft Excel,Software Development,Operating System,VB Script,Java,Testing,JUnit,HTML5,CSS3,Javascript,Python,Appium,,,,The (quality) tester
Microsoft Excel,VB Script,Software Development,Java,Operating System,Testing,CSS3,JUnit,Javascript,HTML5,Python,Appium,,,,The (quality) tester
Ruby,Node.js,MySQL,Perl,C#,SQL,Python,Git,PHP,Java,Django,HTML5,Flask,Javascript,CSS3,Backend developer
Relational Databases,.Net,Java,Python,NoSQL,DevOps,HTML5,DevOps,CSS3,Angular.js,Swagger,SOAP,React.js,Postman,Selenium,Project Manager
Operating System,VB Script,Java,Software Development,Microsoft Excel,HTML5,CSS3,Javascript,JUnit,Testing,Python,Appium,,,,The (quality) tester
VB Script,Software Development,Java,Microsoft Excel,Operating System,CSS3,JUnit,Javascript,Testing,HTML5,Python,Appium,,,,The (quality) tester
Perl,Ruby,MySQL,Node.js,C#,PHP,SQL,Git,Python,Java,Javascript,Django,Flask,HTML5,CSS3,Backend developer
C#,Node.js,Ruby,MySQL,Perl,Java,Python,SQL,Git,PHP,CSS3,HTML5,Django,Flask,Javascript,Backend developer
UML,Java,Python,Ruby,Javascript,C,Go Lang,DevOps,HTML5,COBOL,CSS3,,,,,Web Architect
Operating System,Software Development,VB Script,Microsoft Excel,Java,HTML5,JUnit,CSS3,Testing,Javascript,Python,Appium,,,,The (quality) tester
Javascript,JSON,CSS3,Node.js,HTML5,Javascript,jQuery,React.js,APIs,MySQL,Vue.js,Ember.js,Angular.js,Github,Search Experience Optimization (SXO),Frontend developer
Python,Java,Relational Databases,.Net,NoSQL,DevOps,DevOps,Javascript,HTML5,Angular.js,Postman,React.js,Swagger,SOAP,Selenium,Project Manager
Javascript,Python,Ruby,Java,UML,COBOL,DevOps,HTML5,Go Lang,C,CSS3,,,,,Web Architect
Java,NoSQL,.Net,Relational Databases,Python,DevOps,Angular.js,HTML5,Javascript,CSS3,React.js,Selenium,SOAP,Swagger,Postman,Project Manager
Javascript,Python,Java,Ruby,UML,COBOL,DevOps,Go Lang,HTML5,C,CSS3,,,,,Web Architect
Relational Databases,NoSQL,.Net,Python,Java,DevOps,Angular.js,HTML5,CSS3,DevOps,Swagger,Selenium,SOAP,Postman,React.js,Project Manager
Ruby,Javascript,Python,UML,Java,HTML5,COBOL,DevOps,C,Go Lang,CSS3,,,,,Web Architect
Java,VB Script,Operating System,Microsoft Excel,Software Development,Javascript,CSS3,HTML5,Testing,JUnit,Python,Appium,,,,The (quality) tester
C#,MySQL,Node.js,Ruby,Perl,Java,Git,Python,SQL,PHP,CSS3,Flask,HTML5,Django,Javascript,Backend developer
Relational Databases,NoSQL,.Net,Java,Python,DevOps,Angular.js,HTML5,DevOps,CSS3,Swagger,Selenium,SOAP,React.js,Postman,Project Manager
HTML5,JSON,Node.js,Javascript,CSS3,MySQL,jQuery,APIs,Javascript,React.js,Search Experience Optimization (SXO),Ember.js,Github,Vue.js,Angular.js,Frontend developer
Operating System,Software Development,Java,VB Script,Microsoft Excel,HTML5,JUnit,Javascript,CSS3,Testing,Python,Appium,,,,The (quality) tester
Python,Java,Javascript,Ruby,UML,DevOps,Go Lang,COBOL,HTML5,C,CSS3,,,,,Web Architect
Java,Relational Databases,.Net,Python,NoSQL,DevOps,Javascript,HTML5,CSS3,Angular.js,React.js,Swagger,SOAP,Postman,Selenium,Project Manager
Node.js,Ruby,C#,Perl,MySQL,Python,SQL,Java,PHP,Git,HTML5,Django,CSS3,Javascript,Flask,Backend developer
Python,Java,Ruby,Javascript,UML,DevOps,Go Lang,HTML5,COBOL,C,CSS3,,,,,Web Architect
Node.js,C#,MySQL,Perl,Ruby,Python,Java,Git,PHP,SQL,HTML5,CSS3,Flask,Javascript,Django,Backend developer
CSS3,CAD,Javascript,Java,HTML5,Agile Develpment,Graphic Design,Figma,UI/ UX Design,Adobe XD,,,,,,UX designer
Java,Operating System,Software Development,Microsoft Excel,VB Script,Javascript,HTML5,JUnit,Testing,CSS3,Python,Appium,,,,The (quality) tester
CSS3,Java,HTML5,CAD,Javascript,Agile Develpment,UI/ UX Design,Adobe XD,Graphic Design,Figma,,,,,,UX designer
Javascript,CAD,HTML5,Java,CSS3,Figma,Graphic Design,Adobe XD,UI/ UX Design,Agile Develpment,,,,,,UX designer
HTML5,CSS3,CAD,Java,Javascript,Adobe XD,Agile Develpment,Graphic Design,UI/ UX Design,Figma,,,,,,UX designer
Node.js,Perl,MySQL,Ruby,C#,Python,PHP,Git,SQL,Java,HTML5,Javascript,Flask,Django,CSS3,Backend developer
Javascript,Java,CSS3,CAD,HTML5,Figma,UI/ UX Design,Agile Develpment,Graphic Design,Adobe XD,,,,,,UX designer
CSS3,Node.js,JSON,Javascript,HTML5,React.js,APIs,jQuery,Javascript,MySQL,Angular.js,Github,Ember.js,Vue.js,Search Experience Optimization (SXO),Frontend developer
CSS3,Javascript,HTML5,JSON,Node.js,React.js,Javascript,MySQL,jQuery,APIs,Angular.js,Vue.js,Search Experience Optimization (SXO),Ember.js,Github,Frontend developer
C#,MySQL,Ruby,Node.js,Perl,Java,Git,SQL,Python,PHP,CSS3,Flask,Django,HTML5,Javascript,Backend developer
Relational Databases,Java,Python,.Net,NoSQL,DevOps,DevOps,CSS3,HTML5,Angular.js,Swagger,React.js,Postman,SOAP,Selenium,Project Manager
CSS3,Javascript,HTML5,Java,CAD,Agile Develpment,Figma,Adobe XD,UI/ UX Design,Graphic Design,,,,,,UX designer
UML,Java,Javascript,Ruby,Python,C,Go Lang,COBOL,HTML5,DevOps,CSS3,,,,,Web Architect
Node.js,Javascript,CSS3,HTML5,JSON,APIs,Javascript,React.js,MySQL,jQuery,Github,Vue.js,Angular.js,Search Experience Optimization (SXO),Ember.js,Frontend developer
Perl,C#,Node.js,MySQL,Ruby,PHP,Java,Python,Git,SQL,Javascript,CSS3,HTML5,Flask,Django,Backend developer
UML,Java,Javascript,Python,Ruby,C,Go Lang,COBOL,DevOps,HTML5,CSS3,,,,,Web Architect
CSS3,Javascript,Node.js,HTML5,JSON,React.js,Javascript,APIs,MySQL,jQuery,Angular.js,Vue.js,Github,Search Experience Optimization (SXO),Ember.js,Frontend developer
JSON,CSS3,HTML5,Node.js,Javascript,jQuery,React.js,MySQL,APIs,Javascript,Ember.js,Angular.js,Search Experience Optimization (SXO),Github,Vue.js,Frontend developer
Node.js,C#,Ruby,MySQL,Perl,Python,Java,SQL,Git,PHP,HTML5,CSS3,Django,Flask,Javascript,Backend developer
Javascript,Java,CSS3,HTML5,CAD,Figma,UI/ UX Design,Agile Develpment,Adobe XD,Graphic Design,,,,,,UX designer
Java,NoSQL,Python,Relational Databases,.Net,DevOps,Angular.js,CSS3,Javascript,HTML5,React.js,Selenium,Postman,Swagger,SOAP,Project Manager
Microsoft Excel,Operating System,Java,VB Script,Software Development,Testing,HTML5,Javascript,CSS3,JUnit,Python,Appium,,,,The (quality) tester
Ruby,Node.js,C#,MySQL,Perl,SQL,Python,Java,Git,PHP,Django,HTML5,CSS3,Flask,Javascript,Backend developer
Relational Databases,.Net,Python,NoSQL,Java,DevOps,HTML5,CSS3,Angular.js,DevOps,Swagger,SOAP,Postman,Selenium,React.js,Project Manager
Node.js,Javascript,HTML5,CSS3,JSON,APIs,Javascript,MySQL,React.js,jQuery,Github,Vue.js,Search Experience Optimization (SXO),Angular.js,Ember.js,Frontend developer
CSS3,Javascript,JSON,Node.js,HTML5,React.js,Javascript,jQuery,APIs,MySQL,Angular.js,Vue.js,Ember.js,Github,Search Experience Optimization (SXO),Frontend developer
Java,Javascript,CSS3,CAD,HTML5,UI/ UX Design,Figma,Agile Develpment,Graphic Design,Adobe XD,,,,,,UX designer
HTML5,JSON,Node.js,CSS3,Javascript,MySQL,jQuery,APIs,React.js,Javascript,Search Experience Optimization (SXO),Ember.js,Github,Angular.js,Vue.js,Frontend developer
CSS3,Node.js,Javascript,JSON,HTML5,React.js,APIs,Javascript,jQuery,MySQL,Angular.js,Github,Vue.js,Ember.js,Search Experience Optimization (SXO),Frontend developer
Relational Databases,Java,NoSQL,Python,.Net,DevOps,DevOps,Angular.js,CSS3,HTML5,Swagger,React.js,Selenium,Postman,SOAP,Project Manager
Javascript,Ruby,Python,UML,Java,COBOL,HTML5,DevOps,C,Go Lang,CSS3,,,,,Web Architect
HTML5,Javascript,Node.js,JSON,CSS3,MySQL,Javascript,APIs,jQuery,React.js,Search Experience Optimization (SXO),Vue.js,Github,Ember.js,Angular.js,Frontend developer
MySQL,Ruby,Node.js,C#,Perl,Git,SQL,Python,Java,PHP,Flask,Django,HTML5,CSS3,Javascript,Backend developer
CAD,Java,HTML5,Javascript,CSS3,Graphic Design,UI/ UX Design,Adobe XD,Figma,Agile Develpment,,,,,,UX designer
MySQL,Ruby,C#,Perl,Node.js,Git,SQL,Java,PHP,Python,Flask,Django,CSS3,Javascript,HTML5,Backend developer
Node.js,HTML5,Javascript,CSS3,JSON,APIs,MySQL,Javascript,React.js,jQuery,Github,Search Experience Optimization (SXO),Vue.js,Angular.js,Ember.js,Frontend developer
C#,Perl,Ruby,Node.js,MySQL,Java,PHP,SQL,Python,Git,CSS3,Javascript,Django,HTML5,Flask,Backend developer
Ruby,MySQL,C#,Node.js,Perl,SQL,Git,Java,Python,PHP,Django,Flask,CSS3,HTML5,Javascript,Backend developer
Node.js,JSON,CSS3,Javascript,HTML5,APIs,jQuery,React.js,Javascript,MySQL,Github,Ember.js,Angular.js,Vue.js,Search Experience Optimization (SXO),Frontend developer
Perl,MySQL,C#,Ruby,Node.js,PHP,Git,Java,SQL,Python,Javascript,Flask,CSS3,Django,HTML5,Backend developer
VB Script,Software Development,Operating System,Microsoft Excel,Java,CSS3,JUnit,HTML5,Testing,Javascript,Python,Appium,,,,The (quality) tester
JSON,CSS3,Javascript,Node.js,HTML5,jQuery,React.js,Javascript,APIs,MySQL,Ember.js,Angular.js,Vue.js,Github,Search Experience Optimization (SXO),Frontend developer
Javascript,Java,UML,Ruby,Python,COBOL,Go Lang,C,HTML5,DevOps,CSS3,,,,,Web Architect
Javascript,HTML5,CSS3,Node.js,JSON,Javascript,MySQL,React.js,APIs,jQuery,Vue.js,Search Experience Optimization (SXO),Angular.js,Github,Ember.js,Frontend developer
HTML5,Javascript,CAD,CSS3,Java,Adobe XD,Figma,Graphic Design,Agile Develpment,UI/ UX Design,,,,,,UX designer
Node.js,CSS3,Javascript,HTML5,JSON,APIs,React.js,Javascript,MySQL,jQuery,Github,Angular.js,Vue.js,Search Experience Optimization (SXO),Ember.js,Frontend developer
Java,UML,Python,Javascript,Ruby,Go Lang,C,DevOps,COBOL,HTML5,CSS3,,,,,Web Architect
Java,Operating System,VB Script,Software Development,Microsoft Excel,Javascript,HTML5,CSS3,JUnit,Testing,Python,Appium,,,,The (quality) tester
Microsoft Excel,Operating System,Software Development,VB Script,Java,Testing,HTML5,JUnit,CSS3,Javascript,Python,Appium,,,,The (quality) tester
Node.js,JSON,HTML5,CSS3,Javascript,APIs,jQuery,MySQL,React.js,Javascript,Github,Ember.js,Search Experience Optimization (SXO),Angular.js,Vue.js,Frontend developer
Microsoft Excel,Java,Software Development,VB Script,Operating System,Testing,Javascript,JUnit,CSS3,HTML5,Python,Appium,,,,The (quality) tester
Microsoft Excel,Operating System,VB Script,Software Development,Java,Testing,HTML5,CSS3,JUnit,Javascript,Python,Appium,,,,The (quality) tester
Javascript,JSON,Node.js,HTML5,CSS3,Javascript,jQuery,APIs,MySQL,React.js,Vue.js,Ember.js,Github,Search Experience Optimization (SXO),Angular.js,Frontend developer
Javascript,HTML5,CSS3,Java,CAD,Figma,Adobe XD,Agile Develpment,UI/ UX Design,Graphic Design,,,,,,UX designer
Java,.Net,NoSQL,Python,Relational Databases,DevOps,HTML5,Angular.js,CSS3,Javascript,React.js,SOAP,Selenium,Postman,Swagger,Project Manager
CSS3,Javascript,Java,CAD,HTML5,Agile Develpment,Figma,UI/ UX Design,Graphic Design,Adobe XD,,,,,,UX designer
UML,Java,Ruby,Javascript,Python,C,Go Lang,HTML5,COBOL,DevOps,CSS3,,,,,Web Architect
.Net,Relational Databases,Java,Python,NoSQL,DevOps,Javascript,DevOps,CSS3,Angular.js,SOAP,Swagger,React.js,Postman,Selenium,Project Manager
NoSQL,Python,.Net,Java,Relational Databases,DevOps,CSS3,HTML5,DevOps,Javascript,Selenium,Postman,SOAP,React.js,Swagger,Project Manager
CSS3,Java,CAD,Javascript,HTML5,Agile Develpment,UI/ UX Design,Graphic Design,Figma,Adobe XD,,,,,,UX designer
Javascript,Python,Ruby,UML,Java,COBOL,DevOps,HTML5,C,Go Lang,CSS3,,,,,Web Architect
Python,NoSQL,Relational Databases,Java,.Net,DevOps,Angular.js,Javascript,DevOps,HTML5,Postman,Selenium,Swagger,React.js,SOAP,Project Manager
.Net,Python,Relational Databases,Java,NoSQL,DevOps,CSS3,Javascript,DevOps,Angular.js,SOAP,Postman,Swagger,React.js,Selenium,Project Manager
Node.js,Ruby,MySQL,Perl,C#,Python,SQL,Git,PHP,Java,HTML5,Django,Flask,Javascript,CSS3,Backend developer
Javascript,CSS3,HTML5,JSON,Node.js,Javascript,React.js,MySQL,jQuery,APIs,Vue.js,Angular.js,Search Experience Optimization (SXO),Ember.js,Github,Frontend developer
Java,HTML5,CAD,CSS3,Javascript,UI/ UX Design,Adobe XD,Graphic Design,Agile Develpment,Figma,,,,,,UX designer
Python,NoSQL,.Net,Relational Databases,Java,DevOps,Angular.js,HTML5,Javascript,DevOps,Postman,Selenium,SOAP,Swagger,React.js,Project Manager
MySQL,Node.js,C#,Ruby,Perl,Git,Python,Java,SQL,PHP,Flask,HTML5,CSS3,Django,Javascript,Backend developer
CAD,Javascript,CSS3,HTML5,Java,Graphic Design,Figma,Agile Develpment,Adobe XD,UI/ UX Design,,,,,,UX designer
Ruby,Perl,MySQL,C#,Node.js,SQL,PHP,Git,Java,Python,Django,Javascript,Flask,CSS3,HTML5,Backend developer
C#,MySQL,Perl,Node.js,Ruby,Java,Git,PHP,Python,SQL,CSS3,Flask,Javascript,HTML5,Django,Backend developer
VB Script,Microsoft Excel,Software Development,Java,Operating System,CSS3,Testing,JUnit,Javascript,HTML5,Python,Appium,,,,The (quality) tester
HTML5,CAD,Java,Javascript,CSS3,Adobe XD,Graphic Design,UI/ UX Design,Figma,Agile Develpment,,,,,,UX designer
Node.js,HTML5,JSON,Javascript,CSS3,APIs,MySQL,jQuery,Javascript,React.js,Github,Search Experience Optimization (SXO),Ember.js,Vue.js,Angular.js,Frontend developer
Node.js,Ruby,Perl,MySQL,C#,Python,SQL,PHP,Git,Java,HTML5,Django,Javascript,Flask,CSS3,Backend developer
Python,Java,Javascript,UML,Ruby,DevOps,Go Lang,COBOL,C,HTML5,CSS3,,,,,Web Architect
C#,Ruby,Node.js,MySQL,Perl,Java,SQL,Python,Git,PHP,CSS3,Django,HTML5,Flask,Javascript,Backend developer
HTML5,CSS3,Javascript,Node.js,JSON,MySQL,React.js,Javascript,APIs,jQuery,Search Experience Optimization (SXO),Angular.js,Vue.js,Github,Ember.js,Frontend developer
NoSQL,Java,Python,.Net,Relational Databases,DevOps,DevOps,CSS3,HTML5,Javascript,Selenium,React.js,Postman,SOAP,Swagger,Project Manager
HTML5,CSS3,Javascript,CAD,Java,Adobe XD,Agile Develpment,Figma,Graphic Design,UI/ UX Design,,,,,,UX designer
CSS3,Java,Javascript,CAD,HTML5,Agile Develpment,UI/ UX Design,Figma,Graphic Design,Adobe XD,,,,,,UX designer
VB Script,Operating System,Java,Microsoft Excel,Software Development,CSS3,HTML5,Javascript,Testing,JUnit,Python,Appium,,,,The (quality) tester
Ruby,C#,Perl,Node.js,MySQL,SQL,Java,PHP,Python,Git,Django,CSS3,Javascript,HTML5,Flask,Backend developer
CSS3,CAD,HTML5,Javascript,Java,Agile Develpment,Graphic Design,Adobe XD,Figma,UI/ UX Design,,,,,,UX designer
.Net,Java,Relational Databases,NoSQL,Python,DevOps,DevOps,Javascript,Angular.js,CSS3,SOAP,React.js,Swagger,Selenium,Postman,Project Manager
Ruby,MySQL,Node.js,C#,Perl,SQL,Git,Python,Java,PHP,Django,Flask,HTML5,CSS3,Javascript,Backend developer
Javascript,CSS3,CAD,HTML5,Java,Figma,Agile Develpment,Graphic Design,Adobe XD,UI/ UX Design,,,,,,UX designer
Perl,Node.js,Ruby,MySQL,C#,PHP,Python,SQL,Git,Java,Javascript,HTML5,Django,Flask,CSS3,Backend developer
Operating System,VB Script,Software Development,Java,Microsoft Excel,HTML5,CSS3,JUnit,Javascript,Testing,Python,Appium,,,,The (quality) tester
CSS3,Java,Javascript,HTML5,CAD,Agile Develpment,UI/ UX Design,Figma,Adobe XD,Graphic Design,,,,,,UX designer
MySQL,C#,Node.js,Perl,Ruby,Git,Java,Python,PHP,SQL,Flask,CSS3,HTML5,Javascript,Django,Backend developer
CSS3,HTML5,Javascript,Java,CAD,Agile Develpment,Adobe XD,Figma,UI/ UX Design,Graphic Design,,,,,,UX designer
Relational Databases,Java,NoSQL,.Net,Python,DevOps,DevOps,Angular.js,HTML5,CSS3,Swagger,React.js,Selenium,SOAP,Postman,Project Manager
Relational Databases,NoSQL,Python,.Net,Java,DevOps,Angular.js,CSS3,HTML5,DevOps,Swagger,Selenium,Postman,SOAP,React.js,Project Manager
Relational Databases,Java,.Net,NoSQL,Python,DevOps,DevOps,HTML5,Angular.js,CSS3,Swagger,React.js,SOAP,Selenium,Postman,Project Manager
JSON,HTML5,Javascript,Node.js,CSS3,jQuery,MySQL,Javascript,APIs,React.js,Ember.js,Search Experience Optimization (SXO),Vue.js,Github,Angular.js,Frontend developer
UML,Python,Javascript,Java,Ruby,C,DevOps,COBOL,Go Lang,HTML5,CSS3,,,,,Web Architect
Java,Python,Javascript,UML,Ruby,Go Lang,DevOps,COBOL,C,HTML5,CSS3,,,,,Web Architect
JSON,Javascript,HTML5,Node.js,CSS3,jQuery,Javascript,MySQL,APIs,React.js,Ember.js,Vue.js,Search Experience Optimization (SXO),Github,Angular.js,Frontend developer
Python,UML,Javascript,Ruby,Java,DevOps,C,COBOL,HTML5,Go Lang,CSS3,,,,,Web Architect
Javascript,HTML5,Node.js,JSON,CSS3,Javascript,MySQL,APIs,jQuery,React.js,Vue.js,Search Experience Optimization (SXO),Github,Ember.js,Angular.js,Frontend developer
Perl,Node.js,C#,MySQL,Ruby,PHP,Python,Java,Git,SQL,Javascript,HTML5,CSS3,Flask,Django,Backend developer
JSON,CSS3,Node.js,HTML5,Javascript,jQuery,React.js,APIs,MySQL,Javascript,Ember.js,Angular.js,Github,Search Experience Optimization (SXO),Vue.js,Frontend developer
Javascript,Ruby,Java,UML,Python,COBOL,HTML5,Go Lang,C,DevOps,CSS3,,,,,Web Architect
Node.js,JSON,HTML5,Javascript,CSS3,APIs,jQuery,MySQL,Javascript,React.js,Github,Ember.js,Search Experience Optimization (SXO),Vue.js,Angular.js,Frontend developer
Java,Ruby,UML,Python,Javascript,Go Lang,HTML5,C,DevOps,COBOL,CSS3,,,,,Web Architect
Node.js,CSS3,JSON,HTML5,Javascript,APIs,React.js,jQuery,MySQL,Javascript,Github,Angular.js,Ember.js,Search Experience Optimization (SXO),Vue.js,Frontend developer
Java,CSS3,HTML5,CAD,Javascript,UI/ UX Design,Agile Develpment,Adobe XD,Graphic Design,Figma,,,,,,UX designer
Relational Databases,Python,.Net,NoSQL,Java,DevOps,CSS3,HTML5,Angular.js,DevOps,Swagger,Postman,SOAP,Selenium,React.js,Project Manager
Software Development,VB Script,Microsoft Excel,Operating System,Java,JUnit,CSS3,Testing,HTML5,Javascript,Python,Appium,,,,The (quality) tester
JSON,HTML5,Javascript,CSS3,Node.js,jQuery,MySQL,Javascript,React.js,APIs,Ember.js,Search Experience Optimization (SXO),Vue.js,Angular.js,Github,Frontend developer
Operating System,Microsoft Excel,VB Script,Software Development,Java,HTML5,Testing,CSS3,JUnit,Javascript,Python,Appium,,,,The (quality) tester
CAD,Java,CSS3,Javascript,HTML5,Graphic Design,UI/ UX Design,Agile Develpment,Figma,Adobe XD,,,,,,UX designer
Python,Java,.Net,Relational Databases,NoSQL,DevOps,DevOps,HTML5,Javascript,Angular.js,Postman,React.js,SOAP,Swagger,Selenium,Project Manager
Operating System,Java,Software Development,VB Script,Microsoft Excel,HTML5,Javascript,JUnit,CSS3,Testing,Python,Appium,,,,The (quality) tester
Java,Javascript,Ruby,Python,UML,Go Lang,COBOL,HTML5,DevOps,C,CSS3,,,,,Web Architect
Python,Javascript,UML,Java,Ruby,DevOps,COBOL,C,Go Lang,HTML5,CSS3,,,,,Web Architect
Python,Javascript,UML,Ruby,Java,DevOps,COBOL,C,HTML5,Go Lang,CSS3,,,,,Web Architect
Perl,C#,Node.js,Ruby,MySQL,PHP,Java,Python,SQL,Git,Javascript,CSS3,HTML5,Django,Flask,Backend developer
Python,Java,.Net,NoSQL,Relational Databases,DevOps,DevOps,HTML5,Angular.js,Javascript,Postman,React.js,SOAP,Selenium,Swagger,Project Manager
NoSQL,.Net,Java,Relational Databases,Python,DevOps,HTML5,DevOps,Javascript,CSS3,Selenium,SOAP,React.js,Swagger,Postman,Project Manager
Operating System,Microsoft Excel,Software Development,Java,VB Script,HTML5,Testing,JUnit,Javascript,CSS3,Python,Appium,,,,The (quality) tester
Operating System,VB Script,Microsoft Excel,Java,Software Development,HTML5,CSS3,Testing,Javascript,JUnit,Python,Appium,,,,The (quality) tester
Java,HTML5,CSS3,CAD,Javascript,UI/ UX Design,Adobe XD,Agile Develpment,Graphic Design,Figma,,,,,,UX designer
Java,Python,NoSQL,Relational Databases,.Net,DevOps,CSS3,Angular.js,Javascript,HTML5,React.js,Postman,Selenium,Swagger,SOAP,Project Manager
Python,UML,Ruby,Java,Javascript,DevOps,C,HTML5,Go Lang,COBOL,CSS3,,,,,Web Architect
Javascript,JSON,Node.js,CSS3,HTML5,Javascript,jQuery,APIs,React.js,MySQL,Vue.js,Ember.js,Github,Angular.js,Search Experience Optimization (SXO),Frontend developer
Software Development,Operating System,Java,Microsoft Excel,VB Script,JUnit,HTML5,Javascript,Testing,CSS3,Python,Appium,,,,The (quality) tester
VB Script,Software Development,Microsoft Excel,Operating System,Java,CSS3,JUnit,Testing,HTML5,Javascript,Python,Appium,,,,The (quality) tester
CAD,HTML5,Javascript,CSS3,Java,Graphic Design,Adobe XD,Figma,Agile Develpment,UI/ UX Design,,,,,,UX designer
Software Development,Java,Operating System,VB Script,Microsoft Excel,JUnit,Javascript,HTML5,CSS3,Testing,Python,Appium,,,,The (quality) tester
Java,Javascript,CSS3,HTML5,CAD,UI/ UX Design,Figma,Agile Develpment,Adobe XD,Graphic Design,,,,,,UX designer
Java,NoSQL,.Net,Python,Relational Databases,DevOps,Angular.js,HTML5,CSS3,Javascript,React.js,Selenium,SOAP,Postman,Swagger,Project Manager
Node.js,Ruby,MySQL,C#,Perl,Python,SQL,Git,Java,PHP,HTML5,Django,Flask,CSS3,Javascript,Backend developer
CSS3,HTML5,Node.js,Javascript,JSON,React.js,MySQL,APIs,Javascript,jQuery,Angular.js,Search Experience Optimization (SXO),Github,Vue.js,Ember.js,Frontend developer
Java,VB Script,Software Development,Microsoft Excel,Operating System,Javascript,CSS3,JUnit,Testing,HTML5,Python,Appium,,,,The (quality) tester
Relational Databases,.Net,NoSQL,Java,Python,DevOps,HTML5,Angular.js,DevOps,CSS3,Swagger,SOAP,Selenium,React.js,Postman,Project Manager
Python,Javascript,Ruby,UML,Java,DevOps,COBOL,HTML5,C,Go Lang,CSS3,,,,,Web Architect
Java,Microsoft Excel,Software Development,VB Script,Operating System,Javascript,Testing,JUnit,CSS3,HTML5,Python,Appium,,,,The (quality) tester
Node.js,JSON,Javascript,HTML5,CSS3,APIs,jQuery,Javascript,MySQL,React.js,Github,Ember.js,Vue.js,Search Experience Optimization (SXO),Angular.js,Frontend developer
Python,UML,Javascript,Java,Ruby,DevOps,C,COBOL,Go Lang,HTML5,CSS3,,,,,Web Architect
Java,VB Script,Operating System,Software Development,Microsoft Excel,Javascript,CSS3,HTML5,JUnit,Testing,Python,Appium,,,,The (quality) tester
Microsoft Excel,VB Script,Software Development,Operating System,Java,Testing,CSS3,JUnit,HTML5,Javascript,Python,Appium,,,,The (quality) tester
Microsoft Excel,Software Development,Operating System,Java,VB Script,Testing,JUnit,HTML5,Javascript,CSS3,Python,Appium,,,,The (quality) tester
Relational Databases,Python,NoSQL,.Net,Java,DevOps,CSS3,Angular.js,HTML5,DevOps,Swagger,Postman,Selenium,SOAP,React.js,Project Manager
HTML5,Javascript,CSS3,CAD,Java,Adobe XD,Figma,Agile Develpment,Graphic Design,UI/ UX Design,,,,,,UX designer
Java,Python,Ruby,Javascript,UML,Go Lang,DevOps,HTML5,COBOL,C,CSS3,,,,,Web Architect
Perl,Node.js,MySQL,Ruby,C#,PHP,Python,Git,SQL,Java,Javascript,HTML5,Flask,Django,CSS3,Backend developer
VB Script,Java,Software Development,Operating System,Microsoft Excel,CSS3,Javascript,JUnit,HTML5,Testing,Python,Appium,,,,The (quality) tester
Operating System,Software Development,Microsoft Excel,Java,VB Script,HTML5,JUnit,Testing,Javascript,CSS3,Python,Appium,,,,The (quality) tester
Node.js,Javascript,JSON,CSS3,HTML5,APIs,Javascript,jQuery,React.js,MySQL,Github,Vue.js,Ember.js,Angular.js,Search Experience Optimization (SXO),Frontend developer
CAD,CSS3,Java,Javascript,HTML5,Graphic Design,Agile Develpment,UI/ UX Design,Figma,Adobe XD,,,,,,UX designer
CAD,Javascript,Java,HTML5,CSS3,Graphic Design,Figma,UI/ UX Design,Adobe XD,Agile Develpment,,,,,,UX designer
Java,UML,Javascript,Ruby,Python,Go Lang,C,COBOL,HTML5,DevOps,CSS3,,,,,Web Architect
MySQL,Node.js,Ruby,C#,Perl,Git,Python,SQL,Java,PHP,Flask,HTML5,Django,CSS3,Javascript,Backend developer
Python,Java,NoSQL,Relational Databases,.Net,DevOps,DevOps,Angular.js,Javascript,HTML5,Postman,React.js,Selenium,Swagger,SOAP,Project Manager
Node.js,C#,Perl,Ruby,MySQL,Python,Java,PHP,SQL,Git,HTML5,CSS3,Javascript,Django,Flask,Backend developer
Ruby,MySQL,Perl,C#,Node.js,SQL,Git,PHP,Java,Python,Django,Flask,Javascript,CSS3,HTML5,Backend developer
Microsoft Excel,Operating System,Java,Software Development,VB Script,Testing,HTML5,Javascript,JUnit,CSS3,Python,Appium,,,,The (quality) tester
Software Development,Microsoft Excel,Java,Operating System,VB Script,JUnit,Testing,Javascript,HTML5,CSS3,Python,Appium,,,,The (quality) tester
Relational Databases,Java,Python,NoSQL,.Net,DevOps,DevOps,CSS3,Angular.js,HTML5,Swagger,React.js,Postman,Selenium,SOAP,Project Manager
Node.js,MySQL,Ruby,Perl,C#,Python,Git,SQL,PHP,Java,HTML5,Flask,Django,Javascript,CSS3,Backend developer
JSON,Node.js,Javascript,CSS3,HTML5,jQuery,APIs,Javascript,React.js,MySQL,Ember.js,Github,Vue.js,Angular.js,Search Experience Optimization (SXO),Frontend developer
NoSQL,.Net,Python,Relational Databases,Java,DevOps,HTML5,CSS3,Javascript,DevOps,Selenium,SOAP,Postman,Swagger,React.js,Project Manager
Java,Python,Relational Databases,.Net,NoSQL,DevOps,CSS3,Javascript,HTML5,Angular.js,React.js,Postman,Swagger,SOAP,Selenium,Project Manager
Relational Databases,.Net,Python,Java,NoSQL,DevOps,HTML5,CSS3,DevOps,Angular.js,Swagger,SOAP,Postman,React.js,Selenium,Project Manager
Perl,Ruby,C#,Node.js,MySQL,PHP,SQL,Java,Python,Git,Javascript,Django,CSS3,HTML5,Flask,Backend developer
Ruby,Java,Javascript,Python,UML,HTML5,Go Lang,COBOL,DevOps,C,CSS3,,,,,Web Architect
Microsoft Excel,Java,VB Script,Software Development,Operating System,Testing,Javascript,CSS3,JUnit,HTML5,Python,Appium,,,,The (quality) tester
Javascript,CAD,CSS3,Java,HTML5,Figma,Graphic Design,Agile Develpment,UI/ UX Design,Adobe XD,,,,,,UX designer
Python,Ruby,UML,Javascript,Java,DevOps,HTML5,C,COBOL,Go Lang,CSS3,,,,,Web Architect
Software Development,Java,Operating System,Microsoft Excel,VB Script,JUnit,Javascript,HTML5,Testing,CSS3,Python,Appium,,,,The (quality) tester
Node.js,CSS3,HTML5,JSON,Javascript,APIs,React.js,MySQL,jQuery,Javascript,Github,Angular.js,Search Experience Optimization (SXO),Ember.js,Vue.js,Frontend developer
Java,Javascript,Ruby,UML,Python,Go Lang,COBOL,HTML5,C,DevOps,CSS3,,,,,Web Architect
Perl,Node.js,Ruby,C#,MySQL,PHP,Python,SQL,Java,Git,Javascript,HTML5,Django,CSS3,Flask,Backend developer
Java,Software Development,Microsoft Excel,VB Script,Operating System,Javascript,JUnit,Testing,CSS3,HTML5,Python,Appium,,,,The (quality) tester
HTML5,CSS3,Node.js,Javascript,JSON,MySQL,React.js,APIs,Javascript,jQuery,Search Experience Optimization (SXO),Angular.js,Github,Vue.js,Ember.js,Frontend developer
HTML5,CAD,Java,CSS3,Javascript,Adobe XD,Graphic Design,UI/ UX Design,Agile Develpment,Figma,,,,,,UX designer
Node.js,CSS3,JSON,Javascript,HTML5,APIs,React.js,jQuery,Javascript,MySQL,Github,Angular.js,Ember.js,Vue.js,Search Experience Optimization (SXO),Frontend developer
Java,Software Development,Operating System,VB Script,Microsoft Excel,Javascript,JUnit,HTML5,CSS3,Testing,Python,Appium,,,,The (quality) tester
VB Script,Operating System,Software Development,Microsoft Excel,Java,CSS3,HTML5,JUnit,Testing,Javascript,Python,Appium,,,,The (quality) tester
Perl,Ruby,Node.js,MySQL,C#,PHP,SQL,Python,Git,Java,Javascript,Django,HTML5,Flask,CSS3,Backend developer
.Net,Java,Python,Relational Databases,NoSQL,DevOps,DevOps,CSS3,Javascript,Angular.js,SOAP,React.js,Postman,Swagger,Selenium,Project Manager
Javascript,HTML5,Java,CAD,CSS3,Figma,Adobe XD,UI/ UX Design,Graphic Design,Agile Develpment,,,,,,UX designer
Node.js,CSS3,HTML5,Javascript,JSON,APIs,React.js,MySQL,Javascript,jQuery,Github,Angular.js,Search Experience Optimization (SXO),Vue.js,Ember.js,Frontend developer
MySQL,Node.js,Ruby,Perl,C#,Git,Python,SQL,PHP,Java,Flask,HTML5,Django,Javascript,CSS3,Backend developer
Java,.Net,Python,NoSQL,Relational Databases,DevOps,HTML5,CSS3,Angular.js,Javascript,React.js,SOAP,Postman,Selenium,Swagger,Project Manager
Node.js,Javascript,HTML5,JSON,CSS3,APIs,Javascript,MySQL,jQuery,React.js,Github,Vue.js,Search Experience Optimization (SXO),Ember.js,Angular.js,Frontend developer
Node.js,CSS3,Javascript,JSON,HTML5,APIs,React.js,Javascript,jQuery,MySQL,Github,Angular.js,Vue.js,Ember.js,Search Experience Optimization (SXO),Frontend developer
Software Development,Operating System,Microsoft Excel,VB Script,Java,JUnit,HTML5,Testing,CSS3,Javascript,Python,Appium,,,,The (quality) tester
MySQL,Perl,Ruby,C#,Node.js,Git,PHP,SQL,Java,Python,Flask,Javascript,Django,CSS3,HTML5,Backend developer
HTML5,CSS3,JSON,Node.js,Javascript,MySQL,React.js,jQuery,APIs,Javascript,Search Experience Optimization (SXO),Angular.js,Ember.js,Github,Vue.js,Frontend developer
Ruby,Python,Javascript,Java,UML,HTML5,DevOps,COBOL,Go Lang,C,CSS3,,,,,Web Architect
Operating System,Java,VB Script,Microsoft Excel,Software Development,HTML5,Javascript,CSS3,Testing,JUnit,Python,Appium,,,,The (quality) tester
Software Development,Operating System,Java,VB Script,Microsoft Excel,JUnit,HTML5,Javascript,CSS3,Testing,Python,Appium,,,,The (quality) tester
Javascript,CSS3,Node.js,HTML5,JSON,Javascript,React.js,APIs,MySQL,jQuery,Vue.js,Angular.js,Github,Search Experience Optimization (SXO),Ember.js,Frontend developer
UML,Javascript,Ruby,Java,Python,C,COBOL,HTML5,Go Lang,DevOps,CSS3,,,,,Web Architect
HTML5,Java,CAD,Javascript,CSS3,Adobe XD,UI/ UX Design,Graphic Design,Figma,Agile Develpment,,,,,,UX designer
VB Script,Operating System,Microsoft Excel,Java,Software Development,CSS3,HTML5,Testing,Javascript,JUnit,Python,Appium,,,,The (quality) tester
HTML5,Node.js,JSON,CSS3,Javascript,MySQL,APIs,jQuery,React.js,Javascript,Search Experience Optimization (SXO),Github,Ember.js,Angular.js,Vue.js,Frontend developer
Javascript,Ruby,UML,Java,Python,COBOL,HTML5,C,Go Lang,DevOps,CSS3,,,,,Web Architect
UML,Javascript,Ruby,Python,Java,C,COBOL,HTML5,DevOps,Go Lang,CSS3,,,,,Web Architect
Node.js,Javascript,CSS3,JSON,HTML5,APIs,Javascript,React.js,jQuery,MySQL,Github,Vue.js,Angular.js,Ember.js,Search Experience Optimization (SXO),Frontend developer
Javascript,HTML5,CAD,Java,CSS3,Figma,Adobe XD,Graphic Design,UI/ UX Design,Agile Develpment,,,,,,UX designer
Operating System,Microsoft Excel,Java,VB Script,Software Development,HTML5,Testing,Javascript,CSS3,JUnit,Python,Appium,,,,The (quality) tester
Javascript,CAD,Java,CSS3,HTML5,Figma,Graphic Design,UI/ UX Design,Agile Develpment,Adobe XD,,,,,,UX designer
Relational Databases,Python,.Net,Java,NoSQL,DevOps,CSS3,HTML5,DevOps,Angular.js,Swagger,Postman,SOAP,React.js,Selenium,Project Manager
Microsoft Excel,Operating System,Software Development,Java,VB Script,Testing,HTML5,JUnit,Javascript,CSS3,Python,Appium,,,,The (quality) tester
MySQL,C#,Perl,Ruby,Node.js,Git,Java,PHP,SQL,Python,Flask,CSS3,Javascript,Django,HTML5,Backend developer
C#,Perl,MySQL,Ruby,Node.js,Java,PHP,Git,SQL,Python,CSS3,Javascript,Flask,Django,HTML5,Backend developer
CSS3,JSON,Javascript,Node.js,HTML5,React.js,jQuery,Javascript,APIs,MySQL,Angular.js,Ember.js,Vue.js,Github,Search Experience Optimization (SXO),Frontend developer
HTML5,Node.js,CSS3,Javascript,JSON,MySQL,APIs,React.js,Javascript,jQuery,Search Experience Optimization (SXO),Github,Angular.js,Vue.js,Ember.js,Frontend developer
HTML5,Javascript,Java,CAD,CSS3,Adobe XD,Figma,UI/ UX Design,Graphic Design,Agile Develpment,,,,,,UX designer
HTML5,Javascript,CSS3,JSON,Node.js,MySQL,Javascript,React.js,jQuery,APIs,Search Experience Optimization (SXO),Vue.js,Angular.js,Ember.js,Github,Frontend developer
Python,NoSQL,Java,.Net,Relational Databases,DevOps,Angular.js,DevOps,HTML5,Javascript,Postman,Selenium,React.js,SOAP,Swagger,Project Manager
JSON,Node.js,HTML5,Javascript,CSS3,jQuery,APIs,MySQL,Javascript,React.js,Ember.js,Github,Search Experience Optimization (SXO),Vue.js,Angular.js,Frontend developer
Java,Software Development,VB Script,Microsoft Excel,Operating System,Javascript,JUnit,CSS3,Testing,HTML5,Python,Appium,,,,The (quality) tester
Javascript,Java,Python,Ruby,UML,COBOL,Go Lang,DevOps,HTML5,C,CSS3,,,,,Web Architect
CAD,Java,Javascript,CSS3,HTML5,Graphic Design,UI/ UX Design,Figma,Agile Develpment,Adobe XD,,,,,,UX designer
Javascript,Ruby,Java,Python,UML,COBOL,HTML5,Go Lang,DevOps,C,CSS3,,,,,Web Architect
.Net,Python,Java,NoSQL,Relational Databases,DevOps,CSS3,DevOps,Angular.js,Javascript,SOAP,Postman,React.js,Selenium,Swagger,Project Manager
Javascript,Node.js,JSON,CSS3,HTML5,Javascript,APIs,jQuery,React.js,MySQL,Vue.js,Github,Ember.js,Angular.js,Search Experience Optimization (SXO),Frontend developer
Operating System,Java,Microsoft Excel,VB Script,Software Development,HTML5,Javascript,Testing,CSS3,JUnit,Python,Appium,,,,The (quality) tester
HTML5,CSS3,Javascript,Java,CAD,Adobe XD,Agile Develpment,Figma,UI/ UX Design,Graphic Design,,,,,,UX designer
NoSQL,Python,Java,Relational Databases,.Net,DevOps,CSS3,DevOps,Javascript,HTML5,Selenium,Postman,React.js,Swagger,SOAP,Project Manager
Java,.Net,Relational Databases,NoSQL,Python,DevOps,HTML5,Javascript,Angular.js,CSS3,React.js,SOAP,Swagger,Selenium,Postman,Project Manager
Javascript,Java,UML,Python,Ruby,COBOL,Go Lang,C,DevOps,HTML5,CSS3,,,,,Web Architect
Ruby,C#,MySQL,Perl,Node.js,SQL,Java,Git,PHP,Python,Django,CSS3,Flask,Javascript,HTML5,Backend developer
Ruby,UML,Python,Java,Javascript,HTML5,C,DevOps,Go Lang,COBOL,CSS3,,,,,Web Architect
Microsoft Excel,Java,Operating System,Software Development,VB Script,Testing,Javascript,HTML5,JUnit,CSS3,Python,Appium,,,,The (quality) tester
Ruby,Javascript,UML,Java,Python,HTML5,COBOL,C,Go Lang,DevOps,CSS3,,,,,Web Architect
HTML5,CAD,Javascript,CSS3,Java,Adobe XD,Graphic Design,Figma,Agile Develpment,UI/ UX Design,,,,,,UX designer
Operating System,Microsoft Excel,Software Development,VB Script,Java,HTML5,Testing,JUnit,CSS3,Javascript,Python,Appium,,,,The (quality) tester
.Net,Java,NoSQL,Python,Relational Databases,DevOps,DevOps,Angular.js,CSS3,Javascript,SOAP,React.js,Selenium,Postman,Swagger,Project Manager
NoSQL,Python,.Net,Relational Databases,Java,DevOps,CSS3,HTML5,Javascript,DevOps,Selenium,Postman,SOAP,Swagger,React.js,Project Manager
NoSQL,Python,Relational Databases,.Net,Java,DevOps,CSS3,Javascript,HTML5,DevOps,Selenium,Postman,Swagger,SOAP,React.js,Project Manager
Python,Java,UML,Ruby,Javascript,DevOps,Go Lang,C,HTML5,COBOL,CSS3,,,,,Web Architect
VB Script,Microsoft Excel,Java,Software Development,Operating System,CSS3,Testing,Javascript,JUnit,HTML5,Python,Appium,,,,The (quality) tester
.Net,Java,Python,NoSQL,Relational Databases,DevOps,DevOps,CSS3,Angular.js,Javascript,SOAP,React.js,Postman,Selenium,Swagger,Project Manager
Javascript,Java,CAD,HTML5,CSS3,Figma,UI/ UX Design,Graphic Design,Adobe XD,Agile Develpment,,,,,,UX designer
.Net,Relational Databases,Python,NoSQL,Java,DevOps,Javascript,CSS3,Angular.js,DevOps,SOAP,Swagger,Postman,Selenium,React.js,Project Manager
HTML5,JSON,CSS3,Javascript,Node.js,MySQL,jQuery,React.js,Javascript,APIs,Search Experience Optimization (SXO),Ember.js,Angular.js,Vue.js,Github,Frontend developer
CSS3,Javascript,JSON,HTML5,Node.js,React.js,Javascript,jQuery,MySQL,APIs,Angular.js,Vue.js,Ember.js,Search Experience Optimization (SXO),Github,Frontend developer
Java,Ruby,Javascript,UML,Python,Go Lang,HTML5,COBOL,C,DevOps,CSS3,,,,,Web Architect
Software Development,VB Script,Microsoft Excel,Java,Operating System,JUnit,CSS3,Testing,Javascript,HTML5,Python,Appium,,,,The (quality) tester
Javascript,HTML5,JSON,CSS3,Node.js,Javascript,MySQL,jQuery,React.js,APIs,Vue.js,Search Experience Optimization (SXO),Ember.js,Angular.js,Github,Frontend developer
CSS3,JSON,Javascript,HTML5,Node.js,React.js,jQuery,Javascript,MySQL,APIs,Angular.js,Ember.js,Vue.js,Search Experience Optimization (SXO),Github,Frontend developer
NoSQL,Relational Databases,Java,Python,.Net,DevOps,Javascript,DevOps,CSS3,HTML5,Selenium,Swagger,React.js,Postman,SOAP,Project Manager
C#,Perl,Node.js,MySQL,Ruby,Java,PHP,Python,Git,SQL,CSS3,Javascript,HTML5,Flask,Django,Backend developer
JSON,HTML5,Node.js,CSS3,Javascript,jQuery,MySQL,APIs,React.js,Javascript,Ember.js,Search Experience Optimization (SXO),Github,Angular.js,Vue.js,Frontend developer
MySQL,Node.js,Perl,Ruby,C#,Git,Python,PHP,SQL,Java,Flask,HTML5,Javascript,Django,CSS3,Backend developer
Ruby,Java,UML,Javascript,Python,HTML5,Go Lang,C,COBOL,DevOps,CSS3,,,,,Web Architect
NoSQL,Python,Relational Databases,Java,.Net,DevOps,CSS3,Javascript,DevOps,HTML5,Selenium,Postman,Swagger,React.js,SOAP,Project Manager
Java,NoSQL,Relational Databases,.Net,Python,DevOps,Angular.js,Javascript,HTML5,CSS3,React.js,Selenium,Swagger,SOAP,Postman,Project Manager
Software Development,Operating System,VB Script,Java,Microsoft Excel,JUnit,HTML5,CSS3,Javascript,Testing,Python,Appium,,,,The (quality) tester
Microsoft Excel,Java,Operating System,VB Script,Software Development,Testing,Javascript,HTML5,CSS3,JUnit,Python,Appium,,,,The (quality) tester
C#,MySQL,Perl,Ruby,Node.js,Java,Git,PHP,SQL,Python,CSS3,Flask,Javascript,Django,HTML5,Backend developer
Python,NoSQL,Relational Databases,.Net,Java,DevOps,Angular.js,Javascript,HTML5,DevOps,Postman,Selenium,Swagger,SOAP,React.js,Project Manager
CSS3,Javascript,CAD,Java,HTML5,Agile Develpment,Figma,Graphic Design,UI/ UX Design,Adobe XD,,,,,,UX designer
Java,HTML5,CAD,Javascript,CSS3,UI/ UX Design,Adobe XD,Graphic Design,Figma,Agile Develpment,,,,,,UX designer
Javascript,UML,Python,Ruby,Java,COBOL,C,DevOps,HTML5,Go Lang,CSS3,,,,,Web Architect
Perl,Ruby,Node.js,C#,MySQL,PHP,SQL,Python,Java,Git,Javascript,Django,HTML5,CSS3,Flask,Backend developer
CSS3,HTML5,CAD,Javascript,Java,Agile Develpment,Adobe XD,Graphic Design,Figma,UI/ UX Design,,,,,,UX designer
HTML5,Javascript,CSS3,Java,CAD,Adobe XD,Figma,Agile Develpment,UI/ UX Design,Graphic Design,,,,,,UX designer
Ruby,Perl,Node.js,MySQL,C#,SQL,PHP,Python,Git,Java,Django,Javascript,HTML5,Flask,CSS3,Backend developer
Python,NoSQL,.Net,Java,Relational Databases,DevOps,Angular.js,HTML5,DevOps,Javascript,Postman,Selenium,SOAP,React.js,Swagger,Project Manager
CSS3,CAD,Java,HTML5,Javascript,Agile Develpment,Graphic Design,UI/ UX Design,Adobe XD,Figma,,,,,,UX designer
Javascript,HTML5,JSON,Node.js,CSS3,Javascript,MySQL,jQuery,APIs,React.js,Vue.js,Search Experience Optimization (SXO),Ember.js,Github,Angular.js,Frontend developer
CAD,HTML5,CSS3,Javascript,Java,Graphic Design,Adobe XD,Agile Develpment,Figma,UI/ UX Design,,,,,,UX designer
.Net,Python,Java,Relational Databases,NoSQL,DevOps,CSS3,DevOps,Javascript,Angular.js,SOAP,Postman,React.js,Swagger,Selenium,Project Manager
CSS3,HTML5,CAD,Java,Javascript,Agile Develpment,Adobe XD,Graphic Design,UI/ UX Design,Figma,,,,,,UX designer
HTML5,JSON,Javascript,CSS3,Node.js,MySQL,jQuery,Javascript,React.js,APIs,Search Experience Optimization (SXO),Ember.js,Vue.js,Angular.js,Github,Frontend developer
Python,.Net,Java,NoSQL,Relational Databases,DevOps,HTML5,DevOps,Angular.js,Javascript,Postman,SOAP,React.js,Selenium,Swagger,Project Manager
Java,UML,Ruby,Python,Javascript,Go Lang,C,HTML5,DevOps,COBOL,CSS3,,,,,Web Architect
MySQL,Node.js,C#,Perl,Ruby,Git,Python,Java,PHP,SQL,Flask,HTML5,CSS3,Javascript,Django,Backend developer
Python,Relational Databases,NoSQL,Java,.Net,DevOps,Javascript,Angular.js,DevOps,HTML5,Postman,Swagger,Selenium,React.js,SOAP,Project Manager
.Net,NoSQL,Python,Java,Relational Databases,DevOps,Angular.js,CSS3,DevOps,Javascript,SOAP,Selenium,Postman,React.js,Swagger,Project Manager
.Net,Relational Databases,Java,NoSQL,Python,DevOps,Javascript,DevOps,Angular.js,CSS3,SOAP,Swagger,React.js,Selenium,Postman,Project Manager
Java,Ruby,Javascript,Python,UML,Go Lang,HTML5,COBOL,DevOps,C,CSS3,,,,,Web Architect
Javascript,CSS3,JSON,Node.js,HTML5,Javascript,React.js,jQuery,APIs,MySQL,Vue.js,Angular.js,Ember.js,Github,Search Experience Optimization (SXO),Frontend developer
Java,CSS3,Javascript,HTML5,CAD,UI/ UX Design,Agile Develpment,Figma,Adobe XD,Graphic Design,,,,,,UX designer
NoSQL,Java,Relational Databases,.Net,Python,DevOps,DevOps,Javascript,HTML5,CSS3,Selenium,React.js,Swagger,SOAP,Postman,Project Manager
JSON,HTML5,CSS3,Node.js,Javascript,jQuery,MySQL,React.js,APIs,Javascript,Ember.js,Search Experience Optimization (SXO),Angular.js,Github,Vue.js,Frontend developer
CAD,Javascript,HTML5,CSS3,Java,Graphic Design,Figma,Adobe XD,Agile Develpment,UI/ UX Design,,,,,,UX designer
Software Development,VB Script,Operating System,Microsoft Excel,Java,JUnit,CSS3,HTML5,Testing,Javascript,Python,Appium,,,,The (quality) tester
Python,.Net,NoSQL,Relational Databases,Java,DevOps,HTML5,Angular.js,Javascript,DevOps,Postman,SOAP,Selenium,Swagger,React.js,Project Manager
Software Development,Microsoft Excel,Operating System,Java,VB Script,JUnit,Testing,HTML5,Javascript,CSS3,Python,Appium,,,,The (quality) tester
JSON,HTML5,CSS3,Javascript,Node.js,jQuery,MySQL,React.js,Javascript,APIs,Ember.js,Search Experience Optimization (SXO),Angular.js,Vue.js,Github,Frontend developer
Java,HTML5,Javascript,CSS3,CAD,UI/ UX Design,Adobe XD,Figma,Agile Develpment,Graphic Design,,,,,,UX designer
Python,Java,Ruby,UML,Javascript,DevOps,Go Lang,HTML5,C,COBOL,CSS3,,,,,Web Architect
C#,Perl,Node.js,Ruby,MySQL,Java,PHP,Python,SQL,Git,CSS3,Javascript,HTML5,Django,Flask,Backend developer
Node.js,MySQL,Perl,Ruby,C#,Python,Git,PHP,SQL,Java,HTML5,Flask,Javascript,Django,CSS3,Backend developer
Java,Python,UML,Javascript,Ruby,Go Lang,DevOps,C,COBOL,HTML5,CSS3,,,,,Web Architect
CSS3,HTML5,JSON,Javascript,Node.js,React.js,MySQL,jQuery,Javascript,APIs,Angular.js,Search Experience Optimization (SXO),Ember.js,Vue.js,Github,Frontend developer
Java,Microsoft Excel,Operating System,Software Development,VB Script,Javascript,Testing,HTML5,JUnit,CSS3,Python,Appium,,,,The (quality) tester
Python,.Net,NoSQL,Java,Relational Databases,DevOps,HTML5,Angular.js,DevOps,Javascript,Postman,SOAP,Selenium,React.js,Swagger,Project Manager
Javascript,CSS3,HTML5,Java,CAD,Figma,Agile Develpment,Adobe XD,UI/ UX Design,Graphic Design,,,,,,UX designer
UML,Java,Ruby,Python,Javascript,C,Go Lang,HTML5,DevOps,COBOL,CSS3,,,,,Web Architect
Node.js,HTML5,CSS3,Javascript,JSON,APIs,MySQL,React.js,Javascript,jQuery,Github,Search Experience Optimization (SXO),Angular.js,Vue.js,Ember.js,Frontend developer
Ruby,MySQL,Node.js,Perl,C#,SQL,Git,Python,PHP,Java,Django,Flask,HTML5,Javascript,CSS3,Backend developer
Java,Software Development,Operating System,Microsoft Excel,VB Script,Javascript,JUnit,HTML5,Testing,CSS3,Python,Appium,,,,The (quality) tester
Java,Operating System,Microsoft Excel,Software Development,VB Script,Javascript,HTML5,Testing,JUnit,CSS3,Python,Appium,,,,The (quality) tester
Java,NoSQL,Python,.Net,Relational Databases,DevOps,Angular.js,CSS3,HTML5,Javascript,React.js,Selenium,Postman,SOAP,Swagger,Project Manager
HTML5,JSON,Javascript,Node.js,CSS3,MySQL,jQuery,Javascript,APIs,React.js,Search Experience Optimization (SXO),Ember.js,Vue.js,Github,Angular.js,Frontend developer
HTML5,Java,Javascript,CSS3,CAD,Adobe XD,UI/ UX Design,Figma,Agile Develpment,Graphic Design,,,,,,UX designer
C#,Ruby,MySQL,Perl,Node.js,Java,SQL,Git,PHP,Python,CSS3,Django,Flask,Javascript,HTML5,Backend developer
NoSQL,Relational Databases,Java,.Net,Python,DevOps,Javascript,DevOps,HTML5,CSS3,Selenium,Swagger,React.js,SOAP,Postman,Project Manager
Perl,Ruby,C#,MySQL,Node.js,PHP,SQL,Java,Git,Python,Javascript,Django,CSS3,Flask,HTML5,Backend developer
Perl,C#,Ruby,Node.js,MySQL,PHP,Java,SQL,Python,Git,Javascript,CSS3,Django,HTML5,Flask,Backend developer
HTML5,Javascript,JSON,CSS3,Node.js,MySQL,Javascript,jQuery,React.js,APIs,Search Experience Optimization (SXO),Vue.js,Ember.js,Angular.js,Github,Frontend developer
NoSQL,.Net,Python,Java,Relational Databases,DevOps,HTML5,CSS3,DevOps,Javascript,Selenium,SOAP,Postman,React.js,Swagger,Project Manager
C#,MySQL,Node.js,Perl,Ruby,Java,Git,Python,PHP,SQL,CSS3,Flask,HTML5,Javascript,Django,Backend developer
HTML5,CSS3,Javascript,JSON,Node.js,MySQL,React.js,Javascript,jQuery,APIs,Search Experience Optimization (SXO),Angular.js,Vue.js,Ember.js,Github,Frontend developer
Javascript,HTML5,Node.js,CSS3,JSON,Javascript,MySQL,APIs,React.js,jQuery,Vue.js,Search Experience Optimization (SXO),Github,Angular.js,Ember.js,Frontend developer
Node.js,Ruby,Perl,C#,MySQL,Python,SQL,PHP,Java,Git,HTML5,Django,Javascript,CSS3,Flask,Backend developer
Operating System,VB Script,Java,Microsoft Excel,Software Development,HTML5,CSS3,Javascript,Testing,JUnit,Python,Appium,,,,The (quality) tester
Node.js,C#,MySQL,Ruby,Perl,Python,Java,Git,SQL,PHP,HTML5,CSS3,Flask,Django,Javascript,Backend developer
Ruby,Java,Javascript,UML,Python,HTML5,Go Lang,COBOL,C,DevOps,CSS3,,,,,Web Architect
Java,CSS3,HTML5,Javascript,CAD,UI/ UX Design,Agile Develpment,Adobe XD,Figma,Graphic Design,,,,,,UX designer
Ruby,UML,Java,Javascript,Python,HTML5,C,Go Lang,COBOL,DevOps,CSS3,,,,,Web Architect
Javascript,JSON,CSS3,HTML5,Node.js,Javascript,jQuery,React.js,MySQL,APIs,Vue.js,Ember.js,Angular.js,Search Experience Optimization (SXO),Github,Frontend developer
Javascript,UML,Java,Ruby,Python,COBOL,C,Go Lang,HTML5,DevOps,CSS3,,,,,Web Architect
Node.js,Perl,MySQL,C#,Ruby,Python,PHP,Git,Java,SQL,HTML5,Javascript,Flask,CSS3,Django,Backend developer
HTML5,CAD,Javascript,Java,CSS3,Adobe XD,Graphic Design,Figma,UI/ UX Design,Agile Develpment,,,,,,UX designer
Ruby,C#,Node.js,MySQL,Perl,SQL,Java,Python,Git,PHP,Django,CSS3,HTML5,Flask,Javascript,Backend developer
Ruby,UML,Java,Python,Javascript,HTML5,C,Go Lang,DevOps,COBOL,CSS3,,,,,Web Architect
.Net,NoSQL,Python,Relational Databases,Java,DevOps,Angular.js,CSS3,Javascript,DevOps,SOAP,Selenium,Postman,Swagger,React.js,Project Manager
Javascript,Ruby,UML,Python,Java,COBOL,HTML5,C,DevOps,Go Lang,CSS3,,,,,Web Architect
MySQL,Node.js,Perl,C#,Ruby,Git,Python,PHP,Java,SQL,Flask,HTML5,Javascript,CSS3,Django,Backend developer
UML,Javascript,Java,Ruby,Python,C,COBOL,Go Lang,HTML5,DevOps,CSS3,,,,,Web Architect
Ruby,Javascript,Java,UML,Python,HTML5,COBOL,Go Lang,C,DevOps,CSS3,,,,,Web Architect
Javascript,Java,Ruby,Python,UML,COBOL,Go Lang,HTML5,DevOps,C,CSS3,,,,,Web Architect
Python,Ruby,Java,Javascript,UML,DevOps,HTML5,Go Lang,COBOL,C,CSS3,,,,,Web Architect
Javascript,CAD,Java,HTML5,CSS3,Figma,Graphic Design,UI/ UX Design,Adobe XD,Agile Develpment,,,,,,UX designer
CSS3,HTML5,Java,Javascript,CAD,Agile Develpment,Adobe XD,UI/ UX Design,Figma,Graphic Design,,,,,,UX designer
NoSQL,Relational Databases,Python,.Net,Java,DevOps,Javascript,CSS3,HTML5,DevOps,Selenium,Swagger,Postman,SOAP,React.js,Project Manager
Java,Operating System,Microsoft Excel,VB Script,Software Development,Javascript,HTML5,Testing,CSS3,JUnit,Python,Appium,,,,The (quality) tester
CSS3,Node.js,JSON,HTML5,Javascript,React.js,APIs,jQuery,MySQL,Javascript,Angular.js,Github,Ember.js,Search Experience Optimization (SXO),Vue.js,Frontend developer
Perl,Node.js,C#,Ruby,MySQL,PHP,Python,Java,SQL,Git,Javascript,HTML5,CSS3,Django,Flask,Backend developer
Javascript,CSS3,HTML5,CAD,Java,Figma,Agile Develpment,Adobe XD,Graphic Design,UI/ UX Design,,,,,,UX designer
Microsoft Excel,VB Script,Operating System,Software Development,Java,Testing,CSS3,HTML5,JUnit,Javascript,Python,Appium,,,,The (quality) tester
JSON,Node.js,CSS3,HTML5,Javascript,jQuery,APIs,React.js,MySQL,Javascript,Ember.js,Github,Angular.js,Search Experience Optimization (SXO),Vue.js,Frontend developer
HTML5,CSS3,CAD,Javascript,Java,Adobe XD,Agile Develpment,Graphic Design,Figma,UI/ UX Design,,,,,,UX designer
Ruby,UML,Javascript,Java,Python,HTML5,C,COBOL,Go Lang,DevOps,CSS3,,,,,Web Architect
UML,Python,Ruby,Javascript,Java,C,DevOps,HTML5,COBOL,Go Lang,CSS3,,,,,Web Architect
Python,UML,Java,Ruby,Javascript,DevOps,C,Go Lang,HTML5,COBOL,CSS3,,,,,Web Architect
Python,Java,UML,Javascript,Ruby,DevOps,Go Lang,C,COBOL,HTML5,CSS3,,,,,Web Architect
Operating System,Software Development,Java,Microsoft Excel,VB Script,HTML5,JUnit,Javascript,Testing,CSS3,Python,Appium,,,,The (quality) tester
Java,HTML5,Javascript,CAD,CSS3,UI/ UX Design,Adobe XD,Figma,Graphic Design,Agile Develpment,,,,,,UX designer
Operating System,Microsoft Excel,VB Script,Java,Software Development,HTML5,Testing,CSS3,Javascript,JUnit,Python,Appium,,,,The (quality) tester
Javascript,CSS3,JSON,HTML5,Node.js,Javascript,React.js,jQuery,MySQL,APIs,Vue.js,Angular.js,Ember.js,Search Experience Optimization (SXO),Github,Frontend developer
Perl,MySQL,Node.js,Ruby,C#,PHP,Git,Python,SQL,Java,Javascript,Flask,HTML5,Django,CSS3,Backend developer
CSS3,Node.js,HTML5,Javascript,JSON,React.js,APIs,MySQL,Javascript,jQuery,Angular.js,Github,Search Experience Optimization (SXO),Vue.js,Ember.js,Frontend developer
MySQL,Perl,Ruby,Node.js,C#,Git,PHP,SQL,Python,Java,Flask,Javascript,Django,HTML5,CSS3,Backend developer
Node.js,MySQL,C#,Ruby,Perl,Python,Git,Java,SQL,PHP,HTML5,Flask,CSS3,Django,Javascript,Backend developer
HTML5,CSS3,JSON,Javascript,Node.js,MySQL,React.js,jQuery,Javascript,APIs,Search Experience Optimization (SXO),Angular.js,Ember.js,Vue.js,Github,Frontend developer
Java,Microsoft Excel,VB Script,Operating System,Software Development,Javascript,Testing,CSS3,HTML5,JUnit,Python,Appium,,,,The (quality) tester
C#,Node.js,Perl,Ruby,MySQL,Java,Python,PHP,SQL,Git,CSS3,HTML5,Javascript,Django,Flask,Backend developer
CSS3,CAD,Javascript,HTML5,Java,Agile Develpment,Graphic Design,Figma,Adobe XD,UI/ UX Design,,,,,,UX designer
NoSQL,.Net,Java,Python,Relational Databases,DevOps,HTML5,DevOps,CSS3,Javascript,Selenium,SOAP,React.js,Postman,Swagger,Project Manager
VB Script,Operating System,Microsoft Excel,Software Development,Java,CSS3,HTML5,Testing,JUnit,Javascript,Python,Appium,,,,The (quality) tester
CSS3,JSON,Node.js,Javascript,HTML5,React.js,jQuery,APIs,Javascript,MySQL,Angular.js,Ember.js,Github,Vue.js,Search Experience Optimization (SXO),Frontend developer
HTML5,Node.js,Javascript,JSON,CSS3,MySQL,APIs,Javascript,jQuery,React.js,Search Experience Optimization (SXO),Github,Vue.js,Ember.js,Angular.js,Frontend developer
Python,Javascript,Java,UML,Ruby,DevOps,COBOL,Go Lang,C,HTML5,CSS3,,,,,Web Architect
MySQL,Perl,C#,Node.js,Ruby,Git,PHP,Java,Python,SQL,Flask,Javascript,CSS3,HTML5,Django,Backend developer
C#,MySQL,Ruby,Perl,Node.js,Java,Git,SQL,PHP,Python,CSS3,Flask,Django,Javascript,HTML5,Backend developer
VB Script,Microsoft Excel,Operating System,Software Development,Java,CSS3,Testing,HTML5,JUnit,Javascript,Python,Appium,,,,The (quality) tester
NoSQL,Python,Java,.Net,Relational Databases,DevOps,CSS3,DevOps,HTML5,Javascript,Selenium,Postman,React.js,SOAP,Swagger,Project Manager
,,,,,,,,,,,,,,,
,,,,,,,,,,,,,,,
,,,,,,,,,,,,,,,
,,,,,,,,,,,,,,,
,,,,,,,,,,,,,,,
,,,,,,,,,,,,,,,
,,,,,,,,,,,,,,,
,,,,,,,,,,,,,,,
,,,,,,,,,,,,,,,
,,,,,,,,,,,,,,,
,,,,,,,,,,,,,,,
,,,,,,,,,,,,,,,
,,,,,,,,,,,,,,,
,,,,,,,,,,,,,,,
,,,,,,,,,,,,,,,
,,,,,,,,,,,,,,,
,,,,,,,,,,,,,,,
,,,,,,,,,,,,,,,
,,,,,,,,,,,,,,,
,,,,,,,,,,,,,,,
,,,,,,,,,,,,,,,
,,,,,,,,,,,,,,,
,,,,,,,,,,,,,,,
,,,,,,,,,,,,,,,
,,,,,,,,,,,,,,,
,,,,,,,,,,,,,,,
,,,,,,,,,,,,,,,
,,,,,,,,,,,,,,,
,,,,,,,,,,,,,,,
,,,,,,,,,,,,,,,
,,,,,,,,,,,,,,,
,,,,,,,,,,,,,,,
,,,,,,,,,,,,,,,
,,,,,,,,,,,,,,,
,,,,,,,,,,,,,,,
,,,,,,,,,,,,,,,
,,,,,,,,,,,,,,,
,,,,,,,,,,,,,,,
,,,,,,,,,,,,,,,
,,,,,,,,,,,,,,,
