Adobe Photoshop,Python,HTML5,video editing,C++,Typography,Graphic design,User Interface design,Visual communication,Problem Solving,Java,PHP,,,,Graphic Designer
C++,Adobe Photoshop,Python,video editing,HTML5,Problem Solving,Typography,Graphic design,Visual communication,User Interface design,PHP,Java,,,,Graphic Designer
CSS3,Wireframing,PHP,Prototyping,HTML5,Analytics,Typography,Agile Development,Javascript,Java,User Interface design,Interaction design,,,,UI Designer
Prototyping,CSS3,Wireframing,PHP,HTML5,Javascript,Analytics,Typography,Agile Development,Java,Interaction design,User Interface design,,,,UI Designer
video editing,HTML5,Adobe Photoshop,Python,C++,Visual communication,User Interface design,Typography,Graphic design,Problem Solving,PHP,Java,,,,Graphic Designer
video editing,HTML5,C++,Adobe Photoshop,Python,Visual communication,User Interface design,Problem Solving,Typography,Graphic design,PHP,Java,,,,Graphic Designer
video editing,C++,Adobe Photoshop,HTML5,Python,Visual communication,Problem Solving,Typography,User Interface design,Graphic design,PHP,Java,,,,Graphic Designer
Adobe Photoshop,video editing,Python,C++,HTML5,Typography,Visual communication,Graphic design,Problem Solving,User Interface design,PHP,Java,,,,Graphic Designer
HTML5,Prototyping,CSS3,Wireframing,PHP,Java,Javascript,Analytics,Typography,Agile Development,Interaction design,User Interface design,,,,UI Designer
Python,C++,HTML5,Adobe Photoshop,video editing,Graphic design,Problem Solving,User Interface design,Typography,Visual communication,PHP,Java,,,,Graphic Designer
Python,HTML5,video editing,C++,Adobe Photoshop,Graphic design,User Interface design,Visual communication,Problem Solving,Typography,Java,PHP,,,,Graphic Designer
CSS3,Prototyping,HTML5,PHP,Wireframing,Analytics,Javascript,Java,Agile Development,Typography,Interaction design,User Interface design,,,,UI Designer
Adobe Photoshop,video editing,Python,HTML5,C++,Typography,Visual communication,Graphic design,User Interface design,Problem Solving,Java,PHP,,,,Graphic Designer
Python,Adobe Photoshop,HTML5,video editing,C++,Graphic design,Typography,User Interface design,Visual communication,Problem Solving,PHP,Java,,,,Graphic Designer
Prototyping,Wireframing,PHP,CSS3,HTML5,Javascript,Typography,Agile Development,Analytics,Java,Interaction design,User Interface design,,,,UI Designer
Adobe Photoshop,HTML5,Python,C++,video editing,Typography,User Interface design,Graphic design,Problem Solving,Visual communication,Java,PHP,,,,Graphic Designer
HTML5,Python,Adobe Photoshop,video editing,C++,User Interface design,Graphic design,Typography,Visual communication,Problem Solving,PHP,Java,,,,Graphic Designer
Wireframing,HTML5,Prototyping,PHP,CSS3,Typography,Java,Javascript,Agile Development,Analytics,Interaction design,User Interface design,,,,UI Designer
video editing,Python,HTML5,C++,Adobe Photoshop,Visual communication,Graphic design,User Interface design,Problem Solving,Typography,Java,PHP,,,,Graphic Designer
CSS3,PHP,HTML5,Wireframing,Prototyping,Analytics,Agile Development,Java,Typography,Javascript,Interaction design,User Interface design,,,,UI Designer
Adobe Photoshop,Python,HTML5,C++,video editing,Typography,Graphic design,User Interface design,Problem Solving,Visual communication,PHP,Java,,,,Graphic Designer
Wireframing,PHP,CSS3,HTML5,Prototyping,Typography,Agile Development,Analytics,Java,Javascript,Interaction design,User Interface design,,,,UI Designer
Wireframing,PHP,HTML5,CSS3,Prototyping,Typography,Agile Development,Java,Analytics,Javascript,User Interface design,Interaction design,,,,UI Designer
Prototyping,CSS3,Wireframing,HTML5,PHP,Javascript,Analytics,Typography,Java,Agile Development,User Interface design,Interaction design,,,,UI Designer
C++,Python,video editing,HTML5,Adobe Photoshop,Problem Solving,Graphic design,Visual communication,User Interface design,Typography,Java,PHP,,,,Graphic Designer
C++,HTML5,Python,video editing,Adobe Photoshop,Problem Solving,User Interface design,Graphic design,Visual communication,Typography,Java,PHP,,,,Graphic Designer
C++,Adobe Photoshop,video editing,HTML5,Python,Problem Solving,Typography,Visual communication,User Interface design,Graphic design,PHP,Java,,,,Graphic Designer
PHP,HTML5,Prototyping,CSS3,Wireframing,Agile Development,Java,Javascript,Analytics,Typography,Interaction design,User Interface design,,,,UI Designer
Wireframing,PHP,CSS3,Prototyping,HTML5,Typography,Agile Development,Analytics,Javascript,Java,User Interface design,Interaction design,,,,UI Designer
Python,HTML5,C++,Adobe Photoshop,video editing,Graphic design,User Interface design,Problem Solving,Typography,Visual communication,Java,PHP,,,,Graphic Designer
Wireframing,CSS3,HTML5,PHP,Prototyping,Typography,Analytics,Java,Agile Development,Javascript,Interaction design,User Interface design,,,,UI Designer
CSS3,HTML5,Prototyping,Wireframing,PHP,Analytics,Java,Javascript,Typography,Agile Development,Interaction design,User Interface design,,,,UI Designer
C++,Python,HTML5,video editing,Adobe Photoshop,Problem Solving,Graphic design,User Interface design,Visual communication,Typography,PHP,Java,,,,Graphic Designer
HTML5,C++,video editing,Python,Adobe Photoshop,User Interface design,Problem Solving,Visual communication,Graphic design,Typography,Java,PHP,,,,Graphic Designer
C++,video editing,HTML5,Python,Adobe Photoshop,Problem Solving,Visual communication,User Interface design,Graphic design,Typography,Java,PHP,,,,Graphic Designer
HTML5,Python,video editing,C++,Adobe Photoshop,User Interface design,Graphic design,Visual communication,Problem Solving,Typography,PHP,Java,,,,Graphic Designer
Wireframing,CSS3,Prototyping,HTML5,PHP,Typography,Analytics,Javascript,Java,Agile Development,Interaction design,User Interface design,,,,UI Designer
HTML5,Wireframing,Prototyping,CSS3,PHP,Java,Typography,Javascript,Analytics,Agile Development,Interaction design,User Interface design,,,,UI Designer
C++,HTML5,video editing,Python,Adobe Photoshop,Problem Solving,User Interface design,Visual communication,Graphic design,Typography,PHP,Java,,,,Graphic Designer
Prototyping,PHP,Wireframing,HTML5,CSS3,Javascript,Agile Development,Typography,Java,Analytics,Interaction design,User Interface design,,,,UI Designer
Python,C++,Adobe Photoshop,video editing,HTML5,Graphic design,Problem Solving,Typography,Visual communication,User Interface design,PHP,Java,,,,Graphic Designer
HTML5,C++,Adobe Photoshop,Python,video editing,User Interface design,Problem Solving,Typography,Graphic design,Visual communication,PHP,Java,,,,Graphic Designer
video editing,Python,Adobe Photoshop,C++,HTML5,Visual communication,Graphic design,Typography,Problem Solving,User Interface design,PHP,Java,,,,Graphic Designer
HTML5,Adobe Photoshop,Python,video editing,C++,User Interface design,Typography,Graphic design,Visual communication,Problem Solving,Java,PHP,,,,Graphic Designer
video editing,C++,Python,Adobe Photoshop,HTML5,Visual communication,Problem Solving,Graphic design,Typography,User Interface design,PHP,Java,,,,Graphic Designer
Wireframing,CSS3,PHP,Prototyping,HTML5,Typography,Analytics,Agile Development,Javascript,Java,Interaction design,User Interface design,,,,UI Designer
HTML5,Python,C++,video editing,Adobe Photoshop,User Interface design,Graphic design,Problem Solving,Visual communication,Typography,Java,PHP,,,,Graphic Designer
CSS3,HTML5,PHP,Wireframing,Prototyping,Analytics,Java,Agile Development,Typography,Javascript,User Interface design,Interaction design,,,,UI Designer
PHP,CSS3,HTML5,Wireframing,Prototyping,Agile Development,Analytics,Java,Typography,Javascript,User Interface design,Interaction design,,,,UI Designer
video editing,C++,HTML5,Adobe Photoshop,Python,Visual communication,Problem Solving,User Interface design,Typography,Graphic design,Java,PHP,,,,Graphic Designer
Python,Adobe Photoshop,C++,HTML5,video editing,Graphic design,Typography,Problem Solving,User Interface design,Visual communication,PHP,Java,,,,Graphic Designer
C++,video editing,Adobe Photoshop,HTML5,Python,Problem Solving,Visual communication,Typography,User Interface design,Graphic design,Java,PHP,,,,Graphic Designer
C++,HTML5,Python,Adobe Photoshop,video editing,Problem Solving,User Interface design,Graphic design,Typography,Visual communication,PHP,Java,,,,Graphic Designer
HTML5,video editing,C++,Adobe Photoshop,Python,User Interface design,Visual communication,Problem Solving,Typography,Graphic design,Java,PHP,,,,Graphic Designer
HTML5,PHP,CSS3,Wireframing,Prototyping,Java,Agile Development,Analytics,Typography,Javascript,User Interface design,Interaction design,,,,UI Designer
C++,Python,Adobe Photoshop,video editing,HTML5,Problem Solving,Graphic design,Typography,Visual communication,User Interface design,Java,PHP,,,,Graphic Designer
HTML5,video editing,C++,Python,Adobe Photoshop,User Interface design,Visual communication,Problem Solving,Graphic design,Typography,PHP,Java,,,,Graphic Designer
CSS3,Prototyping,PHP,Wireframing,HTML5,Analytics,Javascript,Agile Development,Typography,Java,Interaction design,User Interface design,,,,UI Designer
video editing,HTML5,Python,Adobe Photoshop,C++,Visual communication,User Interface design,Graphic design,Typography,Problem Solving,Java,PHP,,,,Graphic Designer
PHP,CSS3,Wireframing,HTML5,Prototyping,Agile Development,Analytics,Typography,Java,Javascript,Interaction design,User Interface design,,,,UI Designer
Adobe Photoshop,HTML5,video editing,Python,C++,Typography,User Interface design,Visual communication,Graphic design,Problem Solving,Java,PHP,,,,Graphic Designer
HTML5,Prototyping,Wireframing,PHP,CSS3,Java,Javascript,Typography,Agile Development,Analytics,Interaction design,User Interface design,,,,UI Designer
CSS3,Wireframing,PHP,HTML5,Prototyping,Analytics,Typography,Agile Development,Java,Javascript,Interaction design,User Interface design,,,,UI Designer
PHP,HTML5,CSS3,Prototyping,Wireframing,Agile Development,Java,Analytics,Javascript,Typography,User Interface design,Interaction design,,,,UI Designer
Prototyping,PHP,CSS3,HTML5,Wireframing,Javascript,Agile Development,Analytics,Java,Typography,User Interface design,Interaction design,,,,UI Designer
HTML5,CSS3,Wireframing,Prototyping,PHP,Java,Analytics,Typography,Javascript,Agile Development,Interaction design,User Interface design,,,,UI Designer
HTML5,Prototyping,PHP,Wireframing,CSS3,Java,Javascript,Agile Development,Typography,Analytics,User Interface design,Interaction design,,,,UI Designer
video editing,C++,Python,HTML5,Adobe Photoshop,Visual communication,Problem Solving,Graphic design,User Interface design,Typography,Java,PHP,,,,Graphic Designer
PHP,HTML5,Wireframing,Prototyping,CSS3,Agile Development,Java,Typography,Javascript,Analytics,Interaction design,User Interface design,,,,UI Designer
HTML5,Python,C++,Adobe Photoshop,video editing,User Interface design,Graphic design,Problem Solving,Typography,Visual communication,PHP,Java,,,,Graphic Designer
HTML5,Prototyping,Wireframing,CSS3,PHP,Java,Javascript,Typography,Analytics,Agile Development,User Interface design,Interaction design,,,,UI Designer
CSS3,PHP,HTML5,Prototyping,Wireframing,Analytics,Agile Development,Java,Javascript,Typography,User Interface design,Interaction design,,,,UI Designer
PHP,Prototyping,CSS3,Wireframing,HTML5,Agile Development,Javascript,Analytics,Typography,Java,User Interface design,Interaction design,,,,UI Designer
video editing,Python,C++,Adobe Photoshop,HTML5,Visual communication,Graphic design,Problem Solving,Typography,User Interface design,Java,PHP,,,,Graphic Designer
PHP,Prototyping,Wireframing,CSS3,HTML5,Agile Development,Javascript,Typography,Analytics,Java,Interaction design,User Interface design,,,,UI Designer
Adobe Photoshop,HTML5,C++,Python,video editing,Typography,User Interface design,Problem Solving,Graphic design,Visual communication,PHP,Java,,,,Graphic Designer
Wireframing,HTML5,PHP,CSS3,Prototyping,Typography,Java,Agile Development,Analytics,Javascript,Interaction design,User Interface design,,,,UI Designer
HTML5,CSS3,Prototyping,Wireframing,PHP,Java,Analytics,Javascript,Typography,Agile Development,User Interface design,Interaction design,,,,UI Designer
Python,video editing,HTML5,Adobe Photoshop,C++,Graphic design,Visual communication,User Interface design,Typography,Problem Solving,Java,PHP,,,,Graphic Designer
Wireframing,Prototyping,PHP,CSS3,HTML5,Typography,Javascript,Agile Development,Analytics,Java,User Interface design,Interaction design,,,,UI Designer
HTML5,Adobe Photoshop,C++,Python,video editing,User Interface design,Typography,Problem Solving,Graphic design,Visual communication,Java,PHP,,,,Graphic Designer
PHP,Prototyping,HTML5,CSS3,Wireframing,Agile Development,Javascript,Java,Analytics,Typography,User Interface design,Interaction design,,,,UI Designer
HTML5,C++,Python,video editing,Adobe Photoshop,User Interface design,Problem Solving,Graphic design,Visual communication,Typography,PHP,Java,,,,Graphic Designer
HTML5,PHP,Wireframing,Prototyping,CSS3,Java,Agile Development,Typography,Javascript,Analytics,User Interface design,Interaction design,,,,UI Designer
video editing,C++,Adobe Photoshop,Python,HTML5,Visual communication,Problem Solving,Typography,Graphic design,User Interface design,Java,PHP,,,,Graphic Designer
Adobe Photoshop,HTML5,Python,video editing,C++,Typography,User Interface design,Graphic design,Visual communication,Problem Solving,PHP,Java,,,,Graphic Designer
Wireframing,Prototyping,CSS3,HTML5,PHP,Typography,Javascript,Analytics,Java,Agile Development,User Interface design,Interaction design,,,,UI Designer
Python,video editing,C++,Adobe Photoshop,HTML5,Graphic design,Visual communication,Problem Solving,Typography,User Interface design,PHP,Java,,,,Graphic Designer
C++,Adobe Photoshop,HTML5,video editing,Python,Problem Solving,Typography,User Interface design,Visual communication,Graphic design,Java,PHP,,,,Graphic Designer
video editing,HTML5,Python,C++,Adobe Photoshop,Visual communication,User Interface design,Graphic design,Problem Solving,Typography,PHP,Java,,,,Graphic Designer
CSS3,PHP,Prototyping,Wireframing,HTML5,Analytics,Agile Development,Javascript,Typography,Java,User Interface design,Interaction design,,,,UI Designer
PHP,Wireframing,HTML5,Prototyping,CSS3,Agile Development,Typography,Java,Javascript,Analytics,User Interface design,Interaction design,,,,UI Designer
Wireframing,Prototyping,CSS3,PHP,HTML5,Typography,Javascript,Analytics,Agile Development,Java,Interaction design,User Interface design,,,,UI Designer
PHP,HTML5,CSS3,Wireframing,Prototyping,Agile Development,Java,Analytics,Typography,Javascript,Interaction design,User Interface design,,,,UI Designer
Python,C++,video editing,Adobe Photoshop,HTML5,Graphic design,Problem Solving,Visual communication,Typography,User Interface design,Java,PHP,,,,Graphic Designer
Python,C++,video editing,HTML5,Adobe Photoshop,Graphic design,Problem Solving,Visual communication,User Interface design,Typography,PHP,Java,,,,Graphic Designer
Prototyping,CSS3,HTML5,Wireframing,PHP,Javascript,Analytics,Java,Typography,Agile Development,Interaction design,User Interface design,,,,UI Designer
HTML5,Python,Adobe Photoshop,C++,video editing,User Interface design,Graphic design,Typography,Problem Solving,Visual communication,Java,PHP,,,,Graphic Designer
Prototyping,Wireframing,CSS3,HTML5,PHP,Javascript,Typography,Analytics,Java,Agile Development,Interaction design,User Interface design,,,,UI Designer
Prototyping,HTML5,PHP,CSS3,Wireframing,Javascript,Java,Agile Development,Analytics,Typography,User Interface design,Interaction design,,,,UI Designer
C++,Python,HTML5,Adobe Photoshop,video editing,Problem Solving,Graphic design,User Interface design,Typography,Visual communication,Java,PHP,,,,Graphic Designer
Adobe Photoshop,HTML5,video editing,C++,Python,Typography,User Interface design,Visual communication,Problem Solving,Graphic design,PHP,Java,,,,Graphic Designer
HTML5,CSS3,Prototyping,PHP,Wireframing,Java,Analytics,Javascript,Agile Development,Typography,Interaction design,User Interface design,,,,UI Designer
C++,Python,Adobe Photoshop,HTML5,video editing,Problem Solving,Graphic design,Typography,User Interface design,Visual communication,PHP,Java,,,,Graphic Designer
Prototyping,PHP,CSS3,Wireframing,HTML5,Javascript,Agile Development,Analytics,Typography,Java,Interaction design,User Interface design,,,,UI Designer
Wireframing,PHP,HTML5,Prototyping,CSS3,Typography,Agile Development,Java,Javascript,Analytics,Interaction design,User Interface design,,,,UI Designer
CSS3,PHP,Prototyping,HTML5,Wireframing,Analytics,Agile Development,Javascript,Java,Typography,Interaction design,User Interface design,,,,UI Designer
Python,video editing,HTML5,C++,Adobe Photoshop,Graphic design,Visual communication,User Interface design,Problem Solving,Typography,PHP,Java,,,,Graphic Designer
Adobe Photoshop,video editing,C++,HTML5,Python,Typography,Visual communication,Problem Solving,User Interface design,Graphic design,PHP,Java,,,,Graphic Designer
PHP,Wireframing,CSS3,Prototyping,HTML5,Agile Development,Typography,Analytics,Javascript,Java,Interaction design,User Interface design,,,,UI Designer
Prototyping,HTML5,CSS3,PHP,Wireframing,Javascript,Java,Analytics,Agile Development,Typography,Interaction design,User Interface design,,,,UI Designer
Python,C++,Adobe Photoshop,HTML5,video editing,Graphic design,Problem Solving,Typography,User Interface design,Visual communication,Java,PHP,,,,Graphic Designer
Prototyping,Wireframing,HTML5,CSS3,PHP,Javascript,Typography,Java,Analytics,Agile Development,User Interface design,Interaction design,,,,UI Designer
Wireframing,HTML5,Prototyping,CSS3,PHP,Typography,Java,Javascript,Analytics,Agile Development,User Interface design,Interaction design,,,,UI Designer
HTML5,C++,video editing,Adobe Photoshop,Python,User Interface design,Problem Solving,Visual communication,Typography,Graphic design,PHP,Java,,,,Graphic Designer
Prototyping,HTML5,CSS3,Wireframing,PHP,Javascript,Java,Analytics,Typography,Agile Development,User Interface design,Interaction design,,,,UI Designer
HTML5,C++,Adobe Photoshop,video editing,Python,User Interface design,Problem Solving,Typography,Visual communication,Graphic design,Java,PHP,,,,Graphic Designer
HTML5,C++,Python,Adobe Photoshop,video editing,User Interface design,Problem Solving,Graphic design,Typography,Visual communication,Java,PHP,,,,Graphic Designer
Wireframing,CSS3,Prototyping,PHP,HTML5,Typography,Analytics,Javascript,Agile Development,Java,User Interface design,Interaction design,,,,UI Designer
HTML5,Prototyping,PHP,CSS3,Wireframing,Java,Javascript,Agile Development,Analytics,Typography,Interaction design,User Interface design,,,,UI Designer
Python,Adobe Photoshop,C++,video editing,HTML5,Graphic design,Typography,Problem Solving,Visual communication,User Interface design,Java,PHP,,,,Graphic Designer
Adobe Photoshop,video editing,HTML5,Python,C++,Typography,Visual communication,User Interface design,Graphic design,Problem Solving,PHP,Java,,,,Graphic Designer
Prototyping,PHP,HTML5,Wireframing,CSS3,Javascript,Agile Development,Java,Typography,Analytics,User Interface design,Interaction design,,,,UI Designer
Prototyping,PHP,Wireframing,CSS3,HTML5,Javascript,Agile Development,Typography,Analytics,Java,User Interface design,Interaction design,,,,UI Designer
Prototyping,CSS3,PHP,Wireframing,HTML5,Javascript,Analytics,Agile Development,Typography,Java,User Interface design,Interaction design,,,,UI Designer
video editing,HTML5,C++,Python,Adobe Photoshop,Visual communication,User Interface design,Problem Solving,Graphic design,Typography,Java,PHP,,,,Graphic Designer
video editing,Adobe Photoshop,HTML5,C++,Python,Visual communication,Typography,User Interface design,Problem Solving,Graphic design,PHP,Java,,,,Graphic Designer
Adobe Photoshop,Python,video editing,HTML5,C++,Typography,Graphic design,Visual communication,User Interface design,Problem Solving,PHP,Java,,,,Graphic Designer
Python,Adobe Photoshop,video editing,HTML5,C++,Graphic design,Typography,Visual communication,User Interface design,Problem Solving,Java,PHP,,,,Graphic Designer
video editing,HTML5,Adobe Photoshop,C++,Python,Visual communication,User Interface design,Typography,Problem Solving,Graphic design,Java,PHP,,,,Graphic Designer
C++,HTML5,video editing,Adobe Photoshop,Python,Problem Solving,User Interface design,Visual communication,Typography,Graphic design,Java,PHP,,,,Graphic Designer
HTML5,PHP,Wireframing,CSS3,Prototyping,Java,Agile Development,Typography,Analytics,Javascript,Interaction design,User Interface design,,,,UI Designer
PHP,CSS3,Prototyping,HTML5,Wireframing,Agile Development,Analytics,Javascript,Java,Typography,User Interface design,Interaction design,,,,UI Designer
Adobe Photoshop,C++,HTML5,video editing,Python,Typography,Problem Solving,User Interface design,Visual communication,Graphic design,PHP,Java,,,,Graphic Designer
video editing,Python,C++,HTML5,Adobe Photoshop,Visual communication,Graphic design,Problem Solving,User Interface design,Typography,PHP,Java,,,,Graphic Designer
C++,HTML5,Adobe Photoshop,Python,video editing,Problem Solving,User Interface design,Typography,Graphic design,Visual communication,Java,PHP,,,,Graphic Designer
video editing,Python,HTML5,Adobe Photoshop,C++,Visual communication,Graphic design,User Interface design,Typography,Problem Solving,PHP,Java,,,,Graphic Designer
PHP,HTML5,Prototyping,Wireframing,CSS3,Agile Development,Java,Javascript,Typography,Analytics,User Interface design,Interaction design,,,,UI Designer
HTML5,Adobe Photoshop,video editing,Python,C++,User Interface design,Typography,Visual communication,Graphic design,Problem Solving,PHP,Java,,,,Graphic Designer
HTML5,Wireframing,CSS3,PHP,Prototyping,Java,Typography,Analytics,Agile Development,Javascript,Interaction design,User Interface design,,,,UI Designer
Python,HTML5,Adobe Photoshop,C++,video editing,Graphic design,User Interface design,Typography,Problem Solving,Visual communication,PHP,Java,,,,Graphic Designer
HTML5,Wireframing,PHP,Prototyping,CSS3,Java,Typography,Agile Development,Javascript,Analytics,Interaction design,User Interface design,,,,UI Designer
video editing,Python,Adobe Photoshop,HTML5,C++,Visual communication,Graphic design,Typography,User Interface design,Problem Solving,Java,PHP,,,,Graphic Designer
HTML5,Adobe Photoshop,Python,C++,video editing,User Interface design,Typography,Graphic design,Problem Solving,Visual communication,PHP,Java,,,,Graphic Designer
Adobe Photoshop,C++,video editing,Python,HTML5,Typography,Problem Solving,Visual communication,Graphic design,User Interface design,PHP,Java,,,,Graphic Designer
CSS3,HTML5,Wireframing,PHP,Prototyping,Analytics,Java,Typography,Agile Development,Javascript,Interaction design,User Interface design,,,,UI Designer
Adobe Photoshop,Python,C++,HTML5,video editing,Typography,Graphic design,Problem Solving,User Interface design,Visual communication,Java,PHP,,,,Graphic Designer
Python,C++,HTML5,video editing,Adobe Photoshop,Graphic design,Problem Solving,User Interface design,Visual communication,Typography,Java,PHP,,,,Graphic Designer
Prototyping,Wireframing,HTML5,PHP,CSS3,Javascript,Typography,Java,Agile Development,Analytics,Interaction design,User Interface design,,,,UI Designer
Prototyping,Wireframing,CSS3,PHP,HTML5,Javascript,Typography,Analytics,Agile Development,Java,User Interface design,Interaction design,,,,UI Designer
CSS3,PHP,Wireframing,HTML5,Prototyping,Analytics,Agile Development,Typography,Java,Javascript,User Interface design,Interaction design,,,,UI Designer
Adobe Photoshop,C++,Python,HTML5,video editing,Typography,Problem Solving,Graphic design,User Interface design,Visual communication,PHP,Java,,,,Graphic Designer
Python,HTML5,video editing,Adobe Photoshop,C++,Graphic design,User Interface design,Visual communication,Typography,Problem Solving,PHP,Java,,,,Graphic Designer
Wireframing,HTML5,PHP,Prototyping,CSS3,Typography,Java,Agile Development,Javascript,Analytics,User Interface design,Interaction design,,,,UI Designer
PHP,Wireframing,Prototyping,CSS3,HTML5,Agile Development,Typography,Javascript,Analytics,Java,User Interface design,Interaction design,,,,UI Designer
CSS3,Wireframing,HTML5,Prototyping,PHP,Analytics,Typography,Java,Javascript,Agile Development,Interaction design,User Interface design,,,,UI Designer
HTML5,CSS3,PHP,Wireframing,Prototyping,Java,Analytics,Agile Development,Typography,Javascript,Interaction design,User Interface design,,,,UI Designer
Python,Adobe Photoshop,HTML5,C++,video editing,Graphic design,Typography,User Interface design,Problem Solving,Visual communication,Java,PHP,,,,Graphic Designer
HTML5,PHP,Prototyping,Wireframing,CSS3,Java,Agile Development,Javascript,Typography,Analytics,Interaction design,User Interface design,,,,UI Designer
PHP,CSS3,Wireframing,Prototyping,HTML5,Agile Development,Analytics,Typography,Javascript,Java,User Interface design,Interaction design,,,,UI Designer
CSS3,Prototyping,PHP,HTML5,Wireframing,Analytics,Javascript,Agile Development,Java,Typography,User Interface design,Interaction design,,,,UI Designer
PHP,Prototyping,Wireframing,HTML5,CSS3,Agile Development,Javascript,Typography,Java,Analytics,User Interface design,Interaction design,,,,UI Designer
Python,video editing,Adobe Photoshop,HTML5,C++,Graphic design,Visual communication,Typography,User Interface design,Problem Solving,PHP,Java,,,,Graphic Designer
video editing,Adobe Photoshop,Python,HTML5,C++,Visual communication,Typography,Graphic design,User Interface design,Problem Solving,PHP,Java,,,,Graphic Designer
video editing,C++,HTML5,Python,Adobe Photoshop,Visual communication,Problem Solving,User Interface design,Graphic design,Typography,PHP,Java,,,,Graphic Designer
Wireframing,Prototyping,PHP,HTML5,CSS3,Typography,Javascript,Agile Development,Java,Analytics,Interaction design,User Interface design,,,,UI Designer
Wireframing,HTML5,CSS3,PHP,Prototyping,Typography,Java,Analytics,Agile Development,Javascript,User Interface design,Interaction design,,,,UI Designer
PHP,Prototyping,HTML5,Wireframing,CSS3,Agile Development,Javascript,Java,Typography,Analytics,Interaction design,User Interface design,,,,UI Designer
Adobe Photoshop,C++,Python,video editing,HTML5,Typography,Problem Solving,Graphic design,Visual communication,User Interface design,Java,PHP,,,,Graphic Designer
video editing,Adobe Photoshop,Python,C++,HTML5,Visual communication,Typography,Graphic design,Problem Solving,User Interface design,Java,PHP,,,,Graphic Designer
C++,video editing,Python,Adobe Photoshop,HTML5,Problem Solving,Visual communication,Graphic design,Typography,User Interface design,Java,PHP,,,,Graphic Designer
CSS3,Wireframing,HTML5,PHP,Prototyping,Analytics,Typography,Java,Agile Development,Javascript,User Interface design,Interaction design,,,,UI Designer
PHP,HTML5,Wireframing,CSS3,Prototyping,Agile Development,Java,Typography,Analytics,Javascript,User Interface design,Interaction design,,,,UI Designer
HTML5,PHP,Prototyping,CSS3,Wireframing,Java,Agile Development,Javascript,Analytics,Typography,User Interface design,Interaction design,,,,UI Designer
Wireframing,CSS3,PHP,HTML5,Prototyping,Typography,Analytics,Agile Development,Java,Javascript,User Interface design,Interaction design,,,,UI Designer
Prototyping,PHP,HTML5,CSS3,Wireframing,Javascript,Agile Development,Java,Analytics,Typography,Interaction design,User Interface design,,,,UI Designer
Python,HTML5,C++,video editing,Adobe Photoshop,Graphic design,User Interface design,Problem Solving,Visual communication,Typography,PHP,Java,,,,Graphic Designer
HTML5,Adobe Photoshop,video editing,C++,Python,User Interface design,Typography,Visual communication,Problem Solving,Graphic design,Java,PHP,,,,Graphic Designer
CSS3,Prototyping,Wireframing,HTML5,PHP,Analytics,Javascript,Typography,Java,Agile Development,Interaction design,User Interface design,,,,UI Designer
Wireframing,CSS3,HTML5,Prototyping,PHP,Typography,Analytics,Java,Javascript,Agile Development,User Interface design,Interaction design,,,,UI Designer
Prototyping,HTML5,Wireframing,CSS3,PHP,Javascript,Java,Typography,Analytics,Agile Development,Interaction design,User Interface design,,,,UI Designer
video editing,Adobe Photoshop,HTML5,Python,C++,Visual communication,Typography,User Interface design,Graphic design,Problem Solving,Java,PHP,,,,Graphic Designer
Python,Adobe Photoshop,video editing,C++,HTML5,Graphic design,Typography,Visual communication,Problem Solving,User Interface design,PHP,Java,,,,Graphic Designer
C++,Adobe Photoshop,video editing,Python,HTML5,Problem Solving,Typography,Visual communication,Graphic design,User Interface design,Java,PHP,,,,Graphic Designer
Wireframing,PHP,Prototyping,CSS3,HTML5,Typography,Agile Development,Javascript,Analytics,Java,Interaction design,User Interface design,,,,UI Designer
Python,HTML5,Adobe Photoshop,video editing,C++,Graphic design,User Interface design,Typography,Visual communication,Problem Solving,Java,PHP,,,,Graphic Designer
Wireframing,HTML5,CSS3,Prototyping,PHP,Typography,Java,Analytics,Javascript,Agile Development,Interaction design,User Interface design,,,,UI Designer
HTML5,video editing,Python,Adobe Photoshop,C++,User Interface design,Visual communication,Graphic design,Typography,Problem Solving,PHP,Java,,,,Graphic Designer
C++,video editing,Python,HTML5,Adobe Photoshop,Problem Solving,Visual communication,Graphic design,User Interface design,Typography,PHP,Java,,,,Graphic Designer
Adobe Photoshop,C++,HTML5,Python,video editing,Typography,Problem Solving,User Interface design,Graphic design,Visual communication,Java,PHP,,,,Graphic Designer
C++,HTML5,Adobe Photoshop,video editing,Python,Problem Solving,User Interface design,Typography,Visual communication,Graphic design,PHP,Java,,,,Graphic Designer
Adobe Photoshop,Python,video editing,C++,HTML5,Typography,Graphic design,Visual communication,Problem Solving,User Interface design,Java,PHP,,,,Graphic Designer
HTML5,Wireframing,Prototyping,PHP,CSS3,Java,Typography,Javascript,Agile Development,Analytics,User Interface design,Interaction design,,,,UI Designer
HTML5,Python,video editing,Adobe Photoshop,C++,User Interface design,Graphic design,Visual communication,Typography,Problem Solving,Java,PHP,,,,Graphic Designer
Adobe Photoshop,video editing,C++,Python,HTML5,Typography,Visual communication,Problem Solving,Graphic design,User Interface design,Java,PHP,,,,Graphic Designer
Adobe Photoshop,HTML5,C++,video editing,Python,Typography,User Interface design,Problem Solving,Visual communication,Graphic design,Java,PHP,,,,Graphic Designer
CSS3,Prototyping,HTML5,Wireframing,PHP,Analytics,Javascript,Java,Typography,Agile Development,User Interface design,Interaction design,,,,UI Designer
HTML5,video editing,Python,C++,Adobe Photoshop,User Interface design,Visual communication,Graphic design,Problem Solving,Typography,Java,PHP,,,,Graphic Designer
HTML5,CSS3,PHP,Prototyping,Wireframing,Java,Analytics,Agile Development,Javascript,Typography,User Interface design,Interaction design,,,,UI Designer
PHP,Prototyping,CSS3,HTML5,Wireframing,Agile Development,Javascript,Analytics,Java,Typography,Interaction design,User Interface design,,,,UI Designer
Wireframing,Prototyping,HTML5,PHP,CSS3,Typography,Javascript,Java,Agile Development,Analytics,User Interface design,Interaction design,,,,UI Designer
HTML5,video editing,Adobe Photoshop,C++,Python,User Interface design,Visual communication,Typography,Problem Solving,Graphic design,PHP,Java,,,,Graphic Designer
CSS3,Prototyping,Wireframing,PHP,HTML5,Analytics,Javascript,Typography,Agile Development,Java,User Interface design,Interaction design,,,,UI Designer
HTML5,PHP,CSS3,Prototyping,Wireframing,Java,Agile Development,Analytics,Javascript,Typography,Interaction design,User Interface design,,,,UI Designer
C++,video editing,Adobe Photoshop,Python,HTML5,Problem Solving,Visual communication,Typography,Graphic design,User Interface design,PHP,Java,,,,Graphic Designer
Wireframing,Prototyping,HTML5,CSS3,PHP,Typography,Javascript,Java,Analytics,Agile Development,Interaction design,User Interface design,,,,UI Designer
Prototyping,Wireframing,PHP,HTML5,CSS3,Javascript,Typography,Agile Development,Java,Analytics,User Interface design,Interaction design,,,,UI Designer
Prototyping,CSS3,HTML5,PHP,Wireframing,Javascript,Analytics,Java,Agile Development,Typography,User Interface design,Interaction design,,,,UI Designer
CSS3,HTML5,Prototyping,PHP,Wireframing,Analytics,Java,Javascript,Agile Development,Typography,User Interface design,Interaction design,,,,UI Designer
C++,Python,video editing,Adobe Photoshop,HTML5,Problem Solving,Graphic design,Visual communication,Typography,User Interface design,PHP,Java,,,,Graphic Designer
video editing,Adobe Photoshop,C++,HTML5,Python,Visual communication,Typography,Problem Solving,User Interface design,Graphic design,Java,PHP,,,,Graphic Designer
HTML5,CSS3,Wireframing,PHP,Prototyping,Java,Analytics,Typography,Agile Development,Javascript,User Interface design,Interaction design,,,,UI Designer
Prototyping,CSS3,PHP,HTML5,Wireframing,Javascript,Analytics,Agile Development,Java,Typography,Interaction design,User Interface design,,,,UI Designer
PHP,Wireframing,HTML5,CSS3,Prototyping,Agile Development,Typography,Java,Analytics,Javascript,Interaction design,User Interface design,,,,UI Designer
PHP,CSS3,HTML5,Prototyping,Wireframing,Agile Development,Analytics,Java,Javascript,Typography,Interaction design,User Interface design,,,,UI Designer
HTML5,Adobe Photoshop,C++,video editing,Python,User Interface design,Typography,Problem Solving,Visual communication,Graphic design,PHP,Java,,,,Graphic Designer
CSS3,Wireframing,Prototyping,HTML5,PHP,Analytics,Typography,Javascript,Java,Agile Development,User Interface design,Interaction design,,,,UI Designer
PHP,Wireframing,CSS3,HTML5,Prototyping,Agile Development,Typography,Analytics,Java,Javascript,User Interface design,Interaction design,,,,UI Designer
C++,Adobe Photoshop,HTML5,Python,video editing,Problem Solving,Typography,User Interface design,Graphic design,Visual communication,PHP,Java,,,,Graphic Designer
PHP,Wireframing,Prototyping,HTML5,CSS3,Agile Development,Typography,Javascript,Java,Analytics,Interaction design,User Interface design,,,,UI Designer
Python,video editing,Adobe Photoshop,C++,HTML5,Graphic design,Visual communication,Typography,Problem Solving,User Interface design,Java,PHP,,,,Graphic Designer
HTML5,Wireframing,PHP,CSS3,Prototyping,Java,Typography,Agile Development,Analytics,Javascript,User Interface design,Interaction design,,,,UI Designer
PHP,CSS3,Prototyping,Wireframing,HTML5,Agile Development,Analytics,Javascript,Typography,Java,Interaction design,User Interface design,,,,UI Designer
Prototyping,HTML5,PHP,Wireframing,CSS3,Javascript,Java,Agile Development,Typography,Analytics,Interaction design,User Interface design,,,,UI Designer
CSS3,HTML5,Wireframing,Prototyping,PHP,Analytics,Java,Typography,Javascript,Agile Development,User Interface design,Interaction design,,,,UI Designer
Adobe Photoshop,Python,C++,video editing,HTML5,Typography,Graphic design,Problem Solving,Visual communication,User Interface design,PHP,Java,,,,Graphic Designer
Adobe Photoshop,video editing,HTML5,C++,Python,Typography,Visual communication,User Interface design,Problem Solving,Graphic design,Java,PHP,,,,Graphic Designer
HTML5,Wireframing,CSS3,Prototyping,PHP,Java,Typography,Analytics,Javascript,Agile Development,User Interface design,Interaction design,,,,UI Designer
CSS3,HTML5,PHP,Prototyping,Wireframing,Analytics,Java,Agile Development,Javascript,Typography,Interaction design,User Interface design,,,,UI Designer
C++,Adobe Photoshop,Python,HTML5,video editing,Problem Solving,Typography,Graphic design,User Interface design,Visual communication,Java,PHP,,,,Graphic Designer
Prototyping,HTML5,Wireframing,PHP,CSS3,Javascript,Java,Typography,Agile Development,Analytics,User Interface design,Interaction design,,,,UI Designer
CSS3,PHP,Wireframing,Prototyping,HTML5,Analytics,Agile Development,Typography,Javascript,Java,Interaction design,User Interface design,,,,UI Designer
C++,video editing,HTML5,Adobe Photoshop,Python,Problem Solving,Visual communication,User Interface design,Typography,Graphic design,PHP,Java,,,,Graphic Designer
Python,video editing,C++,HTML5,Adobe Photoshop,Graphic design,Visual communication,Problem Solving,User Interface design,Typography,Java,PHP,,,,Graphic Designer
Wireframing,PHP,Prototyping,HTML5,CSS3,Typography,Agile Development,Javascript,Java,Analytics,User Interface design,Interaction design,,,,UI Designer
HTML5,Prototyping,CSS3,PHP,Wireframing,Java,Javascript,Analytics,Agile Development,Typography,User Interface design,Interaction design,,,,UI Designer
HTML5,video editing,Adobe Photoshop,Python,C++,User Interface design,Visual communication,Typography,Graphic design,Problem Solving,Java,PHP,,,,Graphic Designer
CSS3,Wireframing,Prototyping,PHP,HTML5,Analytics,Typography,Javascript,Agile Development,Java,Interaction design,User Interface design,,,,UI Designer
video editing,Adobe Photoshop,C++,Python,HTML5,Visual communication,Typography,Problem Solving,Graphic design,User Interface design,PHP,Java,,,,Graphic Designer
Adobe Photoshop,C++,video editing,HTML5,Python,Typography,Problem Solving,Visual communication,User Interface design,Graphic design,Java,PHP,,,,Graphic Designer
